row,sample_id,predicted_class_index,predicted_polarity,full_predicted_class_logit,full_intensity,donor_text_row,Delta_cls_text,Delta_reg_text,donor_audio_row,Delta_cls_audio,Delta_reg_audio,donor_vision_row,Delta_cls_vision,Delta_reg_vision,dominant_modality_cls,dominant_modality_reg,Delta_cls_audio_vision_joint,Delta_reg_audio_vision_joint
0,-UacrmKiTn4$_$7,2,Positive,0.9568723440170288,0.5289341807365417,378,1.560807704925537,0.7828459143638611,105,0.010180115699768066,0.04762899875640869,613,0.030398130416870117,0.023050010204315186,text,text,0.04043257236480713,0.0684044361114502
1,-qDkUB0GgYY$_$5,2,Positive,0.30525094270706177,0.2871183753013611,224,0.104169100522995,0.14448346197605133,713,-0.2027265429496765,0.04694584012031555,219,0.21352720260620117,0.1358276903629303,vision,text,0.02031123638153076,0.17650866508483887
2,0utROiKxejc$_$1,1,Neutral,-0.10054373741149902,-0.06454619020223618,526,0.428804874420166,0.8493395447731018,325,0.06544144451618195,0.03130591660737991,389,0.0907965749502182,0.09616823494434357,text,text,0.16558507084846497,0.07748515158891678
3,0utROiKxejc$_$4,0,Negative,1.829534649848938,-1.233696460723877,715,3.270965337753296,1.6162965297698975,584,0.25701308250427246,0.12894511222839355,281,0.03954625129699707,0.020296812057495117,text,text,0.27812719345092773,0.13669562339782715
4,0y022OlZ3W0$_$3,2,Positive,1.0321093797683716,0.7270128726959229,464,0.5193331837654114,0.4520437717437744,688,-0.05428910255432129,0.029134035110473633,36,-0.4141122102737427,0.3763648271560669,text,text,-0.46741580963134766,0.3283342123031616
5,0y022OlZ3W0$_$5,0,Negative,1.2949063777923584,-0.7913051247596741,527,0.6649307608604431,0.5401144623756409,588,-0.000817418098449707,0.03520166873931885,44,-0.022690176963806152,0.02593928575515747,text,text,-0.020679473876953125,0.05886942148208618
6,0y022OlZ3W0$_$8,2,Positive,0.3508298993110657,0.0791177749633789,399,0.40837863087654114,0.08028354495763779,575,0.050691187381744385,0.0415661558508873,492,-0.059991657733917236,0.018066726624965668,text,text,-0.010991692543029785,0.018396057188510895
7,101787$_$11,0,Negative,0.17715367674827576,-0.14160369336605072,105,0.5552856922149658,0.08827580511569977,657,0.3041006922721863,0.014199718832969666,654,0.03962203860282898,0.0290943905711174,text,text,0.3546963632106781,0.013116329908370972
8,101787$_$13,0,Negative,1.050621509552002,-0.5514801144599915,626,2.276721954345703,0.9783828854560852,674,0.3135008215904236,0.24725624918937683,194,0.053998708724975586,0.10856091976165771,text,text,0.3834208846092224,0.38111722469329834
9,101787$_$1,1,Neutral,0.25155970454216003,-0.2566184997558594,717,0.8807327747344971,0.1911754012107849,551,-0.24899306893348694,0.0454883873462677,51,-0.0337119996547699,0.023442402482032776,text,text,-0.27718427777290344,0.022330045700073242
10,101787$_$5,0,Negative,1.3965622186660767,-0.9919699430465698,284,2.1610615253448486,1.0484405755996704,304,0.3203890323638916,0.24010515213012695,602,-0.1121671199798584,0.11251020431518555,text,text,0.19668185710906982,0.11600780487060547
11,101787$_$7,2,Positive,1.0329350233078003,1.1496267318725586,60,2.363085985183716,2.7924933433532715,362,-0.28201568126678467,0.18695318698883057,444,0.003544926643371582,0.011446714401245117,text,text,-0.27998220920562744,0.17733335494995117
12,101787$_$9,0,Negative,0.1552024781703949,-0.2219686508178711,590,1.1079764366149902,0.4775816798210144,289,0.13087576627731323,0.0028246939182281494,300,-0.0611150860786438,0.04215216636657715,text,text,0.07276664674282074,0.04262980818748474
13,102408$_$2,1,Neutral,0.31018877029418945,-0.32011693716049194,301,0.7041313648223877,0.08085587620735168,78,0.25953298807144165,0.040442198514938354,284,-0.01606568694114685,0.014618396759033203,text,text,0.2544691860675812,0.04775547981262207
14,102408$_$5,2,Positive,0.9589880704879761,0.884830892086029,88,1.6715075969696045,1.9670546054840088,119,0.44304966926574707,0.33340901136398315,484,0.6722879409790039,0.5828163027763367,text,text,1.0818886756896973,0.9304523468017578
15,102408$_$9,0,Negative,0.9545610547065735,-0.7666574716567993,367,3.749976634979248,2.30081844329834,507,-0.5390134453773499,0.22286367416381836,146,-0.13773185014724731,0.11893808841705322,text,text,-0.6950355172157288,0.36355865001678467
16,102858$_$20,0,Negative,0.5749831199645996,-0.14583566784858704,400,-0.27222681045532227,0.30895254015922546,223,-0.1905016303062439,0.2011350691318512,581,0.1949714720249176,0.23000788688659668,vision,text,-0.012672662734985352,0.009530335664749146
17,102858$_$21,0,Negative,1.5085793733596802,-1.0632100105285645,514,2.332029342651367,1.6026570796966553,565,-0.11627781391143799,0.11880612373352051,702,0.02701270580291748,0.019329309463500977,text,text,-0.09011471271514893,0.10007226467132568
18,102858$_$1,2,Positive,0.3802519738674164,0.3237868845462799,562,0.8366612195968628,0.654163122177124,213,-0.15088501572608948,0.08960095047950745,72,0.1619354784488678,0.12748722732067108,text,text,0.02200978994369507,0.04575294256210327
19,102858$_$0,2,Positive,0.44121092557907104,0.3043273389339447,663,0.7563142776489258,0.5640801191329956,715,0.15732920169830322,0.1265682727098465,111,0.04996621608734131,0.04460820555686951,text,text,0.2056238055229187,0.16873615980148315
20,102858$_$4,2,Positive,0.9413081407546997,0.9069536924362183,372,0.46046435832977295,0.49896085262298584,320,-0.3309366703033447,0.19988024234771729,695,0.12632179260253906,0.034062206745147705,text,text,-0.1856088638305664,0.15154457092285156
21,102858$_$6,0,Negative,0.6821533441543579,-0.4248257875442505,239,2.1468610763549805,0.6957967281341553,310,0.33880048990249634,0.12035125494003296,373,0.05304759740829468,0.13851171731948853,text,text,0.36915403604507446,0.24092483520507812
22,102858$_$10,2,Positive,0.9043242931365967,1.0773245096206665,136,0.38411402702331543,0.547609269618988,104,0.08478927612304688,0.1470118761062622,290,0.019637644290924072,0.026743412017822266,text,text,0.10336363315582275,0.1716328263282776
23,102858$_$17,0,Negative,0.23160558938980103,-0.34629330039024353,96,1.3923227787017822,0.4772290587425232,476,0.15284661948680878,0.03469601273536682,126,-0.05192530155181885,0.027873188257217407,text,text,0.09609046578407288,0.011045724153518677
24,102858$_$19,1,Neutral,0.29818281531333923,-0.013491258025169373,669,0.2118450403213501,0.24253197014331818,567,-0.04922783374786377,0.005808139219880104,132,0.04072326421737671,0.0017992295324802399,text,text,-0.008341372013092041,0.002926887944340706
25,112433$_$10,1,Neutral,0.317916601896286,-0.13269373774528503,643,1.0180684328079224,1.1731288433074951,211,0.11177617311477661,0.08604089915752411,524,0.20933443307876587,0.16483186185359955,text,text,0.40144336223602295,0.33041176199913025
26,112433$_$3,0,Negative,0.24415722489356995,-0.13771241903305054,324,1.7483656406402588,0.7311294674873352,122,-0.03547251224517822,0.05361619591712952,328,0.027990370988845825,0.005815446376800537,text,text,-0.010761052370071411,0.04103389382362366
27,112433$_$7,0,Negative,0.4579687714576721,-0.19375361502170563,421,1.6358561515808105,0.3102293610572815,512,0.3017335832118988,0.2565825879573822,17,-0.045205116271972656,0.07999195158481598,text,text,0.2427806556224823,0.14982843399047852
28,112433$_$6,0,Negative,1.1918787956237793,-0.9037618637084961,353,1.8619554042816162,0.827480673789978,646,-0.3951535224914551,0.29340171813964844,452,0.31808727979660034,0.2936971187591553,text,text,-0.06341063976287842,0.03183382749557495
29,117tQqLjza4$_$6,2,Positive,1.8638057708740234,0.8981131315231323,684,2.1112735271453857,1.1245794296264648,109,0.186484694480896,0.056188106536865234,486,0.5318353176116943,0.4496123194694519,text,text,0.7069790363311768,0.5021153092384338
30,11j7EfglCAs$_$2,2,Positive,0.5000393390655518,0.3043099641799927,151,0.947338879108429,0.6523535251617432,53,-0.13847994804382324,0.13391345739364624,426,0.08658325672149658,0.07513017952442169,text,text,-0.04227340221405029,0.04148128628730774
31,121128$_$10,2,Positive,0.5589503049850464,0.45565950870513916,391,0.8093746900558472,0.5238781571388245,228,-0.09277242422103882,0.15361428260803223,15,-0.7380629777908325,0.715911865234375,text,vision,-0.8299227952957153,0.8476641178131104
32,121128$_$1,1,Neutral,0.1458740532398224,-0.13017728924751282,614,0.35664618015289307,0.10043195635080338,703,-0.2686269283294678,0.020808756351470947,403,0.03279659152030945,0.06456407904624939,text,text,-0.24632704257965088,0.07486414909362793
33,121128$_$0,1,Neutral,0.4619336426258087,-0.05142655223608017,672,1.5113434791564941,1.037078857421875,341,-0.12850555777549744,0.08482202142477036,490,0.01804208755493164,0.01937343180179596,text,text,-0.10886892676353455,0.10553772002458572
34,121128$_$5,2,Positive,0.7800012826919556,1.4877707958221436,462,1.0951664447784424,1.615015983581543,92,-0.011141002178192139,0.08536267280578613,175,0.19996488094329834,0.142663836479187,text,text,0.1850367784500122,0.04955267906188965
35,125344$_$0,0,Negative,0.5195104479789734,-0.018228670582175255,556,0.8953778743743896,0.7856453061103821,124,0.3325280249118805,0.11966220289468765,625,-0.09431004524230957,0.23850588500499725,text,text,0.2809631824493408,0.11315717548131943
36,125676$_$0,2,Positive,1.1241843700408936,0.8013603687286377,542,1.3601298332214355,0.9347416162490845,564,0.04213285446166992,0.0029151439666748047,86,0.2851707935333252,0.2452029585838318,text,text,0.3270740509033203,0.2525743842124939
37,125676$_$4,2,Positive,1.8893197774887085,1.2792317867279053,668,1.367938756942749,0.9293234944343567,727,0.14066922664642334,0.08921205997467041,615,0.08881866931915283,0.12797069549560547,text,text,0.2302149534225464,0.2149519920349121
38,128059$_$11,0,Negative,1.5828546285629272,-1.0892575979232788,229,2.184957981109619,1.0575566291809082,295,0.12700867652893066,0.12082439661026001,138,0.42005348205566406,0.4626242518424988,text,text,0.5628730058670044,0.6170377135276794
39,128059$_$12,0,Negative,0.6448609232902527,-0.5265642404556274,486,2.162498712539673,1.1808143854141235,365,-0.45343655347824097,0.2521301507949829,590,0.008065998554229736,0.0006766319274902344,text,text,-0.44999510049819946,0.2506903409957886
40,128059$_$2,0,Negative,0.6338558793067932,-0.349670946598053,12,0.717853307723999,0.1167735755443573,434,-0.25731009244918823,0.22912150621414185,170,0.09910088777542114,0.014834791421890259,text,audio,-0.16376346349716187,0.2127709984779358
41,128059$_$7,0,Negative,0.3184383809566498,-0.22054459154605865,411,1.4523675441741943,0.47292661666870117,359,0.15746340155601501,0.029122307896614075,572,0.060088127851486206,0.05321843922138214,text,text,0.22597739100456238,0.08823433518409729
42,128059$_$6,0,Negative,1.0157854557037354,-0.6069000959396362,148,-0.09158790111541748,0.1288377046585083,453,0.028768539428710938,0.036441683769226074,135,0.05347084999084473,0.03479033708572388,vision,text,0.08180797100067139,0.06876373291015625
43,128059$_$9,0,Negative,0.7337285876274109,-0.43407803773880005,200,-0.22165101766586304,0.0752764344215393,698,-0.3280410170555115,0.2541782855987549,160,-0.0560154914855957,0.06328067183494568,vision,audio,-0.38812679052352905,0.31300121545791626
44,128763$_$12,0,Negative,0.152689591050148,-0.08818250894546509,686,1.4733843803405762,0.44743627309799194,662,-0.13171698153018951,0.028480052947998047,48,-0.014367669820785522,0.017870813608169556,text,text,-0.14761139452457428,0.04915602505207062
45,128763$_$3,0,Negative,1.8185319900512695,-1.4485095739364624,490,2.948880672454834,1.8190412521362305,208,-0.19587969779968262,0.11674892902374268,139,0.048833250999450684,0.03986406326293945,text,text,-0.15598177909851074,0.08032357692718506
46,128763$_$2,1,Neutral,0.3956945240497589,-0.21157097816467285,335,0.09210473299026489,0.3137171268463135,696,0.10376730561256409,0.051083534955978394,199,0.13330024480819702,0.1250486671924591,vision,text,0.22994956374168396,0.18218117952346802
47,128763$_$5,1,Neutral,0.37553635239601135,-0.06859365105628967,184,0.6867455244064331,0.9391264915466309,702,-0.06358307600021362,0.020604629069566727,364,0.011273503303527832,0.01732172816991806,text,text,-0.0457533597946167,0.04227695241570473
48,128763$_$7,0,Negative,1.4335731267929077,-0.8804253339767456,26,1.0108357667922974,0.6185109615325928,247,-0.26247286796569824,0.22463774681091309,639,0.11149418354034424,0.07198667526245117,text,text,-0.13791847229003906,0.17087090015411377
49,128763$_$8,0,Negative,1.000006914138794,-0.6168864369392395,91,0.6340382695198059,0.21007555723190308,233,-0.05749642848968506,0.018888473510742188,159,0.007803440093994141,0.0030806660652160645,text,text,-0.04980826377868652,0.016452789306640625
50,130456$_$11,0,Negative,1.687584400177002,-1.148864984512329,466,3.226048469543457,1.8077102899551392,701,0.65472412109375,0.49115443229675293,243,0.029898524284362793,0.03060293197631836,text,text,0.7093519568443298,0.5414586663246155
51,130456$_$3,2,Positive,0.2080727219581604,0.2298545241355896,121,0.560702919960022,0.5909550786018372,474,-0.13167810440063477,0.08771640062332153,611,0.03981006145477295,0.0395222008228302,text,text,-0.08785203099250793,0.044046223163604736
52,130456$_$5,0,Negative,0.6207888126373291,-0.3573306202888489,292,0.15769091248512268,0.2204316258430481,179,0.39582929015159607,0.1894306242465973,597,-0.17858994007110596,0.19904792308807373,audio,text,0.2259019911289215,0.012239396572113037
53,130456$_$4,1,Neutral,0.38079050183296204,-0.15128380060195923,682,0.5273695588111877,0.4878358840942383,267,0.033907532691955566,0.09161902964115143,302,0.043973326683044434,0.04697364568710327,text,text,0.07446163892745972,0.043749257922172546
54,130456$_$7,0,Negative,1.3368182182312012,-1.0509041547775269,59,0.8746862411499023,0.7243565320968628,27,-0.0778203010559082,0.07377207279205322,245,-0.018913865089416504,0.0237809419631958,text,text,-0.09885430335998535,0.09993553161621094
55,130456$_$6,0,Negative,1.1142206192016602,-0.6619268655776978,662,1.7649344205856323,0.8647524118423462,220,0.17238175868988037,0.07078635692596436,37,0.014968633651733398,0.0033614635467529297,text,text,0.189142107963562,0.07422852516174316
56,188343$_$13,0,Negative,1.5997068881988525,-1.1517915725708008,209,2.7779321670532227,1.3360296487808228,235,0.22096574306488037,0.23458921909332275,92,0.006659150123596191,0.001992464065551758,text,text,0.22749722003936768,0.23114800453186035
57,188343$_$12,0,Negative,2.824906349182129,-2.1267805099487305,298,1.8324263095855713,1.5767561197280884,291,0.1414017677307129,0.11257743835449219,593,0.15233945846557617,0.041414737701416016,text,text,0.2855570316314697,0.18135428428649902
58,188343$_$5,0,Negative,1.2843965291976929,-0.9549698829650879,269,2.2717185020446777,1.2885159254074097,443,0.5749963521957397,0.4131026864051819,47,-0.0010815858840942383,0.0026625990867614746,text,text,0.5830179452896118,0.41878819465637207
59,188343$_$9,0,Negative,1.0809069871902466,-0.7785191535949707,398,1.7767302989959717,0.8688520193099976,520,0.031516194343566895,0.10796850919723511,675,0.17813342809677124,0.13706821203231812,text,text,0.214807391166687,0.26689231395721436
60,188343$_$8,0,Negative,2.2827229499816895,-1.7247765064239502,552,2.3141300678253174,1.8178811073303223,168,0.4988166093826294,0.3946034908294678,261,0.0746302604675293,0.06218063831329346,text,text,0.5896188020706177,0.495846152305603
61,1HK7Nea0PFo$_$1,0,Negative,0.45517709851264954,-0.19163772463798523,228,-0.9156210422515869,0.6663384437561035,146,-0.23181304335594177,0.08550813794136047,555,-0.03539782762527466,0.035460978746414185,vision,text,-0.28266170620918274,0.12811648845672607
62,216097$_$1,0,Negative,1.3288365602493286,-1.1100479364395142,374,1.5290303230285645,1.4145171642303467,358,0.31132030487060547,0.14475464820861816,651,0.03512382507324219,0.043498992919921875,text,text,0.35515475273132324,0.19846117496490479
63,216097$_$2,1,Neutral,0.2431384027004242,0.005028964020311832,517,0.21623358130455017,0.08316773176193237,302,0.09828183054924011,0.2331392467021942,163,-0.11311936378479004,0.00187782384455204,text,audio,-0.030409663915634155,0.20579546689987183
64,216097$_$5,1,Neutral,-0.06888426095247269,0.036317016929388046,375,-0.3322789967060089,0.22247323393821716,149,0.022761553525924683,0.1419970691204071,554,-0.16497057676315308,0.09013311564922333,audio,text,-0.195674329996109,0.008843887597322464
65,216097$_$4,0,Negative,1.1806446313858032,-0.6854466199874878,636,1.897173523902893,1.2646204233169556,670,0.46351999044418335,0.23601222038269043,539,0.11062145233154297,0.05262947082519531,text,text,0.5990281105041504,0.2953777015209198
66,216097$_$7,2,Positive,0.5674778819084167,0.7098200917243958,465,0.4147467017173767,0.46740037202835083,538,0.3224395513534546,0.3442991375923157,287,-0.15321069955825806,0.07756257057189941,text,text,0.19927600026130676,0.23268666863441467
67,216097$_$8,0,Negative,2.2188913822174072,-1.6897196769714355,127,2.2317614555358887,1.6817132234573364,550,0.3093259334564209,0.1941823959350586,285,0.0030117034912109375,0.01906430721282959,text,text,0.3056715726852417,0.20296645164489746
68,223431$_$11,0,Negative,0.30700239539146423,-0.25579410791397095,23,0.8302472829818726,0.23602275550365448,641,-1.2869006395339966,0.8724239468574524,293,0.00429987907409668,0.01974007487297058,text,audio,-1.3030259609222412,0.8937010169029236
69,223431$_$10,2,Positive,1.281755805015564,0.9878989458084106,24,0.8785581588745117,0.9066516757011414,590,0.5575550198554993,0.4361683130264282,653,-0.11115825176239014,0.08973491191864014,text,text,0.4554661512374878,0.34275907278060913
70,223431$_$13,0,Negative,0.7115037441253662,-0.7204122543334961,424,1.1081976890563965,0.49399441480636597,83,-1.2059303522109985,0.708662748336792,279,0.08940708637237549,0.09778529405593872,text,audio,-1.1541506052017212,0.6688750982284546
71,223431$_$0,2,Positive,0.7167472839355469,0.23432084918022156,21,0.5009227991104126,0.1178915798664093,561,0.39277148246765137,0.09509584307670593,149,0.2850345969200134,0.17254775762557983,text,vision,0.6133437752723694,0.22101199626922607
72,223431$_$5,1,Neutral,0.20238640904426575,-0.36700624227523804,201,0.5879749059677124,1.0185327529907227,523,0.373735249042511,0.020054519176483154,317,0.3358146548271179,0.3052694797515869,text,text,0.5267421007156372,0.28091520071029663
73,225770$_$3,0,Negative,0.5721995234489441,-0.3762875199317932,666,0.6229681968688965,0.30808085203170776,152,0.026634514331817627,0.048609524965286255,479,-0.02909749746322632,0.0019711554050445557,text,text,-0.01044917106628418,0.05832391977310181
74,225770$_$5,1,Neutral,0.559666633605957,0.017399903386831284,725,0.7328376770019531,0.12876993417739868,680,0.05515730381011963,0.04113222286105156,210,-0.008626937866210938,0.013500850647687912,text,text,0.04641139507293701,0.051638271659612656
75,225770$_$4,1,Neutral,0.18099990487098694,-0.1145654171705246,685,0.8648349046707153,0.2829306721687317,694,-0.08188629150390625,0.023296505212783813,282,0.018513739109039307,0.0391378179192543,text,text,-0.06804913282394409,0.00363178551197052
76,225770$_$6,0,Negative,0.1565663069486618,-0.08830501139163971,191,1.7260875701904297,0.3629724979400635,487,-0.018166467547416687,0.07543051242828369,152,0.013565242290496826,0.027135677635669708,text,text,-0.007310733199119568,0.050419896841049194
77,236021$_$12,2,Positive,0.39661285281181335,0.25767379999160767,14,-0.003880441188812256,0.18147802352905273,489,-0.05334547162055969,0.06251421570777893,376,0.4704397916793823,0.31171995401382446,vision,vision,0.439111590385437,0.29043567180633545
78,236021$_$1,1,Neutral,0.4613938629627228,-0.1125050038099289,528,0.3267623782157898,0.3589322566986084,114,-0.0219343900680542,0.07516507804393768,93,0.0011882781982421875,0.017190709710121155,text,text,-0.020280957221984863,0.08975464850664139
79,236021$_$3,0,Negative,1.4983341693878174,-1.126137375831604,267,2.637843132019043,1.387300729751587,218,-0.07767355442047119,0.054662227630615234,54,0.0011134147644042969,0.009494662284851074,text,text,-0.07499468326568604,0.04447793960571289
80,236021$_$2,0,Negative,0.35829299688339233,-0.08822476118803024,571,1.34295654296875,0.3281978666782379,450,0.1471041440963745,0.05773603543639183,327,0.03757834434509277,0.008595556020736694,text,text,0.19002704322338104,0.06929049640893936
81,236021$_$5,2,Positive,0.02886972576379776,0.5556484460830688,258,-2.5654990673065186,0.8689671754837036,537,0.06198181211948395,0.3431684374809265,526,0.020915940403938293,0.08919793367385864,audio,text,0.09366782009601593,0.4104630947113037
82,236021$_$4,0,Negative,0.9005632400512695,-0.5054688453674316,520,0.45477089285850525,0.1836952567100525,440,0.24299925565719604,0.09481364488601685,125,-0.09658211469650269,0.09949803352355957,text,text,0.15881383419036865,0.00783681869506836
83,237009$_$11,0,Negative,0.8327318429946899,-0.6115173697471619,606,0.18385708332061768,0.3329083323478699,131,-0.27878403663635254,0.12484794855117798,30,-0.061981797218322754,0.05915343761444092,text,text,-0.3361145257949829,0.18247193098068237
84,237009$_$12,0,Negative,2.1130611896514893,-1.4941866397857666,30,2.8012137413024902,1.9407382011413574,347,0.13909316062927246,0.0453190803527832,153,0.0005133152008056641,0.014347076416015625,text,text,0.13890624046325684,0.05971837043762207
85,237009$_$4,0,Negative,0.26813122630119324,-0.02491823211312294,653,1.9887269735336304,1.7676702737808228,265,-0.04137301445007324,0.07710389792919159,365,0.16190345585346222,0.18716426193714142,text,text,0.12153506278991699,0.10233543813228607
86,237009$_$7,0,Negative,2.5738255977630615,-1.9174978733062744,349,3.382246732711792,2.220022678375244,615,2.0406224727630615,1.0133367776870728,248,0.013217687606811523,0.005458354949951172,text,text,2.0419318675994873,1.0270957946777344
87,237009$_$9,0,Negative,1.9937723875045776,-1.5061959028244019,337,2.6368651390075684,1.491776943206787,686,0.2696878910064697,0.15622711181640625,25,0.04706776142120361,0.04665112495422363,text,text,0.321779727935791,0.2049034833908081
88,241629$_$10,0,Negative,1.8601372241973877,-1.4681097269058228,422,2.392915964126587,1.3822383880615234,102,-0.5011646747589111,0.3814131021499634,306,0.13174974918365479,0.09916841983795166,text,text,-0.38785743713378906,0.32876265048980713
89,241629$_$0,2,Positive,1.3414361476898193,0.9683666825294495,667,1.3704965114593506,1.103559136390686,391,0.2947237491607666,0.08149123191833496,619,0.1285470724105835,0.07619315385818481,text,text,0.41645121574401855,0.15297847986221313
90,241629$_$3,2,Positive,0.27067017555236816,0.4629063010215759,412,0.739107608795166,0.7485210299491882,199,0.509903073310852,0.6402100324630737,196,-0.14241009950637817,0.14336228370666504,text,text,0.3845486640930176,0.5156739950180054
91,241629$_$5,0,Negative,0.4156053960323334,-0.4416894316673279,194,1.9945008754730225,1.0089685916900635,364,-0.16596034169197083,0.02616804838180542,304,-0.019306182861328125,0.06987333297729492,text,text,-0.20609816908836365,0.057283103466033936
92,241629$_$8,0,Negative,1.951316475868225,-1.44174325466156,73,1.4905970096588135,0.9573795795440674,469,0.3427748680114746,0.25153207778930664,12,0.0030699968338012695,0.009643077850341797,text,text,0.3539116382598877,0.2741140127182007
93,243646$_$11,0,Negative,1.5502358675003052,-1.0213778018951416,304,2.44242262840271,1.2961702346801758,246,-0.2334277629852295,0.16830134391784668,449,-0.024817824363708496,0.015433311462402344,text,text,-0.26106739044189453,0.18997907638549805
94,243646$_$12,0,Negative,1.397099256515503,-0.9593608379364014,279,3.1251296997070312,1.658874273300171,26,0.5490474700927734,0.41886186599731445,270,-0.1584528684616089,0.15433764457702637,text,text,0.37034404277801514,0.25022560358047485
95,243646$_$9,1,Neutral,0.5563513040542603,-0.0896172821521759,249,1.041083812713623,0.4027269184589386,281,0.06241163611412048,0.02710353583097458,310,0.130963534116745,0.05647038295865059,text,text,0.2389037013053894,0.12938734889030457
96,243646$_$8,1,Neutral,0.6858413219451904,0.11638715118169785,690,1.111518383026123,0.7819370031356812,578,0.07284212112426758,0.1392287015914917,112,-0.04070627689361572,0.024865880608558655,text,text,0.013819336891174316,0.09211529046297073
97,247318$_$12,0,Negative,2.499014377593994,-1.8491932153701782,575,3.4271934032440186,2.4828875064849854,39,0.30439019203186035,0.2247835397720337,578,-0.05417656898498535,0.06479132175445557,text,text,0.24681949615478516,0.14833295345306396
98,247318$_$1,2,Positive,0.3314204514026642,0.11426712572574615,225,0.48159682750701904,0.07225988060235977,705,-0.2817457616329193,0.16397671401500702,142,-0.0022224783897399902,0.013673536479473114,text,audio,-0.280674546957016,0.14246748387813568
99,247318$_$3,1,Neutral,0.11746293306350708,-0.12282606959342957,125,0.28268957138061523,0.2565711438655853,40,0.016073375940322876,0.004996851086616516,414,-0.006813108921051025,0.003238856792449951,text,text,0.010173261165618896,0.002418011426925659
100,247318$_$2,0,Negative,-0.09894461184740067,0.0009493567049503326,726,1.8617161512374878,0.9045082330703735,451,0.2019282877445221,0.0855693370103836,257,-0.1430206596851349,0.11516055464744568,text,text,0.04114767163991928,0.04920998588204384
101,247318$_$5,1,Neutral,-0.05367254465818405,-0.011103534139692783,380,0.7735843658447266,0.9186319708824158,519,0.10851209610700607,0.02352244406938553,56,0.003392554819583893,0.04017769545316696,text,text,0.10502006858587265,0.02539796382188797
102,247318$_$7,0,Negative,2.4561805725097656,-1.9127042293548584,117,2.433483839035034,1.8042404651641846,335,0.13170838356018066,0.04897594451904297,181,0.013058900833129883,0.0022431612014770508,text,text,0.14485883712768555,0.04888772964477539
103,247318$_$6,1,Neutral,0.636878252029419,-0.06257779896259308,570,0.6050814390182495,0.07657230645418167,82,0.029366254806518555,0.03619302436709404,303,0.21875569224357605,0.10627065598964691,text,vision,0.2807469069957733,0.18060213327407837
104,252998$_$1,1,Neutral,0.46101894974708557,-0.1223163902759552,202,0.6824483275413513,0.19996309280395508,111,-0.154811829328537,0.06073746085166931,229,-0.06987890601158142,0.024092629551887512,text,text,-0.2324807345867157,0.08033949136734009
105,252998$_$0,1,Neutral,0.43088045716285706,-0.1565595269203186,179,1.0951764583587646,1.167726755142212,110,-0.16113921999931335,0.044477611780166626,61,0.21053236722946167,0.12235108762979507,text,text,0.0670233964920044,0.17534181475639343
106,252998$_$5,0,Negative,2.4556820392608643,-1.9026732444763184,305,2.5380542278289795,1.8934237957000732,203,0.08010149002075195,0.0256497859954834,648,-0.0025603771209716797,0.0011504888534545898,text,text,0.08065152168273926,0.028080463409423828
107,252998$_$4,0,Negative,1.3272349834442139,-0.9082587957382202,579,2.931443691253662,2.0528950691223145,605,-0.007160663604736328,0.02376502752304077,24,0.01124882698059082,0.017186284065246582,text,text,0.0033652782440185547,0.01195216178894043
108,252998$_$7,0,Negative,0.7411185503005981,-0.33159685134887695,387,1.7013098001480103,1.0747015476226807,155,-0.11750620603561401,0.1516842246055603,591,-0.06268191337585449,0.08342429995536804,text,text,-0.17911505699157715,0.22851699590682983
109,252998$_$8,0,Negative,0.18617534637451172,-0.24487634003162384,102,-2.1568121910095215,1.5714125633239746,238,-0.1591014564037323,0.030472442507743835,687,-0.11944538354873657,0.09502957761287689,vision,text,-0.26396501064300537,0.1076994389295578
110,257247$_$10,0,Negative,1.0257889032363892,-0.6085485816001892,278,3.1981921195983887,0.9022520184516907,134,-0.6987308263778687,0.5651184916496277,167,-0.02244865894317627,0.031555116176605225,text,text,-0.7262670993804932,0.5929309725761414
111,257247$_$12,0,Negative,2.3356375694274902,-1.9157345294952393,611,3.789315700531006,2.047858953475952,500,-0.27538132667541504,0.13608765602111816,65,-0.04569196701049805,0.11147642135620117,text,text,-0.301189661026001,0.22629189491271973
112,257247$_$2,1,Neutral,0.552801251411438,0.08399121463298798,502,0.7760363817214966,0.6324208378791809,408,-0.0034941434860229492,0.11745013296604156,136,-0.021904349327087402,0.021282218396663666,text,text,-0.02339613437652588,0.1368311643600464
113,258654$_$1,0,Negative,1.25766921043396,-0.9052989482879639,244,2.197138786315918,1.78986394405365,196,-0.1373988389968872,0.09778439998626709,692,-0.11843883991241455,0.10903429985046387,text,text,-0.24308276176452637,0.19712615013122559
114,258654$_$3,0,Negative,0.6411616802215576,-0.003398787695914507,143,-0.8936061859130859,1.1503092050552368,697,-0.1859138011932373,0.2018800973892212,412,-0.3265227675437927,0.4248653054237366,audio,text,-0.49294567108154297,0.6054742336273193
115,258654$_$4,1,Neutral,0.4071871340274811,-0.15933838486671448,497,1.7743473052978516,1.7805525064468384,718,0.17399221658706665,0.08785566687583923,188,0.0737236738204956,0.07824896275997162,text,text,0.23798280954360962,0.01357308030128479
116,266791$_$24,0,Negative,1.6062449216842651,-1.1449904441833496,341,3.403188943862915,1.3474441766738892,248,-0.494076132774353,0.3655606508255005,561,-0.01125192642211914,0.00207674503326416,text,text,-0.5016824007034302,0.368794322013855
117,266791$_$20,1,Neutral,0.0947442352771759,-0.12021900713443756,404,-0.03276070952415466,0.0433497279882431,597,0.23518827557563782,0.15517233312129974,107,0.1484098732471466,0.17452853918075562,audio,vision,0.34573617577552795,0.0066575706005096436
118,266791$_$21,0,Negative,1.0798438787460327,-0.7877342104911804,472,1.6494793891906738,0.7279255390167236,629,-0.25274133682250977,0.1151232123374939,556,0.015195131301879883,0.017451882362365723,text,text,-0.22879600524902344,0.09597057104110718
119,266791$_$23,2,Positive,0.29993152618408203,0.24383243918418884,511,0.8552752733230591,0.44172725081443787,280,-0.0675920844078064,0.10378655791282654,582,-0.1577010154724121,0.09504857659339905,text,text,-0.23320817947387695,0.20982030034065247
120,266791$_$29,1,Neutral,0.7263145446777344,0.04320691525936127,248,1.4752511978149414,1.2828513383865356,390,0.24246522784233093,0.01514773815870285,58,0.03659069538116455,0.007351092994213104,text,text,0.2847404181957245,0.006895489990711212
121,266791$_$3,1,Neutral,0.2608914375305176,-0.40334352850914,716,0.65535968542099,0.7169716954231262,9,0.2714040279388428,0.04864200949668884,252,-0.013729125261306763,0.011574774980545044,text,text,0.258658230304718,0.0640326738357544
122,266791$_$5,0,Negative,1.3631373643875122,-1.075355052947998,112,2.1688807010650635,1.078497290611267,173,-0.5106258392333984,0.3414919376373291,530,0.07616925239562988,0.06927680969238281,text,text,-0.43709254264831543,0.27732324600219727
123,266791$_$4,0,Negative,0.1493409276008606,-0.5174044370651245,261,0.6422381401062012,0.5718281269073486,77,-0.36738353967666626,0.1260387897491455,563,-0.052343547344207764,0.019233345985412598,text,text,-0.4223102927207947,0.15073251724243164
124,266791$_$6,1,Neutral,0.638974666595459,-0.1298828274011612,560,1.4592430591583252,1.3239881992340088,429,0.19761773943901062,0.1339264065027237,464,0.04411303997039795,0.0900295227766037,text,text,0.2585572898387909,0.24204164743423462
125,266791$_$8,0,Negative,0.21518844366073608,-0.3360666036605835,609,1.1804022789001465,0.5087581276893616,621,-0.3217366933822632,0.06758180260658264,133,-0.03131556510925293,0.028068184852600098,text,text,-0.35096991062164307,0.09329992532730103
126,266791$_$11,0,Negative,0.6366407871246338,-0.5223017930984497,252,1.3244009017944336,0.4309728145599365,677,-0.5661218166351318,0.2866326570510864,397,0.10559099912643433,0.0784277617931366,text,text,-0.47082507610321045,0.20694249868392944
127,266791$_$14,2,Positive,0.04459216445684433,0.021304691210389137,86,1.4765267372131348,1.746208667755127,67,0.18933138251304626,0.12840670347213745,1,-0.40737345814704895,0.2786844074726105,text,text,-0.19518104195594788,0.12042907625436783
128,270254$_$23,0,Negative,0.8764703273773193,-0.5165202021598816,31,0.8571222424507141,0.8437243700027466,719,0.060853421688079834,0.07461893558502197,94,0.19277632236480713,0.16342443227767944,text,text,0.26256799697875977,0.25165554881095886
129,270254$_$0,2,Positive,0.39914822578430176,0.16112267971038818,538,0.5678131580352783,0.1942680925130844,554,0.0504765510559082,0.018535062670707703,477,-0.3446704149246216,0.23840206861495972,text,vision,-0.2909303903579712,0.21598422527313232
130,270254$_$6,0,Negative,0.08140820264816284,-0.06135471165180206,219,0.8468788266181946,0.2581365704536438,725,0.2198425531387329,0.024328485131263733,66,0.08090730011463165,0.17828495800495148,text,text,0.28441500663757324,0.15049687027931213
131,270254$_$8,0,Negative,2.079397201538086,-1.5536224842071533,408,2.64265775680542,1.5693461894989014,363,0.01935267448425293,0.0390932559967041,202,0.14685320854187012,0.11378657817840576,text,text,0.1531616449356079,0.1435091495513916
132,270254$_$11,2,Positive,0.5374169945716858,0.26570990681648254,7,0.9456732273101807,0.40305835008621216,682,-0.21398645639419556,0.11069691181182861,635,-0.04180562496185303,0.005284786224365234,text,text,-0.26258474588394165,0.12226364016532898
133,270254$_$14,0,Negative,0.14981691539287567,-0.21340200304985046,212,0.12052969634532928,0.22104626893997192,7,-0.1968884915113449,0.045886486768722534,275,0.12378409504890442,0.039819493889808655,vision,text,-0.07989700138568878,0.005066603422164917
134,270254$_$16,0,Negative,0.7671557664871216,-0.5439951419830322,674,-0.08023262023925781,0.10612568259239197,712,0.28414544463157654,0.17887747287750244,367,-0.012001872062683105,0.00020140409469604492,audio,audio,0.28213462233543396,0.19357097148895264
135,272624$_$10,0,Negative,1.60965096950531,-1.1297533512115479,214,3.9394030570983887,1.7126442193984985,338,0.1590418815612793,0.1074056625366211,46,-0.04851984977722168,0.0440061092376709,text,text,0.10262155532836914,0.050135016441345215
136,272624$_$13,2,Positive,0.6525731682777405,0.6048253178596497,107,1.5001115798950195,1.2181222438812256,47,0.12034761905670166,0.11162441968917847,80,-0.11707097291946411,0.121471107006073,text,text,0.000708162784576416,0.008936822414398193
137,272624$_$12,0,Negative,0.7417202591896057,-0.4930538535118103,480,0.9888492226600647,0.5183715224266052,373,-0.4454178214073181,0.2552943825721741,161,-0.045948684215545654,0.024420320987701416,text,text,-0.48249298334121704,0.2803615927696228
138,272624$_$16,0,Negative,0.6932023763656616,-0.44954025745391846,44,0.7789455652236938,0.668567955493927,282,-0.12139219045639038,0.022772550582885742,605,-0.2700640559196472,0.24646055698394775,text,text,-0.45048069953918457,0.29420995712280273
139,272624$_$18,1,Neutral,0.32629045844078064,0.09420795738697052,89,1.042191982269287,0.7781842947006226,504,0.12463903427124023,0.04039086401462555,529,0.08116325736045837,0.03150852024555206,text,text,0.21887412667274475,0.08314009010791779
140,272624$_$2,1,Neutral,0.4675962030887604,0.23101040720939636,232,0.3161703944206238,0.4219575524330139,133,0.11709046363830566,0.11244925856590271,297,0.12090426683425903,0.11429518461227417,text,text,0.2231975793838501,0.01715993881225586
141,272624$_$6,0,Negative,0.27083298563957214,-0.2453365921974182,211,-0.40610018372535706,0.1846734583377838,455,-0.2035248577594757,0.10170915722846985,669,-0.08259814977645874,0.028575390577316284,vision,text,-0.2806159555912018,0.13068220019340515
142,272624$_$9,0,Negative,0.3795779049396515,-0.10426588356494904,537,1.1248188018798828,0.12275895476341248,80,-0.29807034134864807,0.13939188420772552,456,-0.0963064432144165,0.045431897044181824,text,audio,-0.3863019645214081,0.19695700705051422
143,272624$_$8,0,Negative,1.8183598518371582,-1.4177894592285156,650,3.44981050491333,2.18699312210083,261,0.23106086254119873,0.21650362014770508,10,-0.016457796096801758,0.005635619163513184,text,text,0.21265637874603271,0.21267783641815186
144,273539$_$3,0,Negative,1.7067641019821167,-1.2284016609191895,41,1.1277129650115967,0.9786211252212524,189,0.4217698574066162,0.23816323280334473,322,0.048851728439331055,0.0688396692276001,text,text,0.5070593357086182,0.33260154724121094
145,273539$_$2,1,Neutral,0.6575862169265747,0.034966882318258286,131,1.6888304948806763,1.4228579998016357,176,0.008935213088989258,0.006413698196411133,457,0.022046685218811035,0.019187424331903458,text,text,0.02157115936279297,0.022721074521541595
146,273539$_$9,0,Negative,1.4192357063293457,-0.911527156829834,115,1.518605351448059,0.83098304271698,143,0.5371865034103394,0.4122884273529053,676,-0.0030400753021240234,0.010038554668426514,text,text,0.5334662199020386,0.38936150074005127
147,290546$_$3,0,Negative,0.3361866772174835,-0.1609867811203003,113,-1.056046485900879,0.9044013023376465,534,0.8124268651008606,0.2053036093711853,437,0.28868114948272705,0.28995823860168457,audio,text,1.0336556434631348,0.003383234143257141
148,290546$_$5,0,Negative,1.072480320930481,-0.6745027303695679,303,2.2599077224731445,1.455800175666809,151,-0.10784101486206055,0.08743226528167725,544,-0.06411373615264893,0.036271512508392334,text,text,-0.1823951005935669,0.14248204231262207
149,290546$_$7,0,Negative,0.3060535788536072,-0.19932401180267334,574,1.130152940750122,0.7890450954437256,445,-0.19528800249099731,0.1576078236103058,542,0.09009766578674316,0.17987710237503052,text,text,-0.15779730677604675,0.05822181701660156
150,290546$_$6,0,Negative,0.3154636323451996,-0.21739721298217773,709,2.4272303581237793,1.6450245380401611,103,-0.1827462911605835,0.08035832643508911,355,0.057137876749038696,0.05480135977268219,text,text,-0.14821606874465942,0.04182511568069458
151,2S00zYaVrtc$_$10,0,Negative,0.8072453737258911,-0.42658668756484985,346,1.903889775276184,0.7457751631736755,231,0.13564497232437134,0.09040674567222595,459,-0.004365205764770508,0.0032220184803009033,text,text,0.1330122947692871,0.0926980972290039
152,2S00zYaVrtc$_$12,2,Positive,1.6323566436767578,1.0849437713623047,501,1.0912142992019653,0.9040690660476685,73,-0.03290760517120361,0.053707122802734375,667,-0.37412166595458984,0.31423258781433105,text,text,-0.4073352813720703,0.36975741386413574
153,2S00zYaVrtc$_$20,2,Positive,2.210890769958496,1.5076820850372314,678,1.9606000185012817,1.3616116046905518,30,-0.07740163803100586,0.006011009216308594,105,-0.009723901748657227,0.01608133316040039,text,text,-0.08753395080566406,0.02310788631439209
154,2S00zYaVrtc$_$17,2,Positive,1.0597532987594604,0.7001397609710693,43,1.8417205810546875,1.5894496440887451,205,-0.13430631160736084,0.010735690593719482,234,0.06189072132110596,0.04841315746307373,text,text,-0.06972301006317139,0.035180866718292236
155,2S00zYaVrtc$_$5,2,Positive,2.3237948417663574,1.545228123664856,39,3.1834559440612793,2.4042673110961914,158,-0.020943164825439453,0.031618714332580566,250,-0.12628841400146484,0.09366142749786377,text,text,-0.14846324920654297,0.06433308124542236
156,2S00zYaVrtc$_$4,2,Positive,0.5628455877304077,0.3778464198112488,77,0.7139103412628174,0.46922990679740906,545,-0.03331756591796875,0.017511099576950073,404,-0.08163750171661377,0.07813715934753418,text,text,-0.11376547813415527,0.09469431638717651
157,2Xt31_d0XEE$_$2,2,Positive,2.792597770690918,1.9974758625030518,461,1.0465114116668701,0.7978852987289429,49,0.015303611755371094,0.07869219779968262,562,0.7472991943359375,0.6060912609100342,text,text,0.775244951248169,0.7075240612030029
158,31474$_$11,1,Neutral,-0.004559606313705444,-0.015696389600634575,128,0.5889148712158203,0.4472898542881012,418,0.009010568261146545,0.060535311698913574,540,0.24180114269256592,0.19806161522865295,text,text,0.280469685792923,0.2847887873649597
159,31474$_$14,0,Negative,0.6751630306243896,-0.21235159039497375,177,3.299199342727661,1.9121835231781006,655,-0.05092895030975342,0.02909928560256958,395,0.05007898807525635,0.03781554102897644,text,text,0.0001805424690246582,0.012273013591766357
160,31474$_$0,2,Positive,0.7942906022071838,0.4137953519821167,720,1.2109391689300537,0.6303778886795044,64,0.2249395251274109,0.13071539998054504,398,-0.7781111598014832,0.6683351993560791,text,vision,-0.5147218108177185,0.4930657744407654
161,31474$_$3,1,Neutral,0.14951887726783752,-0.2313801646232605,175,0.6798796653747559,0.06439986824989319,723,-0.21128153800964355,0.16140586137771606,64,0.13882187008857727,0.0059190839529037476,text,audio,-0.047784388065338135,0.1829267144203186
162,31474$_$6,0,Negative,2.8129138946533203,-2.1192538738250732,504,3.6529722213745117,2.280848979949951,169,-0.09655499458312988,0.08688807487487793,463,0.037389516830444336,0.009224176406860352,text,text,-0.058785438537597656,0.08101630210876465
163,31474$_$9,0,Negative,1.1578949689865112,-0.8158098459243774,488,0.8939316272735596,0.6506887078285217,37,-0.09102118015289307,0.0904463529586792,265,0.03366518020629883,0.11149442195892334,text,text,-0.07330429553985596,0.0004570484161376953
164,31474$_$8,0,Negative,1.0070520639419556,-0.9813543558120728,315,0.6624873876571655,0.7495867609977722,345,-0.34879159927368164,0.17126286029815674,469,-0.0273362398147583,0.02673947811126709,text,text,-0.3720521926879883,0.20394957065582275
165,32681$_$1,0,Negative,0.6072592735290527,-0.25258997082710266,157,2.739048480987549,1.574042558670044,61,-0.4192068576812744,0.3313758075237274,545,0.03229820728302002,0.09111449122428894,text,text,-0.38544511795043945,0.27330729365348816
166,32681$_$3,0,Negative,2.0277674198150635,-1.5151716470718384,207,2.7885539531707764,1.904848575592041,604,-0.10683894157409668,0.09149205684661865,286,0.13193345069885254,0.1121363639831543,text,text,0.00514531135559082,0.00194549560546875
167,32681$_$5,0,Negative,2.436065673828125,-1.850571632385254,523,2.8964271545410156,2.2837040424346924,290,-0.08469271659851074,0.041048526763916016,110,0.01978015899658203,0.017986774444580078,text,text,-0.06754517555236816,0.02524280548095703
168,32681$_$6,0,Negative,1.069646954536438,-0.7559618949890137,287,2.2896220684051514,1.3346351385116577,245,-0.40020227432250977,0.2958165407180786,552,0.028353571891784668,0.030164480209350586,text,text,-0.3728524446487427,0.2703007459640503
169,33170$_$1,0,Negative,0.9896976947784424,-0.7085099816322327,705,2.3068604469299316,1.8687403202056885,667,0.6078669428825378,0.2723954916000366,496,-0.0809401273727417,0.03558725118637085,text,text,0.5434743165969849,0.2491810917854309
170,33170$_$3,0,Negative,0.8335108160972595,-0.32564911246299744,532,0.7735235095024109,0.4311891794204712,58,-0.1363290548324585,0.24868443608283997,410,0.012269735336303711,0.10337087512016296,text,text,-0.14080685377120972,0.1867847740650177
171,33170$_$4,0,Negative,1.5923324823379517,-1.1399168968200684,347,2.4235105514526367,1.2935242652893066,153,-0.12642669677734375,0.07009434700012207,527,0.028739452362060547,0.01498711109161377,text,text,-0.0920877456665039,0.08616065979003906
172,3MFNIag0wNE$_$12,0,Negative,0.8156853914260864,-0.35819342732429504,99,0.4206251800060272,0.10476341843605042,630,-0.039963364601135254,0.00018158555030822754,97,0.19594138860702515,0.12292817234992981,text,vision,0.15205776691436768,0.13063809275627136
173,3MFNIag0wNE$_$14,0,Negative,1.8614486455917358,-1.319441795349121,120,2.378089427947998,1.314955472946167,51,0.57688307762146,0.38731491565704346,89,0.09834027290344238,0.0852808952331543,text,text,0.6946971416473389,0.48838353157043457
174,3MFNIag0wNE$_$16,2,Positive,0.23246777057647705,0.21012842655181885,700,0.488008588552475,0.29972416162490845,609,-0.1075027585029602,0.013148099184036255,96,-0.13317492604255676,0.07161998748779297,text,text,-0.24346184730529785,0.0848885178565979
175,3MFNIag0wNE$_$7,0,Negative,0.4279318153858185,-0.1839904636144638,627,1.1296097040176392,0.42619866132736206,277,0.001282811164855957,0.05438382923603058,253,0.15719589591026306,0.09872385859489441,text,text,0.16497886180877686,0.15704524517059326
176,3V2qm0rw920$_$11,2,Positive,1.117490291595459,0.5420458316802979,446,0.020989298820495605,0.15938270092010498,699,0.0803532600402832,0.04386335611343384,546,-0.7117142677307129,0.6216030120849609,audio,vision,-0.614568829536438,0.5548185110092163
177,3V2qm0rw920$_$13,2,Positive,2.913004159927368,1.8046925067901611,530,2.0860581398010254,1.3799594640731812,70,-0.12493252754211426,0.0023349523544311523,493,-0.4007594585418701,0.29922962188720703,text,text,-0.5391671657562256,0.3032972812652588
178,3V2qm0rw920$_$3,2,Positive,1.1226184368133545,0.6929208040237427,693,1.2034474611282349,0.6538758277893066,405,0.1224355697631836,0.20770424604415894,392,-0.7905128002166748,0.6994525194168091,text,vision,-0.6597802639007568,0.4624372720718384
179,3j94B0pzSVs$_$12,2,Positive,1.9839856624603271,1.1168148517608643,448,1.1766997575759888,0.7369744777679443,616,-0.011013507843017578,0.056053876876831055,114,-0.30996131896972656,0.23814678192138672,text,text,-0.3217337131500244,0.2955435514450073
180,3j94B0pzSVs$_$17,0,Negative,0.343715637922287,-0.17451725900173187,94,-0.9279556274414062,0.6454870700836182,66,-0.1763673722743988,0.09771455824375153,137,-0.02732989192008972,0.047340914607048035,vision,text,-0.1986013948917389,0.1325039118528366
181,3j94B0pzSVs$_$1,2,Positive,0.5218437314033508,0.3943682312965393,625,1.3240509033203125,0.9144068360328674,2,0.03286498785018921,0.02789279818534851,129,0.18267101049423218,0.11832010746002197,text,text,0.21531054377555847,0.14024150371551514
182,3j94B0pzSVs$_$0,2,Positive,0.4546687602996826,0.22996416687965393,71,-0.08706086874008179,0.003867238759994507,259,0.0936945378780365,0.009318500757217407,422,0.02845299243927002,0.00929918885231018,audio,audio,0.11976748704910278,0.0013061761856079102
183,4cFeG2ydm9A$_$8,2,Positive,1.1933835744857788,0.8223253488540649,393,1.3189070224761963,0.7610760927200317,717,-0.07289326190948486,0.020259618759155273,399,-0.39056551456451416,0.39546144008636475,text,text,-0.465427041053772,0.41531074047088623
184,4dV3slGSc60$_$10,2,Positive,1.758126139640808,0.973712682723999,430,1.166299819946289,0.5507001876831055,571,-0.03554081916809082,0.01569044589996338,255,0.013312339782714844,0.012711286544799805,text,text,-0.023033738136291504,0.003938019275665283
185,4dV3slGSc60$_$12,2,Positive,1.4752354621887207,0.8164637088775635,566,1.9231001138687134,1.1132087707519531,693,0.08924210071563721,0.1385628581047058,189,-0.12932956218719482,0.1334128975868225,text,text,-0.03226113319396973,0.030656754970550537
186,4dV3slGSc60$_$22,2,Positive,0.7534393072128296,0.4911006689071655,642,-1.0792018175125122,0.6738808155059814,470,-0.1118883490562439,0.10420233011245728,511,-0.1279820203781128,0.09967458248138428,audio,text,-0.24513936042785645,0.002997875213623047
187,4dV3slGSc60$_$9,2,Positive,1.6642718315124512,1.038996934890747,51,1.1895945072174072,0.589243471622467,638,0.11506295204162598,0.0038634538650512695,441,-0.5698099136352539,0.4382011890411377,text,text,-0.4397914409637451,0.424216628074646
188,4dV3slGSc60$_$8,2,Positive,1.3880575895309448,0.9138925075531006,174,0.7802126407623291,0.634967029094696,10,0.35847175121307373,0.07589149475097656,372,-0.07862198352813721,0.04638981819152832,text,text,0.2831956148147583,0.029021859169006348
189,50103$_$3,0,Negative,2.5081417560577393,-1.9058035612106323,617,4.854251861572266,3.1790146827697754,5,0.07945060729980469,0.06630361080169678,247,0.013410806655883789,0.013418197631835938,text,text,0.09688353538513184,0.08619201183319092
190,5B0PQx3Ep3k$_$5,2,Positive,1.533941626548767,1.0367343425750732,582,2.1548209190368652,1.4266115427017212,589,-0.15062475204467773,0.04542219638824463,724,-0.13344168663024902,0.1319103240966797,text,text,-0.28943800926208496,0.17904841899871826
191,5O1W39o56gg$_$1,2,Positive,1.0942463874816895,0.40000247955322266,655,0.29850608110427856,0.002152085304260254,89,-0.042697906494140625,0.0007346570491790771,711,0.20203590393066406,0.1457895040512085,text,vision,0.1602649688720703,0.1454167664051056
192,5O1W39o56gg$_$2,2,Positive,0.5502623319625854,0.1564512401819229,84,1.654969573020935,1.3891441822052002,624,-0.12072044610977173,0.08271083235740662,88,0.04658865928649902,0.04108981043100357,text,text,-0.0705193281173706,0.037033796310424805
193,5O1W39o56gg$_$9,2,Positive,1.7971652746200562,0.867155134677887,53,2.0004539489746094,1.100160837173462,658,0.037703633308410645,0.058194637298583984,623,0.04536759853363037,0.0013079047203063965,text,text,0.08096110820770264,0.06725603342056274
194,5i6AgQSjXO4$_$3,2,Positive,1.4091662168502808,0.858342170715332,139,1.017982006072998,0.4768393635749817,433,0.04564666748046875,0.013779520988464355,224,0.5084677934646606,0.39103153347969055,text,text,0.552520751953125,0.4050963222980499
195,5i6AgQSjXO4$_$2,2,Positive,1.2553726434707642,0.8805387020111084,661,2.629467487335205,2.1738595962524414,691,-0.09547221660614014,0.037999749183654785,408,0.33540451526641846,0.30677908658981323,text,text,0.24985837936401367,0.3398178219795227
196,5i6AgQSjXO4$_$6,1,Neutral,0.6389439105987549,0.0932479202747345,145,0.033438682556152344,0.06167423725128174,442,-0.07551515102386475,0.037402719259262085,147,-0.015235662460327148,0.05475229024887085,text,text,-0.10095000267028809,0.0344727486371994
197,5kaCGzjYukM$_$0,1,Neutral,0.11455506086349487,-0.019327452406287193,610,0.24529951810836792,0.33774077892303467,195,0.08923214673995972,0.09845953434705734,689,0.06976376473903656,0.15287446975708008,text,text,0.19241122901439667,0.2640056610107422
198,5kaCGzjYukM$_$3,0,Negative,0.5870833992958069,-0.3833686113357544,651,-0.40191251039505005,0.17243027687072754,32,0.038236021995544434,0.05156201124191284,391,0.32789310812950134,0.3606067895889282,vision,vision,0.4153018295764923,0.4597713053226471
199,5kaCGzjYukM$_$2,0,Negative,1.2679568529129028,-0.7710995674133301,395,2.657970428466797,1.9973992109298706,543,0.2759968638420105,0.15853965282440186,208,0.18884146213531494,0.2116987109184265,text,text,0.4832003712654114,0.38561320304870605
200,5kaCGzjYukM$_$5,0,Negative,1.528983235359192,-0.9777302742004395,144,-0.24776875972747803,0.3337324857711792,681,0.7846311330795288,0.44891804456710815,644,0.20370817184448242,0.2294486165046692,audio,audio,1.1005135774612427,0.7815731763839722
201,5kaCGzjYukM$_$7,2,Positive,0.47154563665390015,0.39828556776046753,456,0.8431795239448547,0.6799543499946594,148,-0.26847583055496216,0.1950046420097351,192,-0.4256599545478821,0.2932926416397095,text,text,-0.7122272849082947,0.49857842922210693
202,6KvG5VbLalY$_$9,2,Positive,0.5159162282943726,0.3675440549850464,428,-0.6050482988357544,0.2851220965385437,568,0.197820246219635,0.07013705372810364,508,-0.02987086772918701,0.009725034236907959,audio,text,0.16537129878997803,0.05655324459075928
203,6ZA8I83x-oY$_$0,2,Positive,0.5243540406227112,0.3415631651878357,172,0.744924008846283,0.3585893213748932,250,0.17674309015274048,0.07810738682746887,690,0.05407756567001343,0.016711771488189697,text,text,0.22801756858825684,0.09365805983543396
204,6ZA8I83x-oY$_$2,2,Positive,1.8766374588012695,1.5033620595932007,271,1.508414387702942,1.1729609966278076,28,0.08575332164764404,0.13399243354797363,588,0.7652937173843384,0.6718452572822571,text,text,0.8340005874633789,0.7829949259757996
205,6hFiTU77Sm0$_$1,2,Positive,0.44344377517700195,0.411329984664917,578,-1.3977010250091553,0.8086367845535278,495,-0.033521175384521484,0.012474477291107178,406,0.4340968430042267,0.35557612776756287,vision,text,0.42132288217544556,0.3799068331718445
206,6hFiTU77Sm0$_$2,2,Positive,0.09379643946886063,0.023687878623604774,598,-0.3928658366203308,0.08724186569452286,684,0.013292774558067322,0.039058439433574677,481,0.06371673941612244,0.03790583834052086,vision,text,0.07208020985126495,0.007760612294077873
207,6uPGcKTpC4I$_$1,2,Positive,0.5837198495864868,0.5770992636680603,471,0.3208821415901184,0.33718347549438477,209,-0.07940351963043213,0.013466417789459229,334,0.13812828063964844,0.1404273509979248,text,text,0.05355900526046753,0.14289015531539917
208,6uPGcKTpC4I$_$2,2,Positive,0.7457305192947388,0.613187313079834,218,-0.10454714298248291,0.040368616580963135,90,-0.0737500786781311,0.1459749937057495,383,0.13681161403656006,0.10775905847549438,vision,audio,0.06263315677642822,0.2462223470211029
209,6uPGcKTpC4I$_$6,2,Positive,1.1208266019821167,0.6217917203903198,272,1.950791597366333,1.1512242555618286,514,0.02270662784576416,0.03010547161102295,100,0.6483840942382812,0.43406206369400024,text,text,0.6608978509902954,0.4445993900299072
210,70280$_$11,0,Negative,1.466041922569275,-1.0912400484085083,256,3.5905728340148926,1.5833122730255127,558,0.2059553861618042,0.09226381778717041,116,-0.1013871431350708,0.09327137470245361,text,text,0.0990135669708252,0.012798547744750977
211,70280$_$3,0,Negative,0.7737419009208679,-0.4734131097793579,554,-1.332878589630127,1.061545729637146,182,0.21093404293060303,0.06470730900764465,716,-0.10559713840484619,0.11582130193710327,audio,text,0.07440775632858276,0.06608498096466064
212,70280$_$4,2,Positive,0.46047186851501465,0.3993260860443115,149,0.5825054049491882,0.39715149998664856,266,0.14440929889678955,0.14328545331954956,705,-0.07774960994720459,0.0719485878944397,text,text,0.07185068726539612,0.07697927951812744
213,70280$_$6,0,Negative,1.1138917207717896,-0.6256582140922546,75,1.4784889221191406,0.4883303642272949,407,-0.32406389713287354,0.40450841188430786,221,-0.054233551025390625,0.04158216714859009,text,text,-0.3860161304473877,0.4538629651069641
214,75RGHaxmUK8$_$3,2,Positive,1.4685704708099365,0.5897843837738037,308,2.2929439544677734,1.1656155586242676,278,-0.2477869987487793,0.15556377172470093,230,0.033704400062561035,0.006263017654418945,text,text,-0.21424627304077148,0.16180598735809326
215,75RGHaxmUK8$_$5,1,Neutral,0.6696512699127197,0.012381772510707378,142,1.2884347438812256,0.3294876515865326,190,0.12509143352508545,0.08448214083909988,498,-0.020142793655395508,0.04277817904949188,text,text,0.09471774101257324,0.02596881613135338
216,7_K3F-lAv1k$_$2,2,Positive,-0.04051429405808449,0.10696807503700256,100,0.33851975202560425,0.3244708776473999,349,-0.4057903289794922,0.1131015419960022,425,-0.08756539225578308,0.06626307964324951,text,text,-0.5062577724456787,0.18259629607200623
217,7r4vRxKLFCA$_$6,2,Positive,1.3455138206481934,1.054188847541809,222,0.30866408348083496,0.12486833333969116,456,0.24776232242584229,0.12374931573867798,446,0.10894548892974854,0.11893153190612793,text,text,0.35209405422210693,0.23798763751983643
218,80566$_$1,2,Positive,0.6204841136932373,0.3551921844482422,54,1.7476428747177124,1.5079052448272705,183,0.01188957691192627,0.0762743353843689,453,-0.5663920640945435,0.4942358732223511,text,text,-0.5644168853759766,0.6080474853515625
219,80566$_$0,2,Positive,0.41267240047454834,0.22284215688705444,15,1.6103856563568115,1.311854362487793,559,-0.2521793842315674,0.14692825078964233,128,0.08044654130935669,0.06298613548278809,text,text,-0.16295969486236572,0.07778674364089966
220,80566$_$3,2,Positive,0.406669944524765,0.1467016637325287,163,1.332964301109314,0.9298099279403687,68,-0.30851927399635315,0.06649582087993622,719,-0.3845522701740265,0.28837522864341736,text,text,-0.7244466543197632,0.37288883328437805
221,80566$_$2,2,Positive,0.6436861753463745,0.3493677079677582,495,-0.41644203662872314,0.03463950753211975,25,0.20691978931427002,0.1655994951725006,683,0.21365886926651,0.13218340277671814,vision,audio,0.3907051980495453,0.26017194986343384
222,80566$_$4,2,Positive,0.597856342792511,0.5716927647590637,719,0.4467855393886566,0.37628141045570374,562,0.060247063636779785,0.049123942852020264,599,-0.780188262462616,0.7195114493370056,text,vision,-0.7063272595405579,0.671538770198822
223,80566$_$6,0,Negative,1.256890892982483,-0.9426900148391724,441,3.1011409759521484,1.9966447353363037,372,-0.06656146049499512,0.0282975435256958,620,0.012309551239013672,0.009426355361938477,text,text,-0.05714702606201172,0.022494912147521973
224,80855$_$11,1,Neutral,0.6843725442886353,-0.11176257580518723,170,1.9685235023498535,0.2699032425880432,486,-0.0057784318923950195,0.029487110674381256,523,0.059157609939575195,0.10872497409582138,text,text,0.04692280292510986,0.07458609342575073
225,80855$_$10,1,Neutral,0.456471711397171,0.07417578995227814,185,0.7112585306167603,0.7844520211219788,251,0.11108225584030151,0.05439635366201401,195,0.23212695121765137,0.1944928616285324,text,text,0.3032055199146271,0.10094638168811798
226,80855$_$12,1,Neutral,0.1629200279712677,-0.3955613374710083,316,0.43280601501464844,0.11633878946304321,413,0.021123617887496948,0.127244234085083,190,-0.043732792139053345,0.04038611054420471,text,audio,-0.024324655532836914,0.08127275109291077
227,80855$_$15,2,Positive,0.31397342681884766,0.3281612992286682,437,-0.8084582090377808,0.18326252698898315,354,0.39802315831184387,0.3785824775695801,598,0.16628003120422363,0.13140816986560822,audio,audio,0.5222294330596924,0.4847264289855957
228,80855$_$17,0,Negative,1.3943346738815308,-0.8767842054367065,696,1.5165690183639526,0.9555184841156006,147,0.08947038650512695,0.10974812507629395,473,0.04343688488006592,0.03606736660003662,text,text,0.1350879669189453,0.14863145351409912
229,80855$_$0,1,Neutral,0.4002316892147064,0.08995924144983292,712,1.2196629047393799,1.0185991525650024,329,0.08536583185195923,0.0060083940625190735,180,0.04056459665298462,0.05875467509031296,text,text,0.1303589940071106,0.06694021075963974
230,80855$_$3,1,Neutral,0.6613196134567261,0.4963266849517822,724,1.1463356018066406,0.03176605701446533,157,0.10727834701538086,0.024671554565429688,82,0.22241315245628357,0.23915952444076538,text,vision,0.34315118193626404,0.27761346101760864
231,80855$_$2,0,Negative,0.1101483702659607,-0.27593863010406494,506,0.07387307286262512,0.09297849237918854,644,0.4008682668209076,0.034351736307144165,585,0.04290536791086197,0.021709352731704712,audio,text,0.44858255982398987,0.05988657474517822
232,80855$_$7,0,Negative,0.09949517250061035,-0.24094118177890778,312,0.2331295907497406,0.18504658341407776,355,0.06297114491462708,0.02197374403476715,714,-0.034078627824783325,0.020686671137809753,text,text,0.026052862405776978,0.04578863084316254
233,80855$_$20,1,Neutral,0.04847390949726105,0.14140236377716064,108,0.9036054015159607,0.4010973572731018,312,0.053519293665885925,0.06978628039360046,661,0.1070648655295372,0.056687384843826294,text,text,0.1827070713043213,0.14035934209823608
234,830KzUc6CbU$_$0,1,Neutral,0.488598495721817,0.016474610194563866,180,0.7913097143173218,0.3099691867828369,553,0.1444704532623291,0.041211098432540894,21,-0.015349358320236206,0.012116273865103722,text,text,0.12993943691253662,0.048918239772319794
235,830KzUc6CbU$_$13,0,Negative,0.6388458013534546,-0.35404250025749207,254,1.3062458038330078,0.8813743591308594,692,0.2807345688343048,0.0026139914989471436,318,0.20483168959617615,0.15304146707057953,text,text,0.4782836139202118,0.13245747983455658
236,84140$_$0,2,Positive,0.8573715686798096,0.7082061171531677,300,1.1401708126068115,1.1367520093917847,583,-0.06957149505615234,0.21300512552261353,673,0.775557816028595,0.6007697582244873,text,text,0.7236433029174805,0.5327842235565186
237,84140$_$5,0,Negative,1.5307384729385376,-1.044420599937439,645,3.2071051597595215,1.9872149229049683,399,0.9909479022026062,0.769094705581665,288,0.004279971122741699,0.008101344108581543,text,text,0.9579876661300659,0.7511929869651794
238,89835$_$1,1,Neutral,0.49588868021965027,-0.0023841201327741146,416,-0.04221966862678528,0.04450920224189758,273,0.022479355335235596,0.003649513702839613,660,0.1434893012046814,0.00032796710729599,vision,text,0.17354777455329895,0.008843176998198032
239,89835$_$0,2,Positive,0.6951565742492676,0.22754739224910736,355,0.4092777669429779,0.14771124720573425,322,0.04590684175491333,0.032332852482795715,532,-0.29799890518188477,0.19210995733737946,text,vision,-0.25069355964660645,0.2277461439371109
240,89835$_$4,0,Negative,0.8149805068969727,-0.5127599239349365,510,2.374173641204834,0.8193506002426147,160,0.0234072208404541,0.015571653842926025,223,0.012937188148498535,0.019201993942260742,text,text,0.045462191104888916,0.04820534586906433
241,89835$_$7,0,Negative,1.950212001800537,-1.46694815158844,208,2.931164264678955,1.9657161235809326,633,-0.06482672691345215,0.04957687854766846,461,0.12682902812957764,0.11259138584136963,text,text,0.04783284664154053,0.04512965679168701
242,8eaYvALnJ0o$_$1,2,Positive,2.5540173053741455,1.5325952768325806,123,2.911439895629883,1.9307234287261963,632,0.10184550285339355,0.008370637893676758,438,0.2757093906402588,0.23740291595458984,text,text,0.37166476249694824,0.22069966793060303
243,8eaYvALnJ0o$_$0,2,Positive,2.513599395751953,1.6769704818725586,536,2.3070335388183594,1.7160494327545166,530,0.04320859909057617,0.04118466377258301,148,0.6560558080673218,0.5479581356048584,text,text,0.6845649480819702,0.5880181789398193
244,8x_nCOh6Wmc$_$6,2,Positive,0.7091776728630066,0.6096078753471375,1,0.5356922149658203,0.47545331716537476,374,0.024846255779266357,0.010157883167266846,382,0.416285902261734,0.29704952239990234,text,text,0.4438638985157013,0.309741735458374
245,96642$_$1,0,Negative,0.4682701826095581,-0.4248923063278198,153,2.5870728492736816,2.0101819038391113,296,0.19424554705619812,0.07202404737472534,218,-0.0016681253910064697,0.007163912057876587,text,text,0.19022634625434875,0.07530754804611206
246,96642$_$3,2,Positive,0.4276854991912842,0.5528297424316406,580,-0.3557544946670532,0.27145373821258545,299,-0.3604675531387329,0.2530956268310547,312,0.18815216422080994,0.15417587757110596,vision,text,-0.14780235290527344,0.05930417776107788
247,96642$_$2,1,Neutral,0.5080314874649048,0.22366756200790405,567,0.7408610582351685,0.25398194789886475,72,-0.03405749797821045,0.14738300442695618,227,-0.0009763240814208984,0.001569122076034546,text,text,-0.038868069648742676,0.1411498785018921
248,96642$_$4,0,Negative,2.250657796859741,-1.7429684400558472,221,3.1477270126342773,2.1256027221679688,573,0.25049376487731934,0.20606505870819092,283,0.03591465950012207,0.044242262840270996,text,text,0.28242290019989014,0.2512422800064087
249,99501$_$10,0,Negative,1.013685703277588,-0.6980708837509155,87,-1.219796895980835,0.9636040925979614,236,1.2994136810302734,0.3627859652042389,274,-0.15341389179229736,0.226374089717865,audio,text,1.148228645324707,0.16350847482681274
250,99501$_$13,0,Negative,1.7170230150222778,-1.1392037868499756,680,3.0112929344177246,1.5926772356033325,502,0.6869611740112305,0.5383154153823853,628,0.058655500411987305,0.03260684013366699,text,text,0.7389696836471558,0.5445170998573303
251,99501$_$1,2,Positive,1.03489351272583,0.5809555053710938,205,1.2167314291000366,0.6091281175613403,297,-0.05181241035461426,0.03865480422973633,277,-0.281551718711853,0.24391651153564453,text,text,-0.33282291889190674,0.18816053867340088
252,99501$_$0,1,Neutral,0.2917453348636627,-0.07803076505661011,371,0.5728176832199097,0.3392883539199829,8,0.11947906017303467,0.08217619359493256,589,0.5007191896438599,0.4288269877433777,text,vision,0.5438582897186279,0.3149307668209076
253,99501$_$5,0,Negative,1.7140485048294067,-1.1845000982284546,442,0.24078106880187988,0.36289775371551514,637,0.6944963932037354,0.5400318503379822,369,-0.01955389976501465,0.008360028266906738,audio,audio,0.678107738494873,0.5306695103645325
254,99501$_$7,2,Positive,0.7877606153488159,0.5449820160865784,440,-0.7661117315292358,0.38838356733322144,585,-0.26934540271759033,0.13332313299179077,319,-0.9865912199020386,0.8611881136894226,audio,vision,-1.2736045122146606,0.983948290348053
255,9QI-9w_VdB4$_$0,2,Positive,0.42019182443618774,0.30630314350128174,6,0.01515209674835205,0.12781110405921936,491,-0.036889076232910156,0.0505271852016449,706,0.2192080020904541,0.11714182794094086,vision,text,0.1881996989250183,0.1719752550125122
256,AG5EY8ZaFj4$_$3,2,Positive,1.2151594161987305,0.470922589302063,161,1.5426812171936035,0.7315364480018616,181,0.022748231887817383,0.05957973003387451,723,-0.5504298210144043,0.4395834803581238,text,text,-0.5303293466567993,0.5129616260528564
257,AG5EY8ZaFj4$_$15,2,Positive,0.6893212795257568,0.3426118493080139,599,-0.5931978225708008,0.18275588750839233,592,-0.15631341934204102,0.017894834280014038,182,-0.33042705059051514,0.19472885131835938,audio,vision,-0.5008723735809326,0.2265670895576477
258,Arh2TKRi_mg$_$15,2,Positive,2.6100151538848877,1.4316407442092896,166,3.7672648429870605,2.795438289642334,128,-0.016343355178833008,0.012513995170593262,212,0.38588833808898926,0.3048003911972046,text,text,0.36893343925476074,0.2906755208969116
259,Arh2TKRi_mg$_$14,2,Positive,2.0790016651153564,1.2521661520004272,541,1.1774227619171143,0.7510151863098145,689,-0.06363320350646973,6.318092346191406e-06,349,0.1998502016067505,0.12654519081115723,text,text,0.13893866539001465,0.1297316551208496
260,Arh2TKRi_mg$_$16,2,Positive,0.40795695781707764,0.25904473662376404,348,0.20105883479118347,0.21366733312606812,91,-0.040878236293792725,0.0619654655456543,718,-0.2683250904083252,0.21137073636054993,text,text,-0.3088305592536926,0.13647356629371643
261,Arh2TKRi_mg$_$19,2,Positive,0.4535105228424072,0.34020090103149414,350,0.614668607711792,0.390974223613739,411,0.1242033839225769,0.11473867297172546,98,0.2937016785144806,0.21252745389938354,text,text,0.4048508405685425,0.30810317397117615
262,Arh2TKRi_mg$_$32,2,Positive,2.9096646308898926,1.9929835796356201,195,1.494295597076416,0.9974040985107422,86,-0.13875484466552734,0.06881976127624512,330,0.4516935348510742,0.34959876537323,text,text,0.31473827362060547,0.2677663564682007
263,Arh2TKRi_mg$_$28,0,Negative,0.6491603255271912,-0.47334256768226624,343,0.8267303109169006,0.41254639625549316,389,-0.21635150909423828,0.018245458602905273,476,-0.011088788509368896,0.012013345956802368,text,text,-0.22667914628982544,0.031528979539871216
264,Arh2TKRi_mg$_$3,2,Positive,0.4041474759578705,0.3150121569633484,69,-0.2683822214603424,0.21189916133880615,613,-0.18347826600074768,0.030303776264190674,8,0.037867993116378784,0.005123734474182129,vision,text,-0.1422061026096344,0.025375545024871826
265,AxNy9TeTLq8$_$0,2,Positive,2.270792007446289,1.4942294359207153,485,2.0872981548309326,1.2540364265441895,381,0.03248095512390137,0.04158473014831543,185,0.6283445358276367,0.5531117916107178,text,text,0.657923698425293,0.5886350274085999
266,BSKAHXFYF_I$_$1,1,Neutral,0.42218753695487976,-0.050923626869916916,623,0.8005222082138062,0.38510996103286743,618,0.04362767934799194,0.00818212702870369,174,0.021243751049041748,0.020762991160154343,text,text,0.06629252433776855,0.014447230845689774
267,BSKAHXFYF_I$_$3,2,Positive,0.49710381031036377,0.26933565735816956,505,0.8818742036819458,0.41380077600479126,711,-0.054265499114990234,0.04974982142448425,298,-0.17125189304351807,0.12154990434646606,text,text,-0.22551047801971436,0.06989288330078125
268,BSKAHXFYF_I$_$7,1,Neutral,0.34491094946861267,0.05173882097005844,569,0.7830819487571716,0.2563017010688782,356,0.009916722774505615,0.00034894049167633057,430,-0.04102247953414917,0.02513747662305832,text,text,-0.030538737773895264,0.023520126938819885
269,BSKAHXFYF_I$_$8,2,Positive,0.5339512825012207,0.23821493983268738,515,1.5369991064071655,1.020247459411621,518,-0.03779798746109009,0.06887808442115784,571,-0.017729997634887695,0.022077590227127075,text,text,-0.05486178398132324,0.09141203761100769
270,Baz0VVQ-E9E$_$10,0,Negative,0.9689663052558899,-0.5967597961425781,122,-0.23260408639907837,0.3660067319869995,21,-0.36309128999710083,0.2249143123626709,475,0.17482644319534302,0.16531473398208618,vision,text,-0.20205456018447876,0.06722790002822876
271,Baz0VVQ-E9E$_$1,2,Positive,0.008370332419872284,0.012516852468252182,522,-0.5032177567481995,0.18050634860992432,63,0.24048304557800293,0.1403929591178894,340,-0.08230139315128326,0.07096065580844879,audio,text,0.17973899841308594,0.09310486912727356
272,Baz0VVQ-E9E$_$5,0,Negative,0.6011133193969727,-0.45692262053489685,583,0.5345872640609741,0.2643265724182129,614,0.12969622015953064,0.009416371583938599,342,-0.03006058931350708,0.012893110513687134,text,text,0.09800225496292114,0.003964155912399292
273,Baz0VVQ-E9E$_$7,2,Positive,1.0261188745498657,0.70367431640625,419,0.785132110118866,0.6890810132026672,484,0.07929718494415283,0.07825911045074463,462,-0.4780615568161011,0.39286041259765625,text,text,-0.4036613702774048,0.3090531826019287
274,CJGuudyvA0Y$_$4,0,Negative,0.07118359953165054,0.0282079316675663,697,1.7793242931365967,0.6943314075469971,580,0.2553815245628357,0.09064123034477234,516,0.5308796167373657,0.6818821430206299,text,text,0.774363100528717,0.7637255787849426
275,CPjbogfLHR4$_$2,2,Positive,0.09290378540754318,0.07651789486408234,236,-0.3243183493614197,0.34096765518188477,622,-0.08487493544816971,0.07696513831615448,18,0.022395223379135132,0.003796786069869995,vision,text,-0.06325743347406387,0.07418857514858246
276,CPjbogfLHR4$_$5,2,Positive,1.214838981628418,0.5288312435150146,310,0.8316398859024048,0.29331910610198975,140,-0.029433012008666992,0.06871461868286133,173,0.35070109367370605,0.1916700005531311,text,text,0.3157815933227539,0.11062949895858765
277,DdUJojoFU_c$_$11,2,Positive,0.5298829078674316,0.5069987177848816,354,0.06918466091156006,0.26727789640426636,628,-0.008449435234069824,0.16024509072303772,727,-0.006385982036590576,0.0694161057472229,text,text,-0.0016767382621765137,0.10652565956115723
278,DdUJojoFU_c$_$15,2,Positive,1.848451852798462,0.9298719167709351,656,-0.72377610206604,0.6974868774414062,446,0.2879493236541748,0.16094422340393066,205,0.14943134784698486,0.1150481104850769,audio,text,0.43331098556518555,0.2712223529815674
279,DdUJojoFU_c$_$14,2,Positive,1.9450678825378418,1.1432101726531982,633,-1.6197352409362793,1.2842185497283936,255,0.23616766929626465,0.14520001411437988,117,0.8206875324249268,0.6262388825416565,vision,text,1.0256760120391846,0.7308539152145386
280,DdUJojoFU_c$_$17,0,Negative,0.1008450984954834,-0.15202370285987854,640,0.23171675205230713,0.20409929752349854,132,-0.03508102893829346,0.02845562994480133,45,-0.11841559410095215,0.11400586366653442,text,text,-0.1374741494655609,0.09968295693397522
281,DdUJojoFU_c$_$16,2,Positive,2.5803213119506836,1.621469259262085,478,3.2942681312561035,2.1894943714141846,129,0.14839744567871094,0.08684825897216797,299,0.8985023498535156,0.7403521537780762,text,text,1.039945125579834,0.8304080963134766
282,DdUJojoFU_c$_$2,2,Positive,0.5484441518783569,0.5452514290809631,83,1.510727882385254,1.2066535949707031,311,0.028283298015594482,0.2201899290084839,503,0.4442102611064911,0.37769216299057007,text,text,0.45148777961730957,0.5340201258659363
283,DdUJojoFU_c$_$6,2,Positive,0.292156845331192,0.24386559426784515,397,-0.5399065017700195,0.42639923095703125,529,0.08309215307235718,0.03824441134929657,487,0.19233253598213196,0.13667863607406616,vision,text,0.25561439990997314,0.1558663547039032
284,DdUJojoFU_c$_$8,2,Positive,0.2864987850189209,0.22923360764980316,114,0.572259783744812,0.5365794897079468,700,-0.11966407299041748,0.12758757174015045,634,0.2902052402496338,0.1788724660873413,text,text,0.17738357186317444,0.28037160634994507
285,DlbYiwOnTyk$_$1,1,Neutral,0.32177937030792236,0.046735819429159164,55,0.5611575841903687,0.5710060596466064,601,0.3680031895637512,0.111689493060112,568,0.15490737557411194,0.04880739375948906,text,text,0.5055239200592041,0.18423840403556824
286,E8MuzHUhUHk$_$15,2,Positive,2.4658825397491455,1.4124573469161987,33,2.3896143436431885,1.4257557392120361,243,-0.17365694046020508,0.05582845211029053,239,0.5239236354827881,0.46663928031921387,text,text,0.3668029308319092,0.4052332639694214
287,E8MuzHUhUHk$_$14,2,Positive,1.4410154819488525,0.9463125467300415,187,-0.26611995697021484,0.1806875467300415,397,-0.12784314155578613,0.0556178092956543,725,0.5391833782196045,0.44836539030075073,vision,vision,0.42215120792388916,0.4024631381034851
288,E8MuzHUhUHk$_$16,2,Positive,2.103189706802368,1.235643982887268,273,0.3654986619949341,0.15015673637390137,12,0.0677039623260498,0.026302576065063477,710,-0.23528814315795898,0.1947270631790161,text,vision,-0.16710543632507324,0.1696246862411499
289,E8MuzHUhUHk$_$2,2,Positive,0.5085893869400024,0.2775123715400696,383,0.9546293020248413,0.4575836658477783,482,-0.045993685722351074,0.050155699253082275,344,-0.33405959606170654,0.22052323818206787,text,text,-0.3823964595794678,0.1648678183555603
290,E8MuzHUhUHk$_$9,0,Negative,0.2605302929878235,-0.16182370483875275,257,1.5145189762115479,0.5497243404388428,465,-0.19511249661445618,0.06256029009819031,541,-0.016147464513778687,0.005832076072692871,text,text,-0.2082081437110901,0.0681794285774231
291,EEjCkc82oyk$_$7,0,Negative,0.5855405330657959,-0.40834593772888184,158,0.8483301401138306,0.36634495854377747,406,0.3868623971939087,0.02916589379310608,301,-0.03544372320175171,0.013741612434387207,text,text,0.33154749870300293,0.058238863945007324
292,EEjCkc82oyk$_$9,0,Negative,0.5036224126815796,-0.1942339837551117,147,0.03839239478111267,0.016447484493255615,569,0.6869299411773682,0.28138479590415955,150,-0.0772237777709961,0.10029470920562744,audio,audio,0.5454820394515991,0.1500188708305359
293,EQxkXiWAm08$_$8,1,Neutral,0.5385857820510864,-0.15045151114463806,173,1.3217058181762695,0.9146713018417358,366,0.05349960923194885,0.037860333919525146,698,0.03302943706512451,0.02357812225818634,text,text,0.09244051575660706,0.06612708419561386
294,ET1cU5_A2YM$_$1,0,Negative,1.2261974811553955,-0.7217881083488464,186,2.519289493560791,1.3611221313476562,541,0.23419106006622314,0.14016038179397583,329,-0.03526198863983154,0.03357362747192383,text,text,0.21182334423065186,0.10610365867614746
295,ET1cU5_A2YM$_$3,0,Negative,0.13713431358337402,0.11707080155611038,275,0.4322086274623871,0.029265545308589935,330,-0.0071122050285339355,0.03750971704721451,650,0.00882120430469513,0.01617630571126938,text,audio,0.0006600022315979004,0.05781541019678116
296,ET1cU5_A2YM$_$6,0,Negative,0.7627007365226746,-0.5576086044311523,386,2.831897735595703,1.2692636251449585,123,0.3476123511791229,0.027048945426940918,76,-0.017939746379852295,0.013951659202575684,text,text,0.37719348073005676,0.026983559131622314
297,EmmuWoCUgXs$_$22,2,Positive,0.6162842512130737,0.2505204677581787,85,0.8618287444114685,0.3803825378417969,458,-0.17164957523345947,0.10726216435432434,16,0.06821763515472412,0.04052531719207764,text,text,-0.10021400451660156,0.06279772520065308
298,EmmuWoCUgXs$_$7,0,Negative,0.6215473413467407,-0.1948307454586029,216,1.2459425926208496,0.667263388633728,566,-0.2192109227180481,0.1575089395046234,712,-0.08309924602508545,0.0878947377204895,text,text,-0.2951645255088806,0.232889324426651
299,Es9MkKsMsjU$_$10,1,Neutral,0.019740909337997437,-0.09733296185731888,657,1.4393510818481445,1.014069676399231,142,-0.09441453218460083,0.036812011152505875,347,-0.04325410723686218,0.02183585613965988,text,text,-0.13887083530426025,0.05411377176642418
300,Es9MkKsMsjU$_$12,0,Negative,1.1389175653457642,-0.6403223276138306,111,-1.6525264978408813,1.5607203245162964,439,0.031784653663635254,0.02817291021347046,71,0.08608055114746094,0.08473539352416992,vision,text,0.11772632598876953,0.11141848564147949
301,Es9MkKsMsjU$_$2,0,Negative,1.0046923160552979,-0.48454928398132324,74,1.8641619682312012,0.6698320508003235,162,-0.06580603122711182,0.032796621322631836,178,-0.06805408000946045,0.06303578615188599,text,text,-0.13356173038482666,0.09803271293640137
302,Es9MkKsMsjU$_$7,0,Negative,1.798339605331421,-1.2240347862243652,344,2.5253772735595703,1.5721721649169922,135,0.0006185770034790039,0.02067875862121582,333,0.06620955467224121,0.08809185028076172,text,text,0.061472296714782715,0.05773353576660156
303,Ezn3p5FWF_U$_$4,2,Positive,1.8866313695907593,1.3414312601089478,648,0.5876871347427368,0.11702728271484375,14,-0.1709221601486206,0.0367966890335083,289,0.36200952529907227,0.3543543815612793,text,vision,0.18965864181518555,0.3731343746185303
304,F1U26PLiXjM$_$1,2,Positive,0.3044664263725281,0.1764913946390152,345,-0.0020371675491333008,0.06665702164173126,528,0.019636869430541992,0.06911538541316986,360,-0.2731015086174011,0.17282341420650482,audio,vision,-0.2520267367362976,0.2516655921936035
305,F6JV-K840EY$_$2,2,Positive,0.013098739087581635,0.1125829666852951,38,0.6562693119049072,0.9734070301055908,574,0.015387848019599915,0.019834309816360474,447,-0.03694826364517212,0.027100175619125366,text,text,-0.021243378520011902,0.004840075969696045
306,FB_b1dm0SRY$_$10,0,Negative,0.6694502234458923,-0.4452146291732788,299,0.9296334981918335,0.44046932458877563,87,-0.0935126543045044,0.036725521087646484,521,-0.002943694591522217,0.00878751277923584,text,text,-0.1058397889137268,0.04814472794532776
307,FB_b1dm0SRY$_$0,2,Positive,0.11393054574728012,0.1307319700717926,140,-0.10956836491823196,0.05905023217201233,11,0.27248015999794006,0.11951395124197006,295,-0.12985172867774963,0.09838764369487762,audio,audio,0.1606827974319458,0.040188536047935486
308,FB_b1dm0SRY$_$6,0,Negative,0.7620981335639954,-0.3332732021808624,649,2.068730354309082,0.7553718090057373,619,0.08748197555541992,0.020213395357131958,6,-0.15103042125701904,0.17973873019218445,text,text,-0.07210224866867065,0.1642741560935974
309,FB_b1dm0SRY$_$9,0,Negative,1.2330719232559204,-0.7553241848945618,368,-0.45189476013183594,0.34878045320510864,161,-0.12492871284484863,0.06485992670059204,104,-0.04310142993927002,0.049113929271698,vision,text,-0.17016339302062988,0.11560893058776855
310,FB_b1dm0SRY$_$8,2,Positive,0.5079817175865173,0.41707590222358704,453,1.4178225994110107,1.1886752843856812,326,-0.0139007568359375,0.04899260401725769,122,0.4865214228630066,0.39080810546875,text,text,0.4729662239551544,0.3461751639842987
311,FxxJB8hBpyQ$_$1,0,Negative,0.793102502822876,-0.3786564767360687,230,2.6253468990325928,1.383870244026184,98,-0.2810850143432617,0.1812402307987213,497,-0.1988976001739502,0.13524022698402405,text,text,-0.46969592571258545,0.3065929114818573
312,Fy0Uid9afM8$_$0,1,Neutral,0.08109414577484131,-0.005130636505782604,9,-0.4706171751022339,0.31693315505981445,463,-0.07876536250114441,0.01312908623367548,455,-0.02169215679168701,0.05193858966231346,vision,text,-0.09382253885269165,0.058991994708776474
313,Fy0Uid9afM8$_$3,0,Negative,0.3073056936264038,-0.4034321904182434,647,1.295531988143921,1.683298110961914,163,-0.12380841374397278,0.048280954360961914,7,0.0021621286869049072,0.004082351922988892,text,text,-0.12100875377655029,0.043684959411621094
314,Fy0Uid9afM8$_$5,0,Negative,0.5280369520187378,-0.39871618151664734,339,2.3938894271850586,1.7563579082489014,204,0.06788092851638794,0.01680275797843933,359,0.011940598487854004,0.013614386320114136,text,text,0.07998484373092651,0.003574460744857788
315,Fy0Uid9afM8$_$4,0,Negative,0.3059723675251007,-0.23384547233581543,721,1.5997885465621948,0.7899549007415771,200,-0.5430893898010254,0.18719348311424255,294,0.0321044921875,0.05256521701812744,text,text,-0.500876784324646,0.14506366848945618
316,H1DpVwktfDQ$_$0,0,Negative,0.3995404541492462,-0.31617701053619385,72,0.05756637454032898,0.012180209159851074,1,-0.2792024314403534,0.19034945964813232,271,-0.006641030311584473,0.01984196901321411,text,audio,-0.2901395857334137,0.2095712423324585
317,HGicRLwgtkM$_$1,2,Positive,1.3496677875518799,1.005331039428711,58,1.5018302202224731,1.1469907760620117,29,-0.041024208068847656,0.29227954149246216,85,0.9139460325241089,0.7115674018859863,text,text,0.8646111488342285,0.924231767654419
318,HGicRLwgtkM$_$3,2,Positive,0.6711201667785645,0.5108188390731812,588,-0.2733747959136963,0.33274316787719727,229,0.07982361316680908,0.24359670281410217,43,0.529714047908783,0.3864482641220093,vision,vision,0.5706747174263,0.5586674213409424
319,HGicRLwgtkM$_$2,2,Positive,1.7870984077453613,1.067234754562378,2,0.859167218208313,0.33877795934677124,260,0.15031099319458008,0.11966025829315186,607,1.1306757926940918,0.8459648489952087,vision,vision,1.2372946739196777,0.9032663106918335
320,HGicRLwgtkM$_$6,2,Positive,1.4020353555679321,0.8539308309555054,82,1.8149853944778442,1.086352825164795,380,0.2519160509109497,0.023435473442077637,707,0.3090397119522095,0.2592023015022278,text,text,0.540771484375,0.25912463665008545
321,HmXXW45eZL4$_$1,0,Negative,0.050014663487672806,0.08523310720920563,259,1.7924203872680664,0.6956812143325806,625,0.2206161469221115,0.08042395114898682,677,-0.030939724296331406,0.0009720176458358765,text,text,0.18012548983097076,0.07347849011421204
322,HmXXW45eZL4$_$4,0,Negative,2.142026901245117,-1.4723674058914185,451,3.6502175331115723,1.6925053596496582,478,0.22222697734832764,0.16240417957305908,424,0.011646032333374023,0.018251538276672363,text,text,0.23355340957641602,0.1820923089981079
323,IM6HW1HwHhM$_$11,0,Negative,0.28931617736816406,0.040175773203372955,361,2.0066184997558594,1.2405356168746948,234,0.029307663440704346,0.018512412905693054,28,-0.3228724002838135,0.26156169176101685,text,text,-0.27552586793899536,0.2623082399368286
324,IM6HW1HwHhM$_$15,2,Positive,1.3610272407531738,0.8745666146278381,658,-0.6281135082244873,0.2754669785499573,612,-0.1389305591583252,0.002372920513153076,580,0.3269073963165283,0.24958908557891846,vision,text,0.1931089162826538,0.2505123019218445
325,IM6HW1HwHhM$_$17,2,Positive,1.8832823038101196,1.2083604335784912,632,-1.0843325853347778,0.922959566116333,402,0.04082596302032471,0.0575716495513916,584,0.5181701183319092,0.41964173316955566,vision,text,0.5558944940567017,0.4704355001449585
326,IUmxJNs2zaY$_$3,2,Positive,0.5657711625099182,0.2524135112762451,358,0.8579587936401367,0.39860084652900696,627,-0.12772327661514282,0.007280439138412476,184,0.046723008155822754,0.028665214776992798,text,text,-0.07738637924194336,0.026521235704421997
327,IUmxJNs2zaY$_$2,1,Neutral,0.3295588195323944,-0.1974537968635559,703,0.703520655632019,0.4685211777687073,400,0.01692056655883789,0.050755977630615234,684,0.0386011004447937,0.06266403198242188,text,text,0.046585530042648315,0.018112704157829285
328,JAnRCQ9A0vI$_$1,2,Positive,0.8805519342422485,0.5125362277030945,370,0.09853971004486084,0.06632572412490845,595,-0.008531451225280762,0.09592670202255249,172,0.3279503583908081,0.1502545177936554,vision,vision,0.3193855285644531,0.2501286268234253
329,JAnRCQ9A0vI$_$0,1,Neutral,0.31626033782958984,-0.035348765552043915,596,1.835270643234253,1.4556423425674438,252,-0.02126064896583557,0.013383455574512482,67,0.07798108458518982,0.02132454141974449,text,text,0.05094441771507263,0.0027362853288650513
330,JAnRCQ9A0vI$_$3,2,Positive,1.3098403215408325,0.8922872543334961,558,-0.03527176380157471,0.0020494461059570312,653,0.050296664237976074,0.09775352478027344,577,-0.34199059009552,0.3455493450164795,audio,vision,-0.28505754470825195,0.24294626712799072
331,JAnRCQ9A0vI$_$2,2,Positive,1.2016453742980957,0.8018149137496948,164,2.3801465034484863,1.8926805257797241,113,-0.020164847373962402,0.06404876708984375,109,0.2060847282409668,0.13370299339294434,text,text,0.1864234209060669,0.1948014497756958
332,JAnRCQ9A0vI$_$5,2,Positive,1.5766360759735107,0.8731979727745056,165,1.9673755168914795,1.0897406339645386,394,0.055493950843811035,0.09335237741470337,158,0.1988527774810791,0.1331973671913147,text,text,0.25183844566345215,0.22112220525741577
333,JAnRCQ9A0vI$_$4,2,Positive,0.39523792266845703,0.23074690997600555,676,-0.9455076456069946,0.469737708568573,100,0.11859989166259766,0.011958584189414978,604,0.21139481663703918,0.14030486345291138,vision,text,0.3115355670452118,0.13755154609680176
334,JAnRCQ9A0vI$_$8,2,Positive,1.0214207172393799,0.6364833116531372,687,-0.2812148332595825,0.08425915241241455,214,0.16145110130310059,0.14951282739639282,207,-0.1511671543121338,0.14302349090576172,audio,audio,0.018786191940307617,0.023076295852661133
335,JOK1SSmPtFw$_$10,2,Positive,0.5631922483444214,0.18558615446090698,460,0.2648075819015503,0.010310739278793335,377,-0.00011670589447021484,0.10959887504577637,291,0.1028795838356018,0.05771265923976898,text,audio,0.10759294033050537,0.037757501006126404
336,JOK1SSmPtFw$_$13,2,Positive,0.8000620603561401,0.5024734139442444,524,0.6078737378120422,0.38725513219833374,403,0.08436906337738037,0.05230981111526489,217,0.04241025447845459,0.008607566356658936,text,text,0.1310020089149475,0.03953683376312256
337,JOK1SSmPtFw$_$14,2,Positive,0.2158690094947815,0.040077704936265945,92,1.4538278579711914,1.4698210954666138,598,0.06032487750053406,0.08814610540866852,418,0.1477339267730713,0.09198018908500671,text,text,0.1915428638458252,0.010156210511922836
338,JOK1SSmPtFw$_$16,2,Positive,0.7625751495361328,0.17646750807762146,565,1.4316868782043457,0.6591042280197144,421,-0.0743870735168457,0.09788843989372253,69,0.28881555795669556,0.16859212517738342,text,text,0.2255479097366333,0.08165223896503448
339,JOK1SSmPtFw$_$0,2,Positive,2.3091092109680176,1.592935562133789,17,3.1318655014038086,2.5598344802856445,321,0.037331342697143555,0.025499820709228516,576,0.24344921112060547,0.2102440595626831,text,text,0.27747082710266113,0.18129324913024902
340,JOK1SSmPtFw$_$5,2,Positive,0.340134859085083,0.2607027292251587,133,0.6605015993118286,0.4080785810947418,307,-0.11676716804504395,0.05249530076980591,60,0.2012331783771515,0.1483209878206253,text,text,0.09517571330070496,0.10370634496212006
341,JOK1SSmPtFw$_$4,2,Positive,1.086815595626831,0.3891744017601013,90,0.8368237018585205,0.07354158163070679,350,-0.08478856086730957,0.10431885719299316,231,0.13792645931243896,0.09879755973815918,text,audio,0.05900168418884277,0.0026060938835144043
342,JOK1SSmPtFw$_$8,2,Positive,0.5950518846511841,0.21763761341571808,470,0.5473523736000061,0.17288556694984436,257,-0.07340723276138306,0.10385216772556305,106,0.23478317260742188,0.1514098346233368,text,text,0.16398954391479492,0.04247525334358215
343,JPT38CA3sGI$_$1,0,Negative,-0.09450385719537735,0.05348324030637741,671,2.0279481410980225,1.7853443622589111,473,0.25860023498535156,0.0030718855559825897,68,-0.15931692719459534,0.09291458129882812,text,text,0.0871494933962822,0.07973776012659073
344,JPT38CA3sGI$_$0,2,Positive,0.8065698146820068,0.5452521443367004,135,1.9410909414291382,1.7553791999816895,493,-0.1359090805053711,0.01798337697982788,309,-0.04241740703582764,0.09908533096313477,text,text,-0.17570900917053223,0.11563801765441895
345,JPT38CA3sGI$_$5,2,Positive,0.6207752227783203,0.3320041298866272,615,-1.6978015899658203,1.491170883178711,370,0.014681816101074219,0.02693420648574829,655,0.010669708251953125,7.56680965423584e-05,audio,text,0.025172948837280273,0.02824091911315918
346,JVpF99zuQhA$_$0,2,Positive,0.6899226903915405,0.2705869972705841,634,-1.0718104839324951,1.3709475994110107,333,0.03949040174484253,0.0016463398933410645,33,-0.08277571201324463,0.06284508109092712,audio,text,-0.04265952110290527,0.062076181173324585
347,JVpF99zuQhA$_$2,2,Positive,0.2968747019767761,0.099410779774189,689,-1.6690683364868164,1.1212373971939087,59,0.13795864582061768,0.007588915526866913,9,-0.03314340114593506,0.027521558105945587,audio,text,0.10856005549430847,0.030410848557949066
348,JVpF99zuQhA$_$4,1,Neutral,0.4394870698451996,-0.008196692913770676,445,1.7561964988708496,1.4428070783615112,384,-0.044397175312042236,0.06946158409118652,460,0.013232052326202393,0.0024272683076560497,text,text,-0.03180128335952759,0.06847728788852692
349,K0m1tO3Ybyc$_$15,2,Positive,1.1356115341186523,0.664655864238739,36,-0.41050195693969727,0.43526285886764526,159,0.22452926635742188,0.050550758838653564,119,0.5416452288627625,0.43304523825645447,vision,text,0.7433786392211914,0.47778838872909546
350,K0m1tO3Ybyc$_$8,2,Positive,0.07735864073038101,0.2129569947719574,65,0.3200141489505768,0.3348937928676605,52,0.1882064938545227,0.14443503320217133,722,0.5066500306129456,0.4374519884586334,vision,vision,0.6512773633003235,0.5438801646232605
351,K8gp7ncdUl8$_$5,1,Neutral,0.13974958658218384,0.14203950762748718,586,0.5683300495147705,0.6356056928634644,121,-0.18619853258132935,0.15206728875637054,466,0.49135756492614746,0.4326985776424408,text,text,0.3388978838920593,0.2836305797100067
352,KDjl2exStlI$_$10,1,Neutral,0.7195069789886475,-0.23447182774543762,379,0.17997491359710693,0.13560491800308228,226,0.4507981240749359,0.245304137468338,445,0.027747273445129395,0.013995707035064697,audio,audio,0.4787267744541168,0.2659129798412323
353,KDjl2exStlI$_$13,1,Neutral,0.4796840250492096,-0.10461883246898651,392,0.07622146606445312,0.28434091806411743,382,0.12126624584197998,0.16795624792575836,201,0.09525054693222046,0.11102114617824554,audio,text,0.21794545650482178,0.08461044728755951
354,KDjl2exStlI$_$5,1,Neutral,0.6773260831832886,0.07994789630174637,217,0.7378684282302856,0.241262286901474,660,0.09188985824584961,0.06817684322595596,696,0.08367729187011719,0.03444037586450577,text,text,0.20948383212089539,0.03536347299814224
355,KDjl2exStlI$_$4,1,Neutral,0.5865365266799927,0.07133372873067856,155,1.9447777271270752,1.4598077535629272,357,0.1393483579158783,0.09497617930173874,380,0.007706284523010254,0.13542380928993225,text,text,0.1250675618648529,0.05788492038846016
356,KkKWFZZmmCM$_$1,2,Positive,1.1769591569900513,1.01234769821167,489,0.23388874530792236,0.5188841223716736,108,-0.04344642162322998,0.029458284378051758,256,0.04264366626739502,0.014236390590667725,text,text,-0.0008529424667358398,0.016467809677124023
357,KpMCvUyQCXg$_$1,1,Neutral,0.2053137719631195,-0.23464354872703552,66,1.0349397659301758,1.1319500207901,230,-0.03202730417251587,0.048643022775650024,52,-0.009158849716186523,0.01712721586227417,text,text,-0.03788113594055176,0.05677106976509094
358,KpMCvUyQCXg$_$3,1,Neutral,0.12984582781791687,-0.19183704257011414,417,-0.24842214584350586,0.009883984923362732,675,0.08682200312614441,0.06844216585159302,337,0.040042996406555176,0.02626359462738037,audio,audio,0.12137733399868011,0.09506502747535706
359,KpMCvUyQCXg$_$5,2,Positive,0.7329553365707397,0.29568541049957275,56,1.2264851331710815,0.7873992919921875,460,0.03954613208770752,0.01996976137161255,450,-0.1912832260131836,0.12509122490882874,text,text,-0.14766186475753784,0.09781122207641602
360,L1eFHRQGFeg$_$2,0,Negative,0.030603695660829544,0.08747317641973495,351,0.730344831943512,0.05967087298631668,94,-0.12885990738868713,0.0942487120628357,500,-0.09458519518375397,0.13837145268917084,text,vision,-0.20906446874141693,0.216781884431839
361,MCsvw5-7lVE$_$1,2,Positive,1.7666195631027222,1.286478042602539,29,-0.1173626184463501,0.2000715732574463,227,-0.073403000831604,0.012050747871398926,171,0.6654574871063232,0.6257776021957397,vision,vision,0.5926390886306763,0.630166232585907
362,MCsvw5-7lVE$_$2,2,Positive,1.2781811952590942,0.9058855175971985,326,0.7824610471725464,0.6817994713783264,506,0.07211911678314209,0.01096409559249878,103,0.11381661891937256,0.1127786636352539,text,text,0.18705713748931885,0.10631024837493896
363,MCsvw5-7lVE$_$4,2,Positive,0.926640510559082,0.5909130573272705,235,1.6050331592559814,0.9128957390785217,352,0.11721909046173096,0.33749762177467346,436,0.1220213770866394,0.1571979522705078,text,text,0.24208581447601318,0.41308408975601196
364,MMpo2bDk-DU$_$10,2,Positive,0.3354587256908417,0.2820937931537628,373,-2.604344367980957,1.7697598934173584,340,0.08347269892692566,0.05510282516479492,501,-0.24948182702064514,0.19082802534103394,audio,text,-0.16257783770561218,0.12771224975585938
365,MMpo2bDk-DU$_$17,0,Negative,0.1655765324831009,0.015913793817162514,110,-1.559342861175537,1.188490629196167,623,0.12745913863182068,0.025097092613577843,40,-0.07630486786365509,0.11053141206502914,audio,text,0.03728596866130829,0.09550721943378448
366,MMpo2bDk-DU$_$16,0,Negative,0.13228508830070496,-0.08898209035396576,330,1.4709290266036987,0.9560378789901733,695,0.09365405142307281,0.013344906270503998,362,-0.032916173338890076,0.03558775782585144,text,text,0.056411370635032654,0.023445039987564087
367,MMpo2bDk-DU$_$19,2,Positive,2.1379213333129883,1.2495752573013306,318,1.9454503059387207,1.0537135601043701,75,0.00757145881652832,0.008716464042663574,346,0.332843542098999,0.2992217540740967,text,text,0.3404679298400879,0.3079083561897278
368,MjaaudUc5-4$_$1,0,Negative,1.7674213647842407,-1.1468822956085205,494,3.161372184753418,1.4819430112838745,71,1.247092843055725,0.6237812638282776,439,0.05331242084503174,0.032610177993774414,text,text,1.309342861175537,0.6372630596160889
369,MjaaudUc5-4$_$0,2,Positive,0.4744587540626526,0.3214961588382721,701,0.13241595029830933,0.20561867952346802,671,-0.03481537103652954,0.02092844247817993,240,0.14793601632118225,0.08941520750522614,vision,text,0.11379072070121765,0.06796365976333618
370,MjaaudUc5-4$_$3,2,Positive,0.5319669842720032,0.42997145652770996,356,-0.4283539652824402,0.4377305507659912,126,-0.19678276777267456,0.011327981948852539,419,-0.7671200633049011,0.7071691751480103,audio,vision,-0.9467456936836243,0.6256997585296631
371,MjaaudUc5-4$_$6,0,Negative,0.7461221218109131,-0.4465413987636566,403,0.48346951603889465,0.18946656584739685,313,0.13898861408233643,0.06815841794013977,499,0.07248330116271973,0.005110293626785278,text,text,0.20177286863327026,0.05733633041381836
372,MoQmPA7Q07Q$_$1,2,Positive,0.5828111171722412,0.4908614754676819,178,-0.6359138488769531,0.3271946310997009,631,-0.024547457695007324,0.007180929183959961,331,-0.07204008102416992,0.019697606563568115,audio,text,-0.09657919406890869,0.012672364711761475
373,MoQmPA7Q07Q$_$2,2,Positive,3.091261148452759,2.204205274581909,265,1.0415866374969482,0.8707616329193115,170,0.013954877853393555,0.01829981803894043,183,0.23521685600280762,0.19710421562194824,text,text,0.24950361251831055,0.17473244667053223
374,N1X63d_jgmw$_$5,2,Positive,0.4237023591995239,0.41715067625045776,80,0.6565713882446289,0.5023379325866699,44,-0.06505143642425537,0.04142281413078308,352,0.1135786771774292,0.07069838047027588,text,text,0.050419896841049194,0.10692936182022095
375,N5xfBtD6rLY$_$7,1,Neutral,0.5588060617446899,0.17611783742904663,476,0.5345402359962463,0.5447973012924194,438,0.08278945088386536,0.040914133191108704,559,0.06841239333152771,0.024679601192474365,text,text,0.15462788939476013,0.07045364379882812
376,NoZsdSGnNpI$_$7,2,Positive,0.4649842381477356,0.39744728803634644,628,-0.0628785490989685,0.22828547656536102,120,-0.08520299196243286,0.020811229944229126,663,-0.032400429248809814,0.07495167851448059,vision,text,-0.10882431268692017,0.03704577684402466
377,Nrurc5sMUOE$_$5,0,Negative,0.9812889099121094,-0.5916357040405273,10,-0.28362762928009033,0.3600499629974365,457,0.033081650733947754,0.020471811294555664,672,0.13315606117248535,0.1616617739200592,vision,text,0.13983511924743652,0.16485607624053955
378,Nrurc5sMUOE$_$7,0,Negative,0.23472937941551208,-0.22965864837169647,616,-1.2578214406967163,0.6525108218193054,283,-0.11604541540145874,0.01405327022075653,603,-0.030176430940628052,0.010515525937080383,vision,text,-0.1437254548072815,0.019193008542060852
379,Nrurc5sMUOE$_$8,0,Negative,0.138096883893013,-0.1372223049402237,396,1.1896610260009766,0.6495358347892761,593,0.23940825462341309,0.05186273157596588,699,-0.02862362563610077,0.07531809061765671,text,text,0.17884334921836853,0.00280018150806427
380,NzvNW7vP-Co$_$5,2,Positive,0.9582053422927856,0.7443965673446655,281,-0.260400652885437,0.08895808458328247,563,-0.019269824028015137,0.033710360527038574,41,-0.02024209499359131,0.006484031677246094,audio,text,-0.03690612316131592,0.03157681226730347
381,NzvNW7vP-Co$_$4,1,Neutral,0.08023889362812042,-0.03139463812112808,692,-0.2635003328323364,0.3624539077281952,286,0.03033609688282013,0.07012053579092026,249,0.014403268694877625,0.017654716968536377,audio,text,0.0411805659532547,0.05148135870695114
382,NzvNW7vP-Co$_$7,2,Positive,0.21765631437301636,0.27003195881843567,698,-0.1954026222229004,0.01915907859802246,76,-0.1822914481163025,0.12173345685005188,396,-0.42308634519577026,0.34990230202674866,audio,vision,-0.6054796576499939,0.4599517285823822
383,OLP0nCKwU6k$_$6,0,Negative,0.2559172809123993,-0.22561004757881165,243,2.767094135284424,1.8880703449249268,20,-0.14819982647895813,0.07371515035629272,534,0.08020444214344025,0.04015806317329407,text,text,-0.07925385236740112,0.1049477681517601
384,OrYBtyO0aPI$_$1,0,Negative,0.04479677975177765,-0.23466463387012482,109,-0.06657466292381287,0.008435234427452087,710,0.11352844536304474,0.14448615908622742,144,-0.027116477489471436,0.01680375635623932,audio,audio,0.12023178488016129,0.20144210755825043
385,OrYBtyO0aPI$_$4,2,Positive,1.7600064277648926,1.127377986907959,366,1.9258930683135986,1.3066844940185547,225,0.02609848976135254,0.0338214635848999,4,0.4116983413696289,0.3758869171142578,text,text,0.4407353401184082,0.35514330863952637
386,PboaYD5hlG8$_$10,2,Positive,2.1855826377868652,1.3232089281082153,479,3.3267879486083984,2.715257167816162,210,-0.09060955047607422,0.016756057739257812,31,0.7068139314651489,0.6709870100021362,text,text,0.6152360439300537,0.6769042015075684
387,PboaYD5hlG8$_$3,2,Positive,1.490403175354004,1.1651928424835205,297,0.5278475284576416,0.6303918361663818,608,-0.1892259120941162,0.12604522705078125,560,0.11531519889831543,0.107840895652771,text,text,-0.06669211387634277,0.019820332527160645
388,PboaYD5hlG8$_$2,2,Positive,0.6307327747344971,0.31073516607284546,418,0.6420242190361023,0.3256383538246155,464,-0.04136312007904053,0.1363591104745865,358,0.28492122888565063,0.19909341633319855,text,text,0.23806220293045044,0.3150121569633484
389,PboaYD5hlG8$_$7,0,Negative,0.07600782066583633,0.10445970296859741,635,-0.2887890338897705,0.25142747163772583,175,0.07975435256958008,0.03763242065906525,491,-0.04981004446744919,0.09394221007823944,audio,text,0.03961262106895447,0.11966264247894287
390,PboaYD5hlG8$_$9,2,Positive,0.32918259501457214,0.41732215881347656,600,0.13733971118927002,0.060219377279281616,268,-0.07406777143478394,0.04096898436546326,670,0.4830922782421112,0.40495359897613525,vision,vision,0.3902931809425354,0.4008404612541199
391,PboaYD5hlG8$_$8,2,Positive,0.12947887182235718,0.3387301564216614,130,-0.21038097143173218,0.09391266107559204,721,-0.11340206861495972,0.03295201063156128,664,0.3898260295391083,0.3740243911743164,vision,vision,0.27263474464416504,0.3690986931324005
392,Pt-D0LUHDSc$_$2,2,Positive,1.6381527185440063,1.0244940519332886,313,1.9949195384979248,1.3412518501281738,167,0.039919257164001465,0.0015826225280761719,59,0.8792775869369507,0.721088171005249,text,text,0.9062864780426025,0.7020934820175171
393,PwapK9d8IGk$_$4,0,Negative,-0.04359907656908035,-0.060410186648368835,639,1.3452249765396118,0.6801819801330566,130,-0.20389112830162048,0.026956431567668915,345,0.07782776653766632,0.1081695631146431,text,text,-0.1118060052394867,0.1437046229839325
394,PyQrAYl1bFs$_$0,2,Positive,1.571631908416748,0.7764531970024109,381,1.5262696743011475,0.7178519368171692,544,0.10022485256195068,0.04788583517074585,379,0.7622276544570923,0.5953954458236694,text,text,0.8461485505104065,0.6218521595001221
395,PyQrAYl1bFs$_$3,2,Positive,2.3680801391601562,1.6337231397628784,432,1.660853385925293,0.992655336856842,416,-0.0684211254119873,0.05556762218475342,145,-0.0027451515197753906,0.0151597261428833,text,text,-0.07096695899963379,0.07052862644195557
396,PyQrAYl1bFs$_$4,2,Positive,1.2138471603393555,0.8672847747802734,352,0.9925305247306824,0.753553032875061,339,0.16373276710510254,0.11717915534973145,642,-0.40430450439453125,0.30998098850250244,text,text,-0.23788821697235107,0.1897568702697754
397,Q4WzApjaCNI$_$0,2,Positive,0.3949458599090576,0.15477344393730164,425,0.5783682465553284,0.3339765667915344,409,0.18882307410240173,0.06883883476257324,569,0.1736120581626892,0.10320830345153809,text,text,0.3479015529155731,0.16525894403457642
398,Q7S0tX4FUNA$_$4,2,Positive,0.7846028804779053,0.4745940566062927,407,0.976398766040802,0.5562112927436829,459,0.08574438095092773,0.04062288999557495,608,0.3564251661300659,0.26919025182724,text,text,0.43016451597213745,0.29997724294662476
399,Q7S0tX4FUNA$_$7,2,Positive,0.24515080451965332,0.14601017534732819,8,0.11317205429077148,0.1613812893629074,420,0.1375477910041809,0.008982181549072266,386,-0.27189743518829346,0.22378979623317719,audio,vision,-0.1332980990409851,0.23384420573711395
400,Q7S0tX4FUNA$_$8,0,Negative,0.5855867266654968,-0.34356689453125,188,2.2314705848693848,1.2252922058105469,60,-0.5450565218925476,0.3477790355682373,417,-0.0375136137008667,0.06367146968841553,text,text,-0.5681728720664978,0.4004397392272949
401,Qa6Yz62V-Yc$_$0,2,Positive,0.4643760919570923,0.3295396566390991,62,1.5023488998413086,1.4070483446121216,300,-0.08395087718963623,0.09948235750198364,701,0.2898789644241333,0.21564936637878418,text,text,0.22294175624847412,0.13984820246696472
402,QjcQx8_PQfw$_$10,2,Positive,1.3662543296813965,0.8991549015045166,141,1.8700263500213623,1.2511398792266846,237,0.23956966400146484,0.12070989608764648,528,-0.4693756103515625,0.41939079761505127,text,text,-0.2357957363128662,0.32221460342407227
403,QjcQx8_PQfw$_$7,0,Negative,0.34261319041252136,-0.2508596181869507,450,2.3490238189697266,1.4770513772964478,308,0.1561775803565979,0.0053768157958984375,29,-0.006021678447723389,0.04466146230697632,text,text,0.14028528332710266,0.03720632195472717
404,QpchvHpGFc8$_$3,1,Neutral,0.008971184492111206,-0.07053844630718231,710,0.9250271320343018,1.3517082929611206,262,0.023356184363365173,0.010552763938903809,592,-0.04185262322425842,0.03308722376823425,text,text,-0.012251228094100952,0.04354357719421387
405,RArhIHk4Qs4$_$13,2,Positive,0.11715906113386154,-0.026334157213568687,124,0.20426811277866364,0.22350718080997467,192,-0.05621577054262161,0.06496455520391464,200,0.3010457754135132,0.19358034431934357,vision,text,0.24903017282485962,0.12047461420297623
406,RArhIHk4Qs4$_$17,0,Negative,0.5240594148635864,-0.46706652641296387,612,1.9496855735778809,0.5283981561660767,570,-0.5723073482513428,0.24034583568572998,191,-0.0314178466796875,0.0167199969291687,text,text,-0.5329842567443848,0.1892101764678955
407,RArhIHk4Qs4$_$16,1,Neutral,0.10479357838630676,-0.3102465867996216,231,-0.1280524730682373,0.007176339626312256,38,0.11230409145355225,0.06754723191261292,423,0.01896989345550537,0.0019335448741912842,audio,audio,0.13407489657402039,0.08473709225654602
408,RArhIHk4Qs4$_$19,1,Neutral,0.5890586376190186,-0.06531137973070145,694,1.6371382474899292,1.362610101699829,332,0.1117609441280365,0.09229356050491333,276,-0.032442688941955566,0.020272783935070038,text,text,0.08500218391418457,0.11462099850177765
409,RArhIHk4Qs4$_$1,2,Positive,1.2778586149215698,0.6403295397758484,540,0.775809645652771,0.08623379468917847,599,-0.04501545429229736,0.05127185583114624,11,0.43487483263015747,0.33084264397621155,text,vision,0.39733994007110596,0.2936035990715027
410,RArhIHk4Qs4$_$2,2,Positive,0.1491556465625763,0.12118841707706451,670,0.5136687159538269,0.34700024127960205,141,-0.049187928438186646,0.10515385866165161,550,-0.06643575429916382,0.04334557056427002,text,text,-0.11949041485786438,0.1593628078699112
411,RArhIHk4Qs4$_$7,2,Positive,1.5966287851333618,0.904456377029419,563,1.1831482648849487,0.6955540180206299,423,-0.1744006872177124,0.15629923343658447,431,0.6476322412490845,0.548004150390625,text,text,0.48777973651885986,0.4297425150871277
412,RArhIHk4Qs4$_$6,0,Negative,0.35197344422340393,-0.30616044998168945,376,0.7817724943161011,0.6040471792221069,242,0.2001105546951294,0.03767704963684082,641,0.030434221029281616,0.036933958530426025,text,text,0.24162781238555908,0.08239403367042542
413,RArhIHk4Qs4$_$8,2,Positive,0.13199597597122192,0.19101829826831818,68,1.197019338607788,1.241095781326294,263,-0.07021242380142212,0.06002064049243927,308,-0.6945223212242126,0.7091941833496094,text,text,-0.7646567225456238,0.7851974368095398
414,RArhIHk4Qs4$_$21,2,Positive,1.9324619770050049,0.906540036201477,459,1.9659847021102905,0.8845540285110474,393,0.03172802925109863,0.015344619750976562,198,0.5572707653045654,0.355569064617157,text,text,0.591679573059082,0.3406175374984741
415,ROcTx5VEn7o$_$11,1,Neutral,0.41089966893196106,0.11349447071552277,46,0.20607396960258484,0.36196595430374146,272,-0.12251302599906921,0.14202354848384857,416,-0.06382477283477783,0.04174745827913284,text,text,-0.17671272158622742,0.16187386214733124
416,ROcTx5VEn7o$_$1,1,Neutral,0.5478010177612305,-0.005440363194793463,338,0.15128299593925476,0.08296480774879456,586,-0.1106177568435669,0.054158858954906464,22,-0.04888510704040527,0.04328087717294693,text,text,-0.16467249393463135,0.0031515550799667835
417,ROcTx5VEn7o$_$5,1,Neutral,0.22862085700035095,-0.12012655287981033,438,0.5593007802963257,0.8148825764656067,651,0.04850485920906067,0.02872513234615326,505,-0.11916857957839966,0.022374413907527924,text,text,-0.05625730752944946,0.0043008700013160706
418,ROcTx5VEn7o$_$9,1,Neutral,0.3936525881290436,-0.1535327136516571,631,0.4996776580810547,0.1214817464351654,16,0.0412975549697876,0.002508103847503662,220,-0.031907856464385986,0.01393061876296997,text,text,0.01154869794845581,0.010562717914581299
419,RrGpzInAwCg$_$0,2,Positive,0.9683947563171387,0.46256041526794434,413,-0.2712920904159546,0.8207179307937622,516,-0.06125974655151367,0.05390119552612305,214,0.44451063871383667,0.3232956528663635,vision,text,0.3953220844268799,0.2884933352470398
420,RzOFxDk26p0$_$1,2,Positive,2.3276920318603516,1.6030175685882568,433,1.4089081287384033,0.7821458578109741,327,0.020851612091064453,0.10924649238586426,537,0.22333288192749023,0.23433220386505127,text,text,0.24820256233215332,0.3418405055999756
421,RzOFxDk26p0$_$0,2,Positive,0.5699248313903809,0.27039819955825806,134,1.163343906402588,0.802510678768158,404,0.0310823917388916,0.027182847261428833,465,0.18082168698310852,0.12790007889270782,text,text,0.20588582754135132,0.14778774976730347
422,SHa756SwGJQ$_$0,1,Neutral,0.5444886684417725,-0.009482510387897491,435,0.10186287760734558,0.1007496789097786,468,0.4603799879550934,0.012464829720556736,494,0.4245980679988861,0.3743150234222412,audio,vision,0.8786670565605164,0.4082567095756531
423,SHa756SwGJQ$_$2,2,Positive,0.7352659702301025,0.48189276456832886,192,-0.0737452507019043,0.0518721342086792,101,0.14344948530197144,0.059551119804382324,244,0.09937775135040283,0.11451610922813416,audio,vision,0.23885810375213623,0.16573762893676758
424,SHa756SwGJQ$_$4,0,Negative,0.06574708223342896,-0.1597009301185608,4,1.1639704704284668,0.8199021220207214,315,0.10020583122968674,0.016573980450630188,610,0.008362628519535065,0.021016478538513184,text,text,0.11515410989522934,0.010230928659439087
425,SHa756SwGJQ$_$7,1,Neutral,0.03997093439102173,-0.116175077855587,306,0.42837652564048767,0.3598497211933136,448,-0.171230286359787,0.14020892977714539,646,0.032189756631851196,0.08414913713932037,text,text,-0.1462167203426361,0.07032538205385208
426,SHa756SwGJQ$_$6,2,Positive,0.22526660561561584,0.12908099591732025,98,-0.5056784152984619,0.1419426053762436,533,0.3066801428794861,0.16407930850982666,451,-0.7603214979171753,0.6038234233856201,audio,vision,-0.36567994952201843,0.32583820819854736
427,TH32jop4FiI$_$15,0,Negative,0.17760026454925537,-0.3973340392112732,591,1.1172736883163452,0.7873192429542542,432,-0.2595243752002716,0.06444787979125977,55,0.006276875734329224,0.00398978590965271,text,text,-0.23866382241249084,0.07735419273376465
428,TH32jop4FiI$_$17,2,Positive,0.883831262588501,0.3846953511238098,423,0.1537129282951355,0.0034270882606506348,240,0.2353062629699707,0.04277825355529785,390,-0.7692748308181763,0.6592734456062317,audio,vision,-0.5049924850463867,0.5948136448860168
429,TWszOxkOV0w$_$1,0,Negative,0.655827522277832,-0.20736965537071228,226,0.3497397005558014,0.11327305436134338,145,0.019394278526306152,0.03828148543834686,179,-0.0038067102432250977,0.020173490047454834,text,text,0.03161400556564331,0.04251864552497864
430,TXCXFYIc3Yo$_$16,2,Positive,0.5254330635070801,0.36801591515541077,104,0.5959459543228149,0.39746642112731934,617,0.07037866115570068,0.0745638906955719,356,-0.10315895080566406,0.07286065816879272,text,text,-0.0285336971282959,0.009130746126174927
431,TXCXFYIc3Yo$_$2,2,Positive,1.067685604095459,0.6709059476852417,253,1.709601879119873,1.3768534660339355,572,0.03539431095123291,0.048980116844177246,305,-0.41493022441864014,0.363625168800354,text,text,-0.37984132766723633,0.30692750215530396
432,TXCXFYIc3Yo$_$7,2,Positive,0.6537100672721863,0.6164442300796509,204,-0.47931843996047974,0.273933470249176,253,0.3072281777858734,0.2541924715042114,339,-0.32253342866897583,0.32207047939300537,audio,vision,0.010021746158599854,0.04191267490386963
433,TXCXFYIc3Yo$_$6,2,Positive,0.7710582613945007,0.6084480881690979,293,0.8216002583503723,0.6702221632003784,270,-0.22230583429336548,0.0961107611656189,70,0.059860944747924805,0.03625589609146118,text,text,-0.16119390726089478,0.060657799243927
434,TYJzg5IJN8o$_$11,2,Positive,0.18933141231536865,0.14731113612651825,477,0.770955502986908,0.4006904363632202,212,-0.11985445022583008,0.03412468731403351,448,-0.25943827629089355,0.20326311886310577,text,text,-0.3953258991241455,0.1697065383195877
435,TYJzg5IJN8o$_$10,0,Negative,-0.011686809360980988,-0.08353975415229797,334,1.3603228330612183,0.6553446054458618,57,-0.15649724006652832,0.0305461585521698,640,-0.0699320062994957,0.01397407054901123,text,text,-0.23559537529945374,0.033823855221271515
436,TYJzg5IJN8o$_$14,2,Positive,1.8449715375900269,1.0710535049438477,129,1.2548213005065918,0.8804824948310852,620,0.016697049140930176,0.01738142967224121,320,-0.6979495286941528,0.6222846508026123,text,text,-0.6867371797561646,0.6138229370117188
437,TYJzg5IJN8o$_$0,2,Positive,1.608335018157959,0.933186411857605,637,0.5102968215942383,0.30878257751464844,305,0.08764350414276123,0.028204679489135742,241,0.360207200050354,0.2520408630371094,text,text,0.44246387481689453,0.27675485610961914
438,TYJzg5IJN8o$_$4,2,Positive,1.2239859104156494,0.6135624647140503,629,1.071407437324524,0.48714160919189453,207,0.13011765480041504,0.06599855422973633,311,-0.5454843044281006,0.46148455142974854,text,text,-0.40224623680114746,0.5269588232040405
439,TYJzg5IJN8o$_$7,2,Positive,2.4658102989196777,1.6348211765289307,708,0.27459049224853516,0.016445159912109375,127,-0.05483388900756836,0.02304708957672119,681,-0.2290964126586914,0.21352481842041016,text,vision,-0.2957282066345215,0.19346857070922852
440,Uc_6d-fkZEc$_$3,2,Positive,1.5167179107666016,0.8416944742202759,176,0.5858674049377441,0.48886269330978394,198,0.2164081335067749,0.06624948978424072,332,-0.4451329708099365,0.35146868228912354,text,text,-0.2208648920059204,0.2883950471878052
441,UlTJmndbGHM$_$1,2,Positive,2.6643457412719727,1.8732564449310303,546,1.1783514022827148,0.6493449211120605,531,0.19828271865844727,0.03983139991760254,428,0.8519086837768555,0.6945008039474487,text,vision,1.0281038284301758,0.7509512901306152
442,UlTJmndbGHM$_$4,0,Negative,1.092929482460022,-0.6284874677658081,35,0.9570544362068176,0.5674203634262085,287,-0.12710905075073242,0.048495471477508545,387,0.0015166997909545898,0.006659269332885742,text,text,-0.1263442039489746,0.04566472768783569
443,VbV9S4svrTg$_$13,2,Positive,1.2466468811035156,0.6220018863677979,70,2.4688329696655273,1.9949963092803955,115,-0.11066555976867676,0.041281282901763916,206,-0.05024516582489014,0.04678547382354736,text,text,-0.16155600547790527,0.08821296691894531
444,VbV9S4svrTg$_$3,2,Positive,1.3315820693969727,0.5859470367431641,561,1.677356243133545,0.7994384169578552,522,0.02222299575805664,0.028079628944396973,678,0.16795587539672852,0.04045647382736206,text,text,0.19041192531585693,0.010325133800506592
445,VbV9S4svrTg$_$7,2,Positive,2.084815502166748,1.468991756439209,547,2.0831105709075928,1.3738950490951538,254,0.01389169692993164,0.02027595043182373,688,0.05155682563781738,0.0410618782043457,text,text,0.0650637149810791,0.020933151245117188
446,VbV9S4svrTg$_$8,2,Positive,0.996288537979126,0.6186051964759827,302,2.220378875732422,1.9022111892700195,449,-0.1464977264404297,0.08559983968734741,616,-0.762343168258667,0.6773717999458313,text,text,-0.9250035285949707,0.7688218951225281
447,VinxKpWioTo$_$1,2,Positive,2.7955050468444824,1.6886203289031982,559,3.0882468223571777,1.7998653650283813,652,-0.02118968963623047,0.02784562110900879,273,0.8712055683135986,0.6349153518676758,text,text,0.8568551540374756,0.615401029586792
448,VinxKpWioTo$_$0,2,Positive,1.2264881134033203,0.6660805344581604,118,1.9533802270889282,1.3142707347869873,85,0.10678911209106445,0.024437248706817627,630,0.1482241153717041,0.05561310052871704,text,text,0.24988138675689697,0.027394652366638184
449,VinxKpWioTo$_$3,2,Positive,2.1921958923339844,1.2526278495788574,162,3.713420867919922,3.2858307361602783,708,-0.1649925708770752,0.024845361709594727,657,0.16020536422729492,0.12526726722717285,text,text,-0.0020232200622558594,0.10141336917877197
450,VinxKpWioTo$_$5,2,Positive,2.47895884513855,1.578878402709961,545,2.3251795768737793,1.4421236515045166,582,0.08054113388061523,0.027844548225402832,726,0.13974475860595703,0.06504499912261963,text,text,0.2196812629699707,0.09232747554779053
451,ViyQVpGW05w$_$1,2,Positive,1.2620818614959717,0.6980218887329102,519,0.6003751158714294,0.22113102674484253,431,-0.15060102939605713,0.0923835039138794,645,0.853118896484375,0.5916152596473694,vision,vision,0.740009605884552,0.5367990732192993
452,ViyQVpGW05w$_$4,2,Positive,0.3476922810077667,0.26438242197036743,468,-2.230476140975952,1.4468343257904053,96,0.07794263958930969,0.15223750472068787,394,0.11384579539299011,0.09837867319583893,vision,text,0.18251225352287292,0.22276782989501953
453,ViyQVpGW05w$_$6,0,Negative,1.1081286668777466,-0.7093108892440796,42,0.34581106901168823,0.4262506663799286,477,0.26576322317123413,0.02092134952545166,515,0.0017728805541992188,0.0101737380027771,text,text,0.28420138359069824,0.014481782913208008
454,Vuay0mVKkik$_$3,0,Negative,0.37759706377983093,-0.11963611096143723,213,-1.2837681770324707,1.0876682996749878,414,0.18360403180122375,0.0036781951785087585,267,0.007220715284347534,0.043682366609573364,audio,text,0.18670088052749634,0.04306202381849289
455,WmQF5RmbsVQ$_$6,2,Positive,0.3875878155231476,0.1668495535850525,25,0.6408951282501221,0.36958301067352295,526,-0.05841347575187683,0.07671011984348297,434,-0.07777610421180725,0.028064921498298645,text,text,-0.14298447966575623,0.03618060052394867
456,Wrcf2xtqbkQ$_$9,1,Neutral,0.3288937509059906,-0.19597306847572327,665,1.0229413509368896,0.8116455078125,18,-0.029036104679107666,0.040626153349876404,368,-0.029903531074523926,0.04279983043670654,text,text,-0.05815190076828003,0.004813775420188904
457,Wrcf2xtqbkQ$_$8,2,Positive,0.6351869106292725,0.36360931396484375,240,1.3777437210083008,0.8748250007629395,112,-0.15578484535217285,0.02477794885635376,600,-0.08663582801818848,0.049215734004974365,text,text,-0.24343997240066528,0.07067197561264038
458,WxajvjGKz7Y$_$0,1,Neutral,0.6527814865112305,0.1097230613231659,67,1.7922345399856567,1.7809975147247314,634,-0.02087724208831787,0.0015907734632492065,197,0.05011403560638428,0.0774240642786026,text,text,0.042090415954589844,0.07327611744403839
459,WxajvjGKz7Y$_$3,1,Neutral,-0.018578961491584778,0.08156836032867432,714,-0.1598808616399765,0.08761578798294067,353,-0.11080862581729889,0.06232811510562897,238,0.007212966680526733,0.01851481944322586,vision,text,-0.10081367194652557,0.0841769278049469
460,WxajvjGKz7Y$_$6,1,Neutral,0.2036019265651703,0.15799745917320251,289,0.2950003147125244,0.16742375493049622,532,0.1539660394191742,0.07293152809143066,363,0.16365757584571838,0.08843201398849487,text,text,0.31953245401382446,0.18341517448425293
461,XIGpuL-Kkyk$_$12,2,Positive,1.6214689016342163,1.0002747774124146,564,2.0631775856018066,1.2698348760604858,164,-0.013890862464904785,0.006638288497924805,671,0.14670467376708984,0.16578614711761475,text,text,0.13453876972198486,0.17455565929412842
462,XIGpuL-Kkyk$_$0,1,Neutral,0.1514921486377716,-0.16906049847602844,13,-0.03088754415512085,0.10502868890762329,461,0.09512221813201904,0.05196305364370346,292,-0.03252255916595459,0.014424353837966919,audio,text,0.06595030426979065,0.05919210612773895
463,XIGpuL-Kkyk$_$4,2,Positive,1.8103368282318115,1.060608983039856,521,1.009577751159668,0.7083508968353271,288,0.18857598304748535,0.009364962577819824,95,0.4378448724746704,0.3777045011520386,text,text,0.6178089380264282,0.3893316984176636
464,XIGpuL-Kkyk$_$7,2,Positive,0.8403120636940002,0.4147641062736511,95,0.9692444801330566,0.4711264669895172,515,0.15838027000427246,0.029643356800079346,366,-0.023535072803497314,0.0019020438194274902,text,text,0.13806360960006714,0.02863749861717224
465,XaVYxIW0FDg$_$2,1,Neutral,-0.03844231367111206,0.05051441490650177,159,0.7800387740135193,0.5848464369773865,317,0.1526501476764679,0.13573606312274933,474,0.059822164475917816,0.10212045907974243,text,text,0.2426953911781311,0.2699741721153259
466,XyP8bVmGX6M$_$4,2,Positive,2.235016107559204,1.489950180053711,659,-0.09303021430969238,0.5082215070724487,635,-0.0599367618560791,0.03408551216125488,140,1.0780091285705566,0.9643607139587402,vision,vision,1.0242869853973389,0.9922699928283691
467,XzVapdEr_GY$_$3,2,Positive,1.499247670173645,1.11835777759552,262,-1.2535518407821655,0.7704126834869385,264,-0.04551899433135986,0.0058329105377197266,400,0.41654419898986816,0.3471645712852478,vision,text,0.3647747039794922,0.33526527881622314
468,XzVapdEr_GY$_$4,2,Positive,2.0390477180480957,1.2266535758972168,268,2.0006632804870605,1.1565184593200684,191,-0.09624886512756348,0.017928361892700195,721,0.15695202350616455,0.06263184547424316,text,text,0.061669349670410156,0.08340489864349365
469,Y7h-S3cJ52o$_$0,2,Positive,1.427456021308899,0.610016942024231,534,1.3878437280654907,0.603991687297821,239,0.17712271213531494,0.0795406699180603,235,0.44367051124572754,0.2835615873336792,text,text,0.606863796710968,0.340431272983551
470,Y7qkyMyanjU$_$2,1,Neutral,0.12296679615974426,0.028689246624708176,294,0.6814361810684204,0.5862098932266235,43,0.012332379817962646,0.008898705244064331,564,-0.020386457443237305,0.013383526355028152,text,text,-0.006033778190612793,0.022529762238264084
471,Y7qkyMyanjU$_$4,2,Positive,0.6273619532585144,0.3572331666946411,260,0.0167199969291687,0.026422321796417236,435,0.0535656213760376,0.0506669282913208,323,-0.2219497561454773,0.11184364557266235,audio,vision,-0.16818445920944214,0.17248618602752686
472,YbuG8xyUO-o$_$3,1,Neutral,0.2676266133785248,0.08279119431972504,467,1.0665498971939087,0.8143469095230103,301,0.03397810459136963,0.005070745944976807,374,-0.031793296337127686,0.02664397656917572,text,text,0.002561807632446289,0.03221006691455841
473,YbuG8xyUO-o$_$2,1,Neutral,0.3395738899707794,-0.1533721387386322,363,0.7088234424591064,0.7421650886535645,419,0.01913544535636902,0.03298187255859375,187,0.10867193341255188,0.03363446891307831,text,text,0.12099069356918335,0.07668513059616089
474,Z7L3V5bwzI0$_$2,2,Positive,0.942886471748352,0.6891838312149048,677,-0.7119203805923462,0.25932538509368896,490,0.18485677242279053,0.11722660064697266,232,0.12490963935852051,0.09376394748687744,audio,text,0.3062114119529724,0.20710748434066772
475,ZaoFHcbRM9g$_$3,2,Positive,0.5638067126274109,0.5627734661102295,498,-1.1543231010437012,0.49574506282806396,180,0.07244938611984253,0.01804429292678833,269,0.8048893809318542,0.7196094989776611,vision,vision,0.8432984352111816,0.703774094581604
476,ZaoFHcbRM9g$_$2,0,Negative,0.1452316790819168,-0.32607826590538025,483,1.5686224699020386,0.674690842628479,106,-0.22576551139354706,0.05878940224647522,482,-0.031487837433815,0.009188979864120483,text,text,-0.2572851777076721,0.06887832283973694
477,ZaoFHcbRM9g$_$5,0,Negative,0.13797366619110107,-0.26396992802619934,365,0.31117603182792664,0.15728870034217834,392,-0.08036065101623535,0.06613704562187195,62,-0.11409994959831238,0.08241751790046692,text,text,-0.19016653299331665,0.010695993900299072
478,ZaoFHcbRM9g$_$9,0,Negative,0.837577760219574,-0.5734137892723083,630,1.9966785907745361,0.7872772216796875,425,-0.09770530462265015,0.03612309694290161,63,-0.06431162357330322,0.06271344423294067,text,text,-0.15084832906723022,0.08668375015258789
479,ZaoFHcbRM9g$_$8,0,Negative,1.7315218448638916,-1.2447916269302368,3,0.32668745517730713,0.25902044773101807,117,-0.11550962924957275,0.06621551513671875,121,-0.05964672565460205,0.052600741386413574,text,text,-0.16763246059417725,0.11483156681060791
480,Zvisaa77Cng$_$1,2,Positive,-0.010667599737644196,0.059458933770656586,675,-1.8465334177017212,1.4580976963043213,69,-0.3058304488658905,0.014554403722286224,3,0.11021013557910919,0.10005061328411102,vision,text,-0.18267837166786194,0.09891946613788605
481,Zvisaa77Cng$_$5,2,Positive,0.5342453718185425,0.3805055618286133,238,0.12315428256988525,0.3589589595794678,154,0.14925634860992432,0.007053405046463013,697,-0.38843536376953125,0.2946673631668091,audio,text,-0.23027366399765015,0.30626487731933594
482,_7HVhnSYX1Y$_$26,2,Positive,1.1140137910842896,0.4445830285549164,401,0.9669742584228516,0.4158213138580322,55,-0.0358734130859375,0.11836877465248108,638,0.13277852535247803,0.09958615899085999,text,text,0.10010063648223877,0.011996060609817505
483,_7HVhnSYX1Y$_$12,2,Positive,0.9373977184295654,0.34420153498649597,427,1.4903666973114014,0.8054054975509644,611,-0.15339982509613037,0.04592660069465637,624,-0.10011434555053711,0.10640153288841248,text,text,-0.25903892517089844,0.15658625960350037
484,_7HVhnSYX1Y$_$14,2,Positive,0.9370718002319336,0.4198223352432251,457,0.2697017788887024,0.0854019820690155,499,-0.1171257495880127,0.10382062196731567,35,-0.5657451152801514,0.5250778794288635,text,vision,-0.6963341236114502,0.6594192981719971
485,_7HVhnSYX1Y$_$19,2,Positive,-0.027850553393363953,-0.04000707343220711,601,-0.9957556128501892,0.5448183417320251,221,0.02737225592136383,0.010354474186897278,102,0.07737846672534943,0.05177135393023491,vision,text,0.10856625437736511,0.06402109563350677
486,_7HVhnSYX1Y$_$31,2,Positive,1.2118302583694458,0.5980480909347534,314,1.863236665725708,1.0645954608917236,706,0.14038527011871338,0.003569662570953369,626,0.09615695476531982,0.09361732006072998,text,text,0.23342549800872803,0.09912300109863281
487,_7HVhnSYX1Y$_$3,2,Positive,1.1739187240600586,0.5134680271148682,447,-1.2272520065307617,0.8971264362335205,714,-0.03489375114440918,0.03833341598510742,636,0.1446927785873413,0.09740746021270752,vision,text,0.11125314235687256,0.06163203716278076
488,_BvNNdEkhZA$_$14,0,Negative,0.16249457001686096,-0.26251205801963806,613,-0.5392398834228516,0.27945592999458313,385,0.06110222637653351,0.023630619049072266,99,0.023648768663406372,0.030544161796569824,audio,text,0.08550556004047394,0.05681653320789337
489,_BvNNdEkhZA$_$19,2,Positive,0.8238040208816528,0.36122480034828186,264,0.6016747951507568,0.22058771550655365,579,-0.028160393238067627,0.04054573178291321,351,-0.21228253841400146,0.2136029303073883,text,text,-0.24355947971343994,0.2616715133190155
490,_BvNNdEkhZA$_$7,2,Positive,0.7547862529754639,0.363810271024704,449,-1.1001672744750977,0.6020529270172119,361,0.008525252342224121,0.03234723210334778,704,-0.19925904273986816,0.1613328754901886,audio,text,-0.19318902492523193,0.2023787796497345
491,_BvNNdEkhZA$_$6,0,Negative,0.24991875886917114,-0.10023574531078339,513,-0.24580466747283936,0.16411449015140533,95,0.06330078840255737,0.0550442636013031,627,0.01453930139541626,0.04056131839752197,audio,text,0.09008842706680298,0.07810734212398529
492,_BvNNdEkhZA$_$9,1,Neutral,0.2283932864665985,-0.14596810936927795,688,-0.3637705147266388,0.340553879737854,172,0.13798004388809204,0.020160123705863953,432,-0.03380686044692993,0.018387839198112488,audio,text,0.10715129971504211,0.03651537001132965
493,_aZDaIfGfPo$_$1,2,Positive,1.8241446018218994,1.2807430028915405,274,0.7780225276947021,0.3802100419998169,46,0.07709980010986328,0.17335855960845947,538,0.5986441373825073,0.5188419818878174,text,vision,0.6745283603668213,0.6770302057266235
494,_aZDaIfGfPo$_$0,2,Positive,1.8369250297546387,1.1027734279632568,638,0.41417694091796875,0.008352041244506836,557,0.11942422389984131,0.060779452323913574,415,0.8699512481689453,0.6144841909408569,vision,vision,0.9685377478599548,0.6581403613090515
495,_gr7o5ynhnw$_$13,2,Positive,1.4842603206634521,0.6614054441452026,360,1.4954942464828491,0.6163027882575989,412,0.14697647094726562,0.1133500337600708,225,0.4113050699234009,0.25772252678871155,text,text,0.5489479303359985,0.36525923013687134
496,_gr7o5ynhnw$_$12,2,Positive,1.328470230102539,0.5606340169906616,595,-1.1978135108947754,1.139310359954834,194,0.06676697731018066,0.014726579189300537,2,0.126251220703125,0.08781987428665161,vision,text,0.19079053401947021,0.07209512591362
497,_gr7o5ynhnw$_$15,2,Positive,2.152364730834961,1.5328319072723389,329,2.2428674697875977,1.571439266204834,636,0.002077341079711914,0.014547109603881836,606,-0.001926422119140625,6.771087646484375e-05,text,text,0.0017282962799072266,0.014061212539672852
498,_gzYkdjNvPc$_$12,2,Positive,0.5899914503097534,0.18013134598731995,57,2.0459794998168945,2.116888999938965,222,0.011655032634735107,0.019678309559822083,682,-0.5617612600326538,0.408101886510849,text,text,-0.5433470010757446,0.36332187056541443
499,_gzYkdjNvPc$_$17,0,Negative,1.8488237857818604,-1.269668459892273,409,3.345107078552246,1.5438106060028076,581,0.38058221340179443,0.25776922702789307,543,-0.014617323875427246,0.015606403350830078,text,text,0.3748360872268677,0.25243592262268066
500,_gzYkdjNvPc$_$1,0,Negative,0.24613085389137268,-0.2603534758090973,533,1.1308218240737915,0.35067543387413025,527,0.043210893869400024,0.08327978849411011,108,-0.06854569911956787,0.009936004877090454,text,text,-0.044860899448394775,0.09996891021728516
501,_gzYkdjNvPc$_$3,2,Positive,1.1353309154510498,0.5446423888206482,587,-0.7145004272460938,0.505631148815155,97,0.25818508863449097,0.13003748655319214,703,0.2694581151008606,0.19199541211128235,vision,text,0.5026790499687195,0.29747629165649414
502,_gzYkdjNvPc$_$2,0,Negative,0.7010670900344849,-0.5568984746932983,32,1.186474323272705,0.29797008633613586,336,-0.19964593648910522,0.24069440364837646,27,-0.1021653413772583,0.08444714546203613,text,text,-0.28832149505615234,0.3037235736846924
503,_gzYkdjNvPc$_$5,1,Neutral,0.2218395173549652,-0.06832847744226456,296,0.4681621193885803,0.4365384876728058,472,0.032002419233322144,0.03787630796432495,679,0.09432727098464966,0.0777396634221077,text,text,0.13198184967041016,0.12141183763742447
504,_gzYkdjNvPc$_$4,2,Positive,0.27450206875801086,0.07031035423278809,362,-0.7917969226837158,0.5990729331970215,13,-0.17635688185691833,0.09247439354658127,586,-0.3133845031261444,0.20444273948669434,audio,text,-0.4987792670726776,0.0712725818157196
505,_gzYkdjNvPc$_$6,0,Negative,0.3405348062515259,-0.25142979621887207,61,-0.1153210997581482,0.009792923927307129,539,0.3673507571220398,0.036689043045043945,280,0.2828819751739502,0.31392791867256165,audio,vision,0.5316126346588135,0.16505718231201172
506,_gzYkdjNvPc$_$9,0,Negative,0.19302400946617126,-0.1947987675666809,654,0.437514066696167,0.0723966732621193,669,0.11632641404867172,0.01527392864227295,507,0.08084140717983246,0.06644223630428314,text,text,0.21487542986869812,0.09324721992015839
507,a-WihYDk6vc$_$8,2,Positive,1.2036657333374023,0.7083984017372131,402,-0.4846799373626709,0.47223180532455444,74,0.007091045379638672,0.12482380867004395,143,0.26601123809814453,0.1948903203010559,vision,text,0.27011144161224365,0.306304931640625
508,a-WihYDk6vc$_$0,2,Positive,2.3036131858825684,1.4053597450256348,414,-0.38553810119628906,0.14144301414489746,6,0.05128669738769531,0.04581296443939209,211,0.6980419158935547,0.5957918167114258,vision,vision,0.7479082345962524,0.6436188220977783
509,aFhc2ddipoM$_$14,2,Positive,2.0233070850372314,1.1851859092712402,553,1.6786258220672607,0.9001538753509521,371,-0.04353070259094238,0.050307631492614746,514,0.2331836223602295,0.21888911724090576,text,text,0.1922309398651123,0.17246007919311523
510,aK5tRCXjUvU$_$0,2,Positive,0.7837703227996826,0.5658823251724243,681,1.267338752746582,0.654982328414917,197,-0.24000394344329834,0.1408224105834961,78,0.06768786907196045,0.047910869121551514,text,text,-0.17232728004455566,0.18469709157943726
511,b-FX9NOVQOM$_$1,0,Negative,0.2766823172569275,-0.158101886510849,28,-0.8970063328742981,0.7162097692489624,360,-0.17594215273857117,0.024440467357635498,472,0.00020426511764526367,0.007737651467323303,vision,text,-0.17661085724830627,0.017125725746154785
512,b-FX9NOVQOM$_$4,2,Positive,0.22223955392837524,0.32096409797668457,49,0.9723474383354187,0.8328838348388672,187,-0.004626959562301636,0.030525267124176025,315,0.062163084745407104,0.042499810457229614,text,text,0.05921083688735962,0.07434195280075073
513,b1LEcg6z66g$_$0,0,Negative,0.3158778250217438,-0.13726899027824402,196,1.8605914115905762,0.2504887580871582,542,-0.06238853931427002,0.016607969999313354,50,-0.047383129596710205,0.007674172520637512,text,text,-0.10738840699195862,0.021396875381469727
514,b1LEcg6z66g$_$4,2,Positive,0.9497320652008057,0.652950644493103,484,-0.11438727378845215,0.08738195896148682,81,-0.1300891637802124,0.007507920265197754,164,0.04083430767059326,0.009447932243347168,vision,text,-0.0930180549621582,0.0039051175117492676
515,b1LEcg6z66g$_$8,0,Negative,1.3373206853866577,-0.823688268661499,434,1.993958830833435,0.9962640404701233,241,-0.04616284370422363,0.03542280197143555,260,0.03767514228820801,0.03530532121658325,text,text,-0.010054826736450195,0.0010423660278320312
516,bAkUEnPoucg$_$3,2,Positive,0.6421865820884705,0.4891672432422638,573,-0.6831232905387878,0.1695774495601654,244,0.13675302267074585,0.033741295337677,649,0.2480369210243225,0.20985934138298035,vision,vision,0.3856692612171173,0.24778474867343903
517,bNQkb4K5DX0$_$3,2,Positive,0.5690715312957764,0.38152551651000977,525,0.8015530109405518,0.4577667713165283,513,0.10000836849212646,0.12329331040382385,370,0.26034465432167053,0.16667748987674713,text,text,0.34068745374679565,0.2663114070892334
518,bNQkb4K5DX0$_$7,2,Positive,2.1231472492218018,1.313825011253357,394,0.7825667858123779,0.7242845296859741,483,0.13064789772033691,0.1733952760696411,420,0.24870038032531738,0.08763015270233154,text,text,0.3676760196685791,0.24535596370697021
519,bWunvAd96zI$_$1,2,Positive,0.12705466151237488,0.10791769623756409,518,-1.6917734146118164,1.0503822565078735,467,0.039728887379169464,0.046768173575401306,551,0.018673695623874664,0.017840147018432617,audio,text,0.05840183049440384,0.06543117761611938
520,bWunvAd96zI$_$2,0,Negative,0.5696402788162231,-0.3288779556751251,390,0.5931863188743591,0.34846577048301697,525,0.3717828094959259,0.08318760991096497,242,0.059661149978637695,0.04602372646331787,text,text,0.4383832514286041,0.04746806621551514
521,bWunvAd96zI$_$5,1,Neutral,0.42174258828163147,0.08499518781900406,474,1.0302026271820068,0.4206213057041168,576,-0.04712390899658203,0.004502259194850922,75,-0.07839831709861755,0.04639594256877899,text,text,-0.11912950873374939,0.04735946282744408
522,bWunvAd96zI$_$4,2,Positive,0.4601937532424927,0.2256738543510437,332,-0.8262838125228882,0.47374874353408813,485,-0.03585517406463623,0.03672352433204651,19,0.08700183033943176,0.06616771221160889,vision,text,0.04786461591720581,0.09880204498767853
523,bj9e8w4vNxo$_$12,2,Positive,0.6898775100708008,0.6825752258300781,707,0.26412928104400635,0.17960500717163086,177,-0.03539454936981201,0.010470807552337646,470,0.22752153873443604,0.212161123752594,text,vision,0.19109445810317993,0.2143118977546692
524,bpvYdXVlgvc$_$1,2,Positive,0.4661431908607483,0.2950490415096283,11,-1.5804710388183594,1.5397056341171265,716,0.08832132816314697,0.053408533334732056,237,0.1332901120185852,0.09480783343315125,vision,text,0.24269577860832214,0.06085602939128876
525,bpvYdXVlgvc$_$3,0,Negative,-0.013329833745956421,-0.2131929248571396,603,1.0000636577606201,0.7845422625541687,492,-0.16768574714660645,0.025045856833457947,39,-0.0796394944190979,0.045797064900398254,text,text,-0.2521160840988159,0.01685182750225067
526,bpvYdXVlgvc$_$4,0,Negative,0.956092357635498,-0.8097204566001892,539,1.2709838151931763,0.9371538758277893,666,0.2055356502532959,0.009848713874816895,262,-0.007625937461853027,0.01947695016860962,text,text,0.19900035858154297,0.016957223415374756
527,bpvYdXVlgvc$_$6,0,Negative,0.6221060752868652,-0.4345811605453491,286,2.984907865524292,1.6082818508148193,594,-0.2836862802505493,0.06534820795059204,378,0.045166730880737305,0.08041408658027649,text,text,-0.2649860978126526,0.010121852159500122
528,c1a1y9ytHH0$_$0,2,Positive,0.6128411293029785,0.5019392371177673,309,1.5427429676055908,1.2016994953155518,722,0.01806795597076416,0.14658331871032715,259,-0.10072851181030273,0.0691261887550354,text,text,-0.08581840991973877,0.07688874006271362
529,c1a1y9ytHH0$_$3,2,Positive,0.41393983364105225,0.25864648818969727,508,-1.2891958951950073,0.724829912185669,324,0.03414681553840637,0.05067738890647888,652,-0.09737855195999146,0.07172751426696777,audio,text,-0.06347674131393433,0.019827067852020264
530,c1a1y9ytHH0$_$7,2,Positive,0.7705326080322266,0.35856762528419495,602,0.5218504667282104,0.06152847409248352,19,-0.043823838233947754,0.010106950998306274,519,-0.14471197128295898,0.10588791966438293,text,vision,-0.19146037101745605,0.09862938523292542
531,c5cB7AfVgcE$_$12,2,Positive,0.7812436819076538,0.5663347840309143,385,-0.48755204677581787,0.24830394983291626,546,0.0034246444702148438,0.05341273546218872,131,0.10847640037536621,0.06614428758621216,vision,text,0.11017435789108276,0.11590597033500671
532,c5cB7AfVgcE$_$5,2,Positive,0.16972428560256958,0.2734123468399048,718,-0.8623549342155457,0.48007774353027344,17,0.04832979291677475,0.051489099860191345,720,0.08721379190683365,0.06336072087287903,vision,text,0.13205716013908386,0.11156979203224182
533,d8BR6hsvzoY$_$1,1,Neutral,0.6129412651062012,-0.06848224252462387,473,-0.05928361415863037,0.26728036999702454,548,0.4820808470249176,0.1819756031036377,263,0.022403478622436523,0.0439215712249279,audio,text,0.5065729022026062,0.23615318536758423
534,d8BR6hsvzoY$_$0,1,Neutral,0.8630472421646118,-0.16145120561122894,597,-0.06168007850646973,0.062233537435531616,107,0.44954612851142883,0.148451030254364,458,-0.005397200584411621,0.002117067575454712,audio,audio,0.4457615315914154,0.14709925651550293
535,d8BR6hsvzoY$_$2,1,Neutral,0.6328340768814087,-0.007604275830090046,168,0.28536179661750793,0.4925910532474518,720,0.5488563776016235,0.2247055172920227,522,0.11081385612487793,0.0666549950838089,audio,text,0.67649906873703,0.32713159918785095
536,d8BR6hsvzoY$_$5,1,Neutral,0.6270045042037964,0.022060222923755646,106,0.8593754172325134,0.7411659955978394,303,0.30994516611099243,0.002847835421562195,26,0.003390073776245117,0.06456706672906876,text,text,0.3373693823814392,0.07642751932144165
537,d8BR6hsvzoY$_$6,1,Neutral,0.5429840087890625,-0.034983810037374496,406,0.5900458097457886,0.3670184016227722,206,0.057699769735336304,0.025999849662184715,535,-0.009110689163208008,0.014233432710170746,text,text,0.04831889271736145,0.03559581935405731
538,d8BR6hsvzoY$_$9,1,Neutral,0.5857173204421997,-0.15986132621765137,652,0.4168747365474701,0.7040337324142456,378,0.32252487540245056,0.11010770499706268,668,0.019544243812561035,0.027220606803894043,text,text,0.3823394477367401,0.1829083263874054
539,d8BR6hsvzoY$_$8,1,Neutral,0.23175832629203796,-0.08701926469802856,126,0.4251053035259247,0.6508110761642456,348,0.5057170391082764,0.223145991563797,517,0.0024482011795043945,0.07824006676673889,audio,text,0.5633479952812195,0.3369043171405792
540,dBWvtPeHpWM$_$4,2,Positive,0.6774791479110718,0.6217480897903442,327,0.6888355016708374,0.887226939201355,15,-0.07324326038360596,0.05219864845275879,118,0.6706686019897461,0.5644821524620056,text,text,0.616877555847168,0.5307165384292603
541,dEDbm2ubVRQ$_$0,2,Positive,0.4444875717163086,0.10332432389259338,713,-1.831427812576294,1.7311514616012573,375,0.03546971082687378,0.025853991508483887,614,-0.07338595390319824,0.04290303587913513,audio,text,-0.03510713577270508,0.06600700318813324
542,dEDbm2ubVRQ$_$3,0,Negative,0.06843727082014084,-0.15028786659240723,97,-2.3542182445526123,1.6675148010253906,471,0.16920696198940277,0.10240006446838379,361,0.04673705995082855,0.11376817524433136,audio,text,0.20704367756843567,0.011201322078704834
543,dEDbm2ubVRQ$_$8,2,Positive,0.6358729600906372,0.18397487699985504,555,1.0082402229309082,0.3510075807571411,441,-0.061134278774261475,0.07587836682796478,324,-0.2802819013595581,0.18147189915180206,text,text,-0.35104596614837646,0.2722806930541992
544,dt641WxonBI$_$1,2,Positive,0.7401270270347595,0.4641163945198059,359,-0.3722134232521057,0.18574398756027222,639,-0.1980707049369812,0.12335002422332764,520,0.41039228439331055,0.3334428071975708,vision,vision,0.24899011850357056,0.2558402717113495
545,dt641WxonBI$_$3,2,Positive,0.08691399544477463,0.16546252369880676,146,0.47626614570617676,0.613037645816803,643,0.030038684606552124,0.08709755539894104,407,0.15988019108772278,0.1333746314048767,text,text,0.17937155067920685,0.19850637018680573
546,eOiC1kb17P4$_$0,2,Positive,1.3578466176986694,1.2087621688842773,37,-0.9064599275588989,0.44133663177490234,556,0.10436761379241943,0.05704629421234131,157,0.03773629665374756,0.0707089900970459,audio,text,0.14418303966522217,0.12149810791015625
547,erNDEjQeox8$_$12,0,Negative,0.4209176301956177,-0.026568710803985596,132,1.6624000072479248,0.18845753371715546,256,0.3401740789413452,0.17135849595069885,548,0.17136633396148682,0.11125487089157104,text,text,0.5384379029273987,0.28349167108535767
548,ewBrNsyY82Q$_$4,2,Positive,0.25209301710128784,0.1966114342212677,487,-0.91133052110672,0.2788175642490387,676,-0.04675212502479553,0.02287699282169342,533,0.05331215262413025,0.03818167746067047,vision,text,0.007757663726806641,0.016645044088363647
549,fWOIAxzBQFY$_$12,1,Neutral,0.6771165132522583,-0.10009057819843292,491,0.6112654209136963,0.004034891724586487,342,0.42401692271232605,0.2560005187988281,57,-0.1327279806137085,0.07384562492370605,text,audio,0.29449811577796936,0.166428342461586
550,fWOIAxzBQFY$_$5,2,Positive,0.9746301174163818,0.536220371723175,608,-1.2847883701324463,0.6745910048484802,552,0.28766006231307983,0.07788622379302979,632,0.4277294874191284,0.2827851474285126,vision,text,0.6861295700073242,0.3464401364326477
551,fWOIAxzBQFY$_$7,2,Positive,1.0968327522277832,0.6221016049385071,695,0.6858704686164856,0.29803624749183655,334,0.1331324577331543,0.001991450786590576,216,0.3639763593673706,0.2653648257255554,text,text,0.49073660373687744,0.2692278027534485
552,f_ZJ7L14oYQ$_$11,2,Positive,0.21963748335838318,0.275917649269104,340,-0.012072235345840454,0.036413878202438354,683,-0.13750743865966797,0.06807398796081543,525,-0.37045732140541077,0.2967124581336975,text,vision,-0.5013233423233032,0.3657253384590149
553,f_ZJ7L14oYQ$_$27,2,Positive,0.17735260725021362,0.16810686886310577,198,0.5955700278282166,0.329100102186203,649,-0.18395432829856873,0.15530507266521454,296,-0.03935447335243225,0.03572201728820801,text,text,-0.22182276844978333,0.18845252692699432
554,f_ZJ7L14oYQ$_$21,0,Negative,2.3491344451904297,-1.700976848602295,183,3.303971767425537,2.444638729095459,511,0.37275469303131104,0.284717321395874,558,-0.03885054588317871,0.03425025939941406,text,text,0.3291459083557129,0.24367356300354004
555,f_ZJ7L14oYQ$_$17,0,Negative,0.4719714820384979,-0.19702988862991333,47,0.8170214295387268,0.13979804515838623,0,0.044935375452041626,0.01646427810192108,612,-0.008632153272628784,0.037946492433547974,text,text,0.03885293006896973,0.0227697491645813
556,f_ZJ7L14oYQ$_$9,2,Positive,0.42487144470214844,0.44807669520378113,34,-0.29431265592575073,0.9869832992553711,547,-0.03820693492889404,0.02104175090789795,480,0.18874967098236084,0.12821370363235474,vision,text,0.16045093536376953,0.10997959971427917
557,f_ZJ7L14oYQ$_$8,2,Positive,0.3514610230922699,0.35360991954803467,382,-0.3785066306591034,0.26421618461608887,298,-0.0531211793422699,0.050358355045318604,622,-0.1932537853717804,0.20655643939971924,audio,text,-0.24877282977104187,0.26150864362716675
558,ffrJ91swyq0$_$1,2,Positive,1.042776107788086,0.5474443435668945,405,0.8550295829772949,0.5264098048210144,274,0.09048128128051758,0.058058321475982666,38,0.018666386604309082,0.0012156367301940918,text,text,0.10688519477844238,0.058363378047943115
559,g8Cl74tS3oY$_$2,0,Negative,0.14024531841278076,-0.15714983642101288,436,2.085517406463623,1.4056578874588013,602,-0.3730849623680115,0.09316582977771759,176,0.0006580054759979248,0.03352603316307068,text,text,-0.3859684467315674,0.12549446523189545
560,g8Cl74tS3oY$_$6,2,Positive,2.288905620574951,1.616419792175293,241,3.2325148582458496,3.0476198196411133,606,0.1703639030456543,0.05162012577056885,321,0.15638208389282227,0.15346574783325195,text,text,0.32595014572143555,0.21027517318725586
561,gR4gM_WXesQ$_$10,1,Neutral,0.12562969326972961,-0.1887911558151245,463,0.49342143535614014,0.9012340307235718,640,-0.12801578640937805,0.09530508518218994,385,-0.0024625658988952637,0.03429436683654785,text,text,-0.11591178178787231,0.06280401349067688
562,gR4gM_WXesQ$_$26,0,Negative,0.47465890645980835,-0.35333773493766785,317,1.2057435512542725,0.5339035987854004,331,-0.011294782161712646,0.02750346064567566,348,0.062209516763687134,0.01878562569618225,text,text,0.044977396726608276,0.03980129957199097
563,gR4gM_WXesQ$_$20,2,Positive,0.06959589570760727,0.15218466520309448,181,-0.1789173185825348,0.1263391375541687,376,-0.08805517107248306,0.05679938942193985,485,-0.1196599081158638,0.08618038892745972,audio,text,-0.20535895228385925,0.01861754059791565
564,gR4gM_WXesQ$_$24,0,Negative,0.7216230630874634,-0.4113752245903015,549,1.6741893291473389,0.5360087156295776,454,0.09052395820617676,0.05439943075180054,643,0.18086576461791992,0.12943148612976074,text,text,0.2955348491668701,0.2054356336593628
565,gR4gM_WXesQ$_$18,0,Negative,0.9272366166114807,-0.49166008830070496,577,0.10745137929916382,0.15172219276428223,462,0.3997100591659546,0.018179327249526978,213,0.05285578966140747,0.024263650178909302,audio,text,0.47934117913246155,0.022274315357208252
566,gR4gM_WXesQ$_$3,0,Negative,0.525202751159668,-0.27202773094177246,585,0.8473693132400513,0.47698456048965454,388,0.11071804165840149,0.0765884518623352,579,-0.03251439332962036,0.03160718083381653,text,text,0.08101245760917664,0.04823274910449982
567,gR4gM_WXesQ$_$4,2,Positive,1.2180640697479248,0.6367027759552002,388,0.9892711043357849,0.5695154666900635,444,-0.005743980407714844,0.04904830455780029,83,0.08741593360900879,0.08429789543151855,text,text,0.08153855800628662,0.13055843114852905
568,gR4gM_WXesQ$_$8,2,Positive,0.03553804010152817,0.06152760982513428,5,1.1960375308990479,1.017777919769287,663,-0.10366148501634598,0.06300916522741318,49,-0.018826782703399658,0.0022853612899780273,text,text,-0.12941458821296692,0.05971686169505119
569,gVqs4TzqySw$_$1,2,Positive,0.39194607734680176,0.38966262340545654,203,-0.25103551149368286,0.02990710735321045,309,0.2799370586872101,0.16007477045059204,272,-0.09063029289245605,0.04121893644332886,audio,audio,0.19682720303535461,0.12360426783561707
570,gVqs4TzqySw$_$3,2,Positive,-0.0754338949918747,0.038080744445323944,45,1.1412458419799805,1.4982028007507324,603,0.07867233455181122,0.042039934545755386,266,-0.07462071627378464,0.04428941756486893,text,text,0.011618077754974365,0.0032241828739643097
571,gVqs4TzqySw$_$2,2,Positive,0.48763859272003174,0.24226199090480804,19,0.12600857019424438,0.0013088136911392212,139,0.07174122333526611,0.04235397279262543,587,-0.05805569887161255,0.026063665747642517,text,audio,0.019042253494262695,0.020744934678077698
572,gVqs4TzqySw$_$4,1,Neutral,0.1999392807483673,-0.009443283081054688,535,0.16983060538768768,0.21129408478736877,202,-0.0069866180419921875,0.0478086993098259,502,0.15783825516700745,0.1410425305366516,text,text,0.13959941267967224,0.18709145486354828
573,goMtnNHQ_z4$_$1,2,Positive,1.2954308986663818,0.643669605255127,377,1.9775352478027344,1.1520788669586182,318,-0.19246137142181396,0.18218612670898438,155,0.5967244505882263,0.4453945755958557,text,text,0.4358764886856079,0.3186696767807007
574,goMtnNHQ_z4$_$2,2,Positive,1.8128712177276611,1.4515143632888794,206,1.5716389417648315,1.2367881536483765,401,-0.02932882308959961,0.05617725849151611,350,-0.04938507080078125,0.059243083000183105,text,text,-0.07771146297454834,0.11305630207061768
575,goMtnNHQ_z4$_$13,2,Positive,1.2315292358398438,0.8328543901443481,64,1.28873610496521,0.8266457915306091,626,-0.09014272689819336,0.0700986385345459,411,-0.45009493827819824,0.41994500160217285,text,text,-0.5416262149810791,0.4915432929992676
576,goMtnNHQ_z4$_$12,1,Neutral,0.34457239508628845,-0.002566202776506543,63,-0.05659395456314087,0.14863164722919464,395,-0.04030722379684448,0.022629640996456146,512,0.03065115213394165,0.0013204780407249928,vision,text,-0.006476283073425293,0.02226335182785988
577,hqzF4IDaIYE$_$0,0,Negative,0.3058125078678131,-0.014061209745705128,622,0.6782331466674805,0.054179709404706955,521,-0.17113351821899414,0.0744648352265358,440,-0.17877411842346191,0.21863707900047302,text,vision,-0.345501571893692,0.2769659757614136
578,hqzF4IDaIYE$_$3,2,Positive,1.3871328830718994,0.775316596031189,246,0.497988224029541,0.15762758255004883,276,0.1761929988861084,0.060148775577545166,573,-0.5931973457336426,0.49814271926879883,text,vision,-0.4003145694732666,0.41847455501556396
579,hqzF4IDaIYE$_$2,2,Positive,1.4578492641448975,0.8299328684806824,190,-0.18223822116851807,0.22248846292495728,549,0.4859323501586914,0.48904097080230713,325,-0.5406663417816162,0.4276883006095886,audio,audio,-0.028496265411376953,0.11791843175888062
580,hqzF4IDaIYE$_$4,2,Positive,1.0152168273925781,0.3860589265823364,215,0.8065420389175415,0.39188268780708313,610,0.07662010192871094,0.06882691383361816,700,-0.02718532085418701,0.027545660734176636,text,text,0.04941105842590332,0.04034537076950073
581,hqzF4IDaIYE$_$6,0,Negative,0.026266131550073624,-0.029004167765378952,593,0.6445395350456238,0.24132578074932098,587,-0.3051399886608124,0.10462978482246399,609,-0.003107147291302681,0.05966584011912346,text,text,-0.2997373342514038,0.15516717731952667
582,hvfaYsv7p8E$_$0,0,Negative,0.7330276370048523,-0.3846243917942047,679,-0.3520771861076355,0.20267954468727112,35,-0.12934726476669312,0.07184216380119324,401,0.0728185772895813,0.10977563261985779,vision,text,-0.07227879762649536,0.027355611324310303
583,iUXqlrui25c$_$10,0,Negative,0.29117438197135925,-0.15914906561374664,199,-0.5875885486602783,0.26216578483581543,509,0.00544583797454834,0.020542845129966736,177,0.004551738500595093,0.013772636651992798,audio,text,0.009539365768432617,0.009304001927375793
584,iUXqlrui25c$_$21,2,Positive,0.2622823715209961,0.23610766232013702,76,0.49488258361816406,0.3887676000595093,4,-0.10675352811813354,0.12716563045978546,483,0.024320781230926514,0.025816842913627625,text,text,-0.0837215781211853,0.09760083258152008
585,iUXqlrui25c$_$23,2,Positive,0.2853076457977295,0.20253176987171173,197,-0.1491389274597168,0.014170423150062561,422,0.06973588466644287,0.03355145454406738,166,0.08602797985076904,0.06507398188114166,vision,vision,0.14583879709243774,0.09168462455272675
586,icbUzboLcDQ$_$0,2,Positive,1.483370304107666,1.0400710105895996,516,0.9499952793121338,0.7548646926879883,654,0.07390952110290527,0.0019103288650512695,226,0.35190415382385254,0.2728102207183838,text,text,0.4195345640182495,0.27096855640411377
587,ioupaiAuRr0$_$5,2,Positive,1.2164759635925293,0.5585454702377319,469,0.23884272575378418,0.20329707860946655,678,-0.10995960235595703,0.04744696617126465,504,0.25208580493927,0.20056307315826416,vision,text,0.1478787660598755,0.1617635190486908
588,ioupaiAuRr0$_$4,2,Positive,0.13915202021598816,0.1445683091878891,18,-0.10240396857261658,0.07428121566772461,690,-0.1445867419242859,0.0016142427921295166,127,0.07389574497938156,0.04275006055831909,vision,text,-0.06223800778388977,0.04214504361152649
589,jICmfLeFymA$_$16,2,Positive,3.0372562408447266,1.8197894096374512,255,1.9599493741989136,1.087813377380371,343,0.06365108489990234,0.0026346445083618164,442,0.647740364074707,0.5366731882095337,text,text,0.7116050720214844,0.5443331003189087
590,jPrEKz1rAno$_$11,2,Positive,0.5942829847335815,0.16291587054729462,307,0.403528094291687,0.06389883160591125,215,0.16854238510131836,0.013099387288093567,354,-0.07830071449279785,0.03677159547805786,text,text,0.09818214178085327,0.042890697717666626
591,jPrEKz1rAno$_$7,2,Positive,0.5177201628684998,0.34706956148147583,81,0.5665180087089539,0.04782181978225708,217,0.06165969371795654,0.0429251492023468,717,-0.1603136658668518,0.11549657583236694,text,vision,-0.09794825315475464,0.06941348314285278
592,jPrEKz1rAno$_$6,1,Neutral,0.09647068381309509,-0.04151450842618942,512,0.7361224889755249,0.26233986020088196,709,0.05736468732357025,0.030476439744234085,488,0.008707612752914429,0.01860201545059681,text,text,0.06768688559532166,0.049962811172008514
593,k5ZOshC2LP4$_$1,2,Positive,0.5195944309234619,0.3582072854042053,251,-1.2510430812835693,0.7499367594718933,116,0.10035145282745361,0.11380672454833984,193,0.36233529448509216,0.3068509101867676,vision,text,0.43944281339645386,0.3855677843093872
594,kbGhEJ4W44o$_$0,0,Negative,0.10921062529087067,0.07385607808828354,543,1.320017695426941,0.4177841544151306,437,0.21420970559120178,0.007520057260990143,518,0.04968375712633133,0.005678460001945496,text,text,0.27588385343551636,0.0020723342895507812
595,kfsO4c0Ekes$_$7,2,Positive,1.9860756397247314,1.3520269393920898,210,3.15394926071167,2.8067193031311035,664,0.0553131103515625,0.015208005905151367,594,-0.9581010341644287,0.677889347076416,text,text,-0.9023876190185547,0.698458194732666
596,kvUb78Rdzdc$_$3,2,Positive,1.1029736995697021,0.8606077432632446,389,1.4531581401824951,1.0136204957962036,137,-0.24176239967346191,0.16764068603515625,209,-1.176100254058838,0.9524742364883423,text,text,-1.381549596786499,1.0595059394836426
597,lO87-4Kf0cQ$_$2,1,Neutral,0.47994616627693176,0.06753141433000565,410,0.59856778383255,0.07840216159820557,577,-0.015772759914398193,0.04781556874513626,693,0.020561575889587402,0.09803973883390427,text,vision,0.02480471134185791,0.08118633180856705
598,lO87-4Kf0cQ$_$5,1,Neutral,0.3384566605091095,0.07852758467197418,291,0.6453557014465332,0.5407304763793945,269,-0.048276305198669434,0.01889084279537201,268,0.007073104381561279,0.005268126726150513,text,text,-0.038300395011901855,0.009512856602668762
599,lWf5hHRHIDs$_$11,2,Positive,2.136382579803467,1.1896893978118896,220,1.2012789249420166,0.6640335917472839,144,0.07794427871704102,0.05409121513366699,84,0.5164810419082642,0.42364490032196045,text,text,0.5898587703704834,0.375480055809021
600,lawHYX5eB20$_$1,0,Negative,0.20374378561973572,-0.10957720130681992,607,-0.9799745082855225,0.6036088466644287,659,0.30054646730422974,0.02230726182460785,656,0.05116954445838928,0.04043734818696976,audio,text,0.3565133213996887,0.059619322419166565
601,lawHYX5eB20$_$2,2,Positive,0.4906046390533447,0.34901684522628784,234,0.4907902479171753,0.24802780151367188,279,-0.30354583263397217,0.07201588153839111,341,-0.19807398319244385,0.16595834493637085,text,text,-0.520251989364624,0.25437068939208984
602,mHGaQ_nv9UY$_$13,0,Negative,0.19463446736335754,-0.05952627584338188,156,0.576341986656189,0.2911997139453888,93,0.43065345287323,0.092288076877594,413,0.0607849657535553,0.08988063037395477,text,text,0.47256818413734436,0.1655953973531723
603,mHGaQ_nv9UY$_$14,2,Positive,0.30795857310295105,0.23587080836296082,336,-0.20287516713142395,0.10983309149742126,178,-0.08770361542701721,0.07995232939720154,618,-0.3036694824695587,0.21412041783332825,audio,vision,-0.40881863236427307,0.3225129544734955
604,mHGaQ_nv9UY$_$17,1,Neutral,0.027012601494789124,0.11118082702159882,171,0.9492813348770142,1.3621158599853516,665,-0.15086068212985992,0.05633433163166046,435,-0.016308531165122986,0.01599094271659851,text,text,-0.16710276901721954,0.04399791359901428
605,mHGaQ_nv9UY$_$22,0,Negative,0.9056326150894165,-0.4583321809768677,704,1.4956848621368408,0.6752899289131165,150,0.3861544728279114,0.2185760885477066,151,0.05166327953338623,0.04543352127075195,text,text,0.4325074255466461,0.25758248567581177
606,mHGaQ_nv9UY$_$5,0,Negative,1.1033910512924194,-0.6395115852355957,581,0.4704955816268921,0.31803932785987854,258,0.23340553045272827,0.18539059162139893,443,0.12337028980255127,0.1334439516067505,text,text,0.36091679334640503,0.32661643624305725
607,mHGaQ_nv9UY$_$4,0,Negative,1.0560685396194458,-0.6704674959182739,322,-1.1034528017044067,0.8323987722396851,323,0.11319142580032349,0.06195521354675293,34,0.14048075675964355,0.10744023323059082,vision,text,0.25710487365722656,0.1823972463607788
608,mLW-jn67gRE$_$20,2,Positive,2.2593283653259277,1.3808586597442627,50,1.8576619625091553,0.8688198328018188,156,-0.005027294158935547,0.07176244258880615,665,0.5788400173187256,0.45372653007507324,text,text,0.5472842454910278,0.5112734436988831
609,mLW-jn67gRE$_$17,2,Positive,0.5774493217468262,0.3477519452571869,727,0.3367091715335846,0.24773433804512024,188,-0.15525829792022705,0.03144848346710205,154,0.15678733587265015,0.09424075484275818,text,text,0.012491106986999512,0.1339818239212036
610,mLW-jn67gRE$_$1,1,Neutral,0.03300862014293671,-0.19694289565086365,325,0.503689706325531,0.9790383577346802,452,0.09901991486549377,0.04203340411186218,124,0.0035423487424850464,0.058405667543411255,text,text,0.09741871058940887,0.0218798965215683
611,mLW-jn67gRE$_$3,2,Positive,0.5582916140556335,0.15289120376110077,319,-0.31666189432144165,0.11994393169879913,383,0.17174530029296875,0.011874541640281677,384,0.09665107727050781,0.05492613464593887,audio,text,0.25828471779823303,0.037434205412864685
612,mLW-jn67gRE$_$5,2,Positive,0.7444196939468384,0.2655765414237976,592,0.6818094253540039,0.2596198618412018,369,0.1811457872390747,0.057455599308013916,335,-0.1397150754928589,0.08909833431243896,text,text,0.04854792356491089,0.027351170778274536
613,mLW-jn67gRE$_$6,0,Negative,0.5295127034187317,-0.3787776231765747,320,2.0430448055267334,0.6170566082000732,724,0.08290401101112366,0.11057308316230774,251,-0.00682908296585083,0.0020137429237365723,text,text,0.06816229224205017,0.11821907758712769
614,mLW-jn67gRE$_$9,1,Neutral,0.05543084442615509,-0.12477220594882965,16,0.7057915925979614,0.25886106491088867,379,0.17125204205513,0.08684401214122772,471,0.20370729267597198,0.10732670873403549,text,text,0.3489527106285095,0.21233581006526947
615,mjpCK2Edsv8$_$0,2,Positive,1.7485899925231934,1.2088634967803955,584,1.2493222951889038,1.0606857538223267,34,-0.7354865074157715,0.6459286212921143,595,0.831904411315918,0.6354426741600037,text,text,0.11643922328948975,0.08874380588531494
616,nUZYqTRSGDw$_$4,0,Negative,1.4911867380142212,-0.8954828381538391,364,2.2707560062408447,1.6418449878692627,447,-0.035550475120544434,0.009687602519989014,156,-0.10862517356872559,0.06934279203414917,text,text,-0.14206767082214355,0.08052641153335571
617,nyzIL6YAonY$_$5,2,Positive,2.9179487228393555,1.729316234588623,415,2.698448657989502,1.6314677000045776,99,0.03156757354736328,0.03151965141296387,377,0.646324634552002,0.5902704000473022,text,text,0.6717758178710938,0.6249051094055176
618,nyzIL6YAonY$_$6,2,Positive,1.9261093139648438,1.1510120630264282,722,1.6710054874420166,0.8980719447135925,386,-0.04503369331359863,0.0216066837310791,91,0.18824529647827148,0.10417330265045166,text,text,0.1433882713317871,0.07956647872924805
619,ooAF6I-fmTg$_$3,0,Negative,0.26144370436668396,-0.21271437406539917,420,2.472649574279785,1.5116658210754395,503,-0.14772331714630127,0.011830717325210571,307,0.0883793830871582,0.04628749191761017,text,text,-0.071108877658844,0.0338742733001709
620,ooAF6I-fmTg$_$5,2,Positive,0.17141824960708618,0.08681710064411163,496,-0.996252715587616,0.3983309864997864,498,0.01705038547515869,0.03815893083810806,617,-0.5150228142738342,0.3591550588607788,audio,text,-0.49778860807418823,0.41744232177734375
621,ooAF6I-fmTg$_$7,0,Negative,1.214565396308899,-0.727872908115387,277,1.712297797203064,0.7293984889984131,480,0.10217070579528809,0.08318990468978882,409,0.054956912994384766,0.0540311336517334,text,text,0.16013872623443604,0.14046871662139893
622,pOrk7fl1AYo$_$1,1,Neutral,0.04165278375148773,0.014381028711795807,550,0.5727238655090332,0.5815523266792297,668,-0.05687503516674042,0.01034165732562542,567,-0.07874558866024017,0.035705845803022385,text,text,-0.12324415147304535,0.03680148720741272
623,pOrk7fl1AYo$_$3,2,Positive,0.4275099039077759,0.46799367666244507,20,-0.8497542142868042,0.762694776058197,497,0.07314538955688477,0.07163923978805542,575,-0.013971984386444092,0.04519772529602051,audio,text,0.055939316749572754,0.1064034104347229
624,pOrk7fl1AYo$_$2,1,Neutral,0.1587037444114685,-0.3648882806301117,589,1.1727190017700195,1.8171497583389282,48,0.026735514402389526,0.028113573789596558,233,0.0193060040473938,0.011263638734817505,text,text,0.05454948544502258,0.017306119203567505
625,pOrk7fl1AYo$_$4,0,Negative,0.9219424724578857,-0.5788128972053528,431,2.3167858123779297,1.4769614934921265,294,-0.0678216814994812,0.06723242998123169,489,-0.029031753540039062,0.0403934121131897,text,text,-0.08636951446533203,0.09364670515060425
626,q9yDL81QppI$_$1,2,Positive,0.7025309205055237,0.2369816154241562,369,0.21717411279678345,0.028500184416770935,535,0.4909669756889343,0.1422419250011444,429,-0.2835158705711365,0.2089068442583084,audio,vision,0.25778132677078247,0.02071268856525421
627,q9yDL81QppI$_$0,2,Positive,0.4538475275039673,0.20866423845291138,507,-0.4803837537765503,0.17809805274009705,351,0.2018929123878479,0.017603665590286255,343,-0.38487935066223145,0.2534100413322449,audio,vision,-0.1554783582687378,0.22801649570465088
628,q9yDL81QppI$_$2,2,Positive,0.53946852684021,0.16222967207431793,481,0.15916681289672852,0.0636044293642044,24,0.06921195983886719,0.014414981007575989,115,-0.2547985315322876,0.150474414229393,text,vision,-0.17903470993041992,0.13294069468975067
629,qK77ZmbqmOM$_$9,2,Positive,0.07162251323461533,0.17316044867038727,119,-0.49116751551628113,0.33764857053756714,488,-0.007043242454528809,0.13584062457084656,74,0.11187748610973358,0.09220486134290695,vision,text,0.09245742857456207,0.19866390526294708
630,qK77ZmbqmOM$_$0,2,Positive,0.3535996675491333,0.38556504249572754,568,0.22420531511306763,0.16581252217292786,707,-0.10600841045379639,0.0058095455169677734,134,0.06990662217140198,0.07782638072967529,text,text,-0.03405427932739258,0.08138173818588257
631,qY1sXq-YCHs$_$8,0,Negative,0.39595600962638855,-0.4005466103553772,544,1.252027988433838,0.4356706142425537,118,0.08770206570625305,0.0014620721340179443,204,0.19842612743377686,0.29308491945266724,text,text,0.2446030080318451,0.2724974751472473
632,qmMSumMloAs$_$1,2,Positive,2.2575604915618896,1.6842005252838135,493,1.3475607633590698,1.0795316696166992,661,-0.07863450050354004,0.0021119117736816406,658,-0.6022961139678955,0.37488508224487305,text,text,-0.6835482120513916,0.37685275077819824
633,qmMSumMloAs$_$3,2,Positive,2.7887275218963623,2.02040958404541,270,3.818406105041504,2.8246078491210938,645,-0.044756174087524414,0.06287693977355957,570,-0.06256771087646484,0.034073829650878906,text,text,-0.10728907585144043,0.09609842300415039
634,qmMSumMloAs$_$2,2,Positive,1.4007978439331055,1.4507561922073364,282,1.4010471105575562,1.3950172662734985,396,-0.24396181106567383,0.15194809436798096,467,-0.5845897197723389,0.3720369338989258,text,text,-0.8195269107818604,0.4931141138076782
635,r13W4H8ZhqI$_$12,0,Negative,0.04181598871946335,-0.09553252905607224,152,1.8652430772781372,1.331409215927124,54,-0.037773534655570984,0.032066814601421356,141,0.024545155465602875,0.005399666726589203,text,text,-0.00923396646976471,0.03321189433336258
636,r13W4H8ZhqI$_$1,2,Positive,0.6404002904891968,0.39291197061538696,283,0.6418799757957458,0.41790708899497986,292,0.15960371494293213,0.08010447025299072,565,-0.18457919359207153,0.15424662828445435,text,text,-0.02016746997833252,0.06898730993270874
637,r13W4H8ZhqI$_$5,2,Positive,0.5994836091995239,0.22184628248214722,619,0.9368945360183716,0.3892892599105835,536,0.3146863877773285,0.004190176725387573,659,-0.06353676319122314,0.036859482526779175,text,text,0.25991368293762207,0.037323713302612305
638,r13W4H8ZhqI$_$8,2,Positive,0.45034414529800415,0.31309616565704346,357,0.7245624661445618,0.5432326197624207,275,0.03922832012176514,0.026137948036193848,633,-0.011631965637207031,0.030883967876434326,text,text,0.028362929821014404,0.003917574882507324
639,r5ijC2W9ddk$_$8,2,Positive,2.143354892730713,1.4346860647201538,458,1.2306294441223145,0.9358872175216675,726,0.12885260581970215,0.10350096225738525,506,0.9793808460235596,0.866728663444519,text,text,1.094868779182434,0.9462024569511414
640,r5ijC2W9ddk$_$0,1,Neutral,0.18621978163719177,-0.26364460587501526,227,0.5295418500900269,0.675421953201294,496,0.05345723032951355,0.026856020092964172,13,0.02575385570526123,0.03576892614364624,text,text,0.07485583424568176,0.06020301580429077
641,r9tgDqXEcuc$_$4,2,Positive,0.44561153650283813,0.2779384255409241,594,0.645531177520752,0.3337910771369934,600,0.034300923347473145,0.043634891510009766,647,-0.09734231233596802,0.08622047305107117,text,text,-0.06658822298049927,0.136305034160614
642,rf0yDSeVEUA$_$1,2,Positive,2.5380752086639404,1.6106178760528564,331,1.1425976753234863,0.8057872653007507,596,0.07436060905456543,0.04199099540710449,662,0.47835659980773926,0.3160226345062256,text,text,0.5500514507293701,0.3587367534637451
643,rf0yDSeVEUA$_$0,2,Positive,2.504884719848633,1.7143151760101318,266,2.355266571044922,1.6799193620681763,328,-0.041811466217041016,0.05779004096984863,32,0.5489692687988281,0.442136287689209,text,text,0.5001392364501953,0.38098084926605225
644,rf0yDSeVEUA$_$3,2,Positive,0.706158459186554,0.5508198142051697,673,1.1512246131896973,0.9642507433891296,3,0.12759333848953247,0.004200994968414307,338,0.03975635766983032,0.0045302510261535645,text,text,0.17643433809280396,0.01620560884475708
645,rojyUp4FPSg$_$26,2,Positive,1.3423471450805664,0.7333351373672485,223,2.251255512237549,1.7406903505325317,344,0.06353676319122314,0.019105195999145508,371,-0.1503826379776001,0.10768604278564453,text,text,-0.08647191524505615,0.08992761373519897
646,rojyUp4FPSg$_$20,0,Negative,0.3837296962738037,-0.008387419395148754,167,-2.191706895828247,1.9503248929977417,430,0.17660322785377502,0.13267379999160767,42,-0.14151865243911743,0.17518767714500427,audio,text,0.027700841426849365,0.051407504826784134
647,rojyUp4FPSg$_$21,2,Positive,1.5789899826049805,1.560534954071045,444,-0.0015671253204345703,0.7816660404205322,232,0.1543595790863037,0.11187505722045898,123,0.3569185733795166,0.28862524032592773,vision,text,0.5105786323547363,0.4060537815093994
648,rojyUp4FPSg$_$23,2,Positive,1.2299833297729492,1.1647980213165283,27,1.2625939846038818,1.1527999639511108,65,0.4350758194923401,0.4028846025466919,264,0.02060985565185547,0.05250585079193115,text,text,0.44361937046051025,0.4431830048561096
649,rojyUp4FPSg$_$5,2,Positive,0.42403924465179443,0.2513554096221924,78,0.5999090671539307,0.26349711418151855,436,0.006299912929534912,0.04019425809383392,375,-0.07767820358276367,0.05533045530319214,text,text,-0.07114923000335693,0.012306153774261475
650,rojyUp4FPSg$_$7,2,Positive,1.7598509788513184,1.1619806289672852,503,1.5609591007232666,1.0385247468948364,540,-0.07716608047485352,0.140031099319458,685,0.2916266918182373,0.24937188625335693,text,text,0.21844792366027832,0.38209688663482666
651,rojyUp4FPSg$_$9,0,Negative,0.5416193604469299,-0.18667203187942505,604,0.9101076126098633,0.43384307622909546,642,0.2834185063838959,0.07044181227684021,601,-0.10742491483688354,0.10995233058929443,text,text,0.18361350893974304,0.03312315046787262
652,rojyUp4FPSg$_$10,2,Positive,1.4147549867630005,1.3438138961791992,509,-0.6713403463363647,0.0766369104385376,428,-0.29899871349334717,0.0760871171951294,186,0.4722263813018799,0.46593940258026123,vision,vision,0.19502031803131104,0.3848303556442261
653,rojyUp4FPSg$_$12,2,Positive,1.9875869750976562,1.873311996459961,321,1.9193288087844849,1.7882834672927856,560,0.03267550468444824,0.05782914161682129,87,0.010882139205932617,0.000628352165222168,text,text,0.04171466827392578,0.05843758583068848
654,rojyUp4FPSg$_$16,2,Positive,0.1818714439868927,0.10831710696220398,290,0.30922436714172363,0.12607219815254211,62,0.14817671477794647,0.11337530612945557,130,0.25606757402420044,0.1597023606300354,text,vision,0.3741777241230011,0.25653353333473206
655,rojyUp4FPSg$_$18,2,Positive,0.7490431070327759,0.5332518815994263,137,1.4504164457321167,1.2876768112182617,426,-0.2280670404434204,0.027853190898895264,357,0.01144874095916748,0.012126386165618896,text,text,-0.21363890171051025,0.04235953092575073
656,rojyUp4FPSg$_$37,2,Positive,1.9174320697784424,1.1220943927764893,311,2.6819376945495605,1.6456929445266724,171,0.023177266120910645,0.02997899055480957,468,0.08928322792053223,0.0771791934967041,text,text,0.11295342445373535,0.04744458198547363
657,rojyUp4FPSg$_$36,2,Positive,1.2015759944915771,1.0478270053863525,429,1.5885826349258423,1.2361555099487305,45,0.019430994987487793,0.03392040729522705,90,0.20484423637390137,0.17882776260375977,text,text,0.22623515129089355,0.21278703212738037
658,rojyUp4FPSg$_$34,2,Positive,1.9604520797729492,1.1504340171813965,22,0.7176766395568848,0.17806100845336914,466,0.008107662200927734,0.0538334846496582,393,0.4352536201477051,0.36634939908981323,text,vision,0.43853163719177246,0.41141968965530396
659,rojyUp4FPSg$_$32,2,Positive,1.4952759742736816,1.3869738578796387,150,1.962226390838623,1.5772396326065063,216,0.3167431354522705,0.15362215042114258,596,0.5193016529083252,0.4248518943786621,text,text,0.8271943926811218,0.6079229116439819
660,rwNlqh0k1j4$_$15,2,Positive,1.075796127319336,0.8381239175796509,452,1.1906275749206543,0.9127419590950012,33,-0.06541752815246582,0.06795310974121094,557,-0.05247795581817627,0.01844179630279541,text,text,-0.11442446708679199,0.04265761375427246
661,rwNlqh0k1j4$_$3,0,Negative,1.6893731355667114,-1.193537950515747,443,3.261730432510376,1.8480266332626343,424,-0.0565112829208374,0.012909650802612305,203,0.05571639537811279,0.09178793430328369,text,text,-0.0058176517486572266,0.09504890441894531
662,rwNlqh0k1j4$_$2,2,Positive,0.19009265303611755,0.15955092012882233,426,0.09689626842737198,0.07254907488822937,687,-0.16201278567314148,0.016806885600090027,536,0.08821187168359756,0.06994058936834335,text,text,-0.06369218230247498,0.0594521090388298
663,rwNlqh0k1j4$_$7,0,Negative,0.2821882665157318,-0.3619970679283142,576,0.9150445461273193,0.2632562816143036,417,-0.05273157358169556,0.12122416496276855,427,0.17442475259304047,0.09426644444465637,text,text,0.09433019161224365,0.18912768363952637
664,sC16n1k66io$_$2,2,Positive,1.4861271381378174,1.106452465057373,189,2.917792320251465,2.970914840698242,650,-0.053046464920043945,0.06126081943511963,574,-0.3571290969848633,0.3086726665496826,text,text,-0.407454252243042,0.37026238441467285
665,sC16n1k66io$_$16,2,Positive,0.9727143049240112,0.5570166110992432,193,-0.40304434299468994,0.011765837669372559,501,-0.13525044918060303,0.10497492551803589,53,-0.1301504373550415,0.08691471815109253,vision,audio,-0.2667398452758789,0.19493907690048218
666,sPremsknoLM$_$1,1,Neutral,0.29040440917015076,-0.10913746058940887,52,0.4430614709854126,0.06926275789737701,166,0.1887744665145874,0.008714735507965088,715,-0.039357990026474,0.043888986110687256,text,text,0.1499929428100586,0.03670848160982132
667,ssqiwP19JhM$_$10,2,Positive,0.008029408752918243,0.013247293420135975,723,-0.6603517532348633,0.26601317524909973,88,-0.04894125461578369,0.10905039310455322,236,-0.15123894810676575,0.1296236664056778,audio,text,-0.2088741660118103,0.021583501249551773
668,ssqiwP19JhM$_$2,2,Positive,0.5445346832275391,0.30394768714904785,233,0.23923587799072266,0.06861826777458191,410,0.07995414733886719,0.1364431530237198,215,0.1856555938720703,0.12304206192493439,text,audio,0.25193002820014954,0.23917993903160095
669,szic2IB9HB4$_$5,0,Negative,0.11554357409477234,-0.27368736267089844,285,0.8154693841934204,0.45136597752571106,685,0.10115895420312881,0.049277275800704956,549,0.05550265684723854,0.0598105788230896,text,text,0.13928264379501343,0.0068531036376953125
670,tQ-CIfgj-Js$_$3,0,Negative,0.05668668448925018,-0.14296920597553253,101,0.5137010216712952,0.16787447035312653,316,-0.16624070703983307,0.08475229144096375,169,-0.01600710302591324,0.04271708428859711,text,text,-0.1914331167936325,0.0004184842109680176
671,tXQpm-nKxNA$_$5,2,Positive,2.5908846855163574,1.9006001949310303,620,1.9560734033584595,1.4355461597442627,41,-0.021403789520263672,0.01441645622253418,454,0.47983646392822266,0.357785701751709,text,text,0.46130895614624023,0.34449005126953125
672,tXQpm-nKxNA$_$7,2,Positive,1.957524061203003,1.4751627445220947,624,2.393944501876831,1.6992504596710205,337,-0.038404226303100586,0.06444776058197021,495,0.34925997257232666,0.2641470432281494,text,text,0.3143202066421509,0.3268895149230957
673,uacdDoBtT1k$_$0,0,Negative,0.6898375749588013,-0.3815787434577942,169,0.08933544158935547,0.11940747499465942,387,0.137509286403656,0.05232599377632141,77,-0.02012956142425537,0.01704689860343933,audio,text,0.13072097301483154,0.09732958674430847
674,uacdDoBtT1k$_$6,0,Negative,0.833547830581665,-0.4379326105117798,295,0.4579499065876007,0.31196701526641846,368,-0.019264936447143555,0.006535768508911133,73,-0.009654879570007324,0.005777090787887573,text,text,-0.03114306926727295,0.0008862018585205078
675,unNY4zIk8MM$_$1,2,Positive,2.1356749534606934,1.7477309703826904,454,2.236327886581421,1.7211787700653076,284,-0.11156582832336426,0.07702851295471191,694,-0.20254826545715332,0.19954943656921387,text,text,-0.3157811164855957,0.2690620422363281
676,unNY4zIk8MM$_$3,2,Positive,1.0580426454544067,0.5035583972930908,500,1.5111958980560303,0.772051215171814,475,-0.06451785564422607,0.059051513671875,5,-0.09694087505340576,0.07349473237991333,text,text,-0.16295623779296875,0.13515853881835938
677,unNY4zIk8MM$_$5,2,Positive,1.4794800281524658,0.8278638124465942,664,0.17729854583740234,0.04184436798095703,165,-0.061192989349365234,0.023075342178344727,168,0.19502830505371094,0.15860086679458618,vision,vision,0.1335005760192871,0.13200068473815918
678,unNY4zIk8MM$_$8,2,Positive,0.3344711363315582,0.15814745426177979,551,-0.42524513602256775,0.28092309832572937,704,-0.009263604879379272,0.012399867177009583,709,-0.6397382020950317,0.4163855314254761,audio,vision,-0.651028037071228,0.3949795365333557
679,uooIiW6dEyg$_$1,0,Negative,0.668588399887085,-0.29415178298950195,288,3.0000412464141846,1.3353443145751953,136,-0.2062608003616333,0.15940868854522705,713,0.04950213432312012,0.049634307622909546,text,text,-0.16221070289611816,0.11043643951416016
680,uooIiW6dEyg$_$5,2,Positive,1.2202246189117432,0.7295220494270325,605,1.7455377578735352,0.979499101638794,647,-0.0551450252532959,0.059135377407073975,402,0.33116257190704346,0.25220978260040283,text,text,0.27646327018737793,0.30581164360046387
681,v2Rr-EsJda8$_$0,1,Neutral,0.1347682774066925,-0.07726195454597473,48,0.7160568237304688,0.3410368263721466,415,0.08469033241271973,0.017693452537059784,433,-0.09343066811561584,0.03343579173088074,text,text,0.01272633671760559,0.013926565647125244
682,v2Rr-EsJda8$_$6,2,Positive,1.1079275608062744,0.6705383062362671,79,2.2457921504974365,1.6340490579605103,319,0.059738755226135254,0.04901695251464844,23,0.35903698205947876,0.2882576584815979,text,text,0.42057299613952637,0.2542816996574402
683,v9gjg7TDlTA$_$0,0,Negative,1.1107606887817383,-0.6326807141304016,103,1.7307889461517334,0.5507423877716064,201,-0.23455393314361572,0.15793579816818237,81,0.07440292835235596,0.08345431089401245,text,text,-0.16625702381134033,0.07947534322738647
684,v9gjg7TDlTA$_$4,0,Negative,0.5612832903862,-0.29176679253578186,706,1.0744287967681885,1.042598843574524,42,-0.27417004108428955,0.15254876017570496,316,0.08706149458885193,0.06424139440059662,text,text,-0.19725584983825684,0.08872625231742859
685,vHzbn_YW76s$_$3,0,Negative,0.7168812155723572,-0.29534199833869934,280,0.668624222278595,0.024482756853103638,679,0.25362449884414673,0.13482338190078735,246,0.03617924451828003,0.05214954912662506,text,audio,0.2954312264919281,0.1945834457874298
686,vU0a4F36Ksw$_$13,2,Positive,0.9559875726699829,0.5203262567520142,691,0.43205565214157104,0.10858598351478577,56,0.24604332447052002,5.358457565307617e-05,631,0.21870172023773193,0.194471538066864,text,vision,0.45246922969818115,0.18155089020729065
687,vU0a4F36Ksw$_$12,2,Positive,1.497300148010254,0.6894927024841309,138,1.904539704322815,1.1216896772384644,23,0.13219451904296875,0.03372645378112793,20,0.03473711013793945,0.1348797082901001,text,text,0.16553246974945068,0.17170071601867676
688,vU0a4F36Ksw$_$17,2,Positive,0.8425849676132202,0.27577534317970276,702,1.1036990880966187,0.4998358190059662,427,-0.09345436096191406,0.04841893911361694,313,0.06042647361755371,0.05774316191673279,text,text,-0.02931678295135498,0.018402308225631714
689,vU0a4F36Ksw$_$0,2,Positive,2.0447869300842285,1.333091139793396,40,2.3674514293670654,1.6307690143585205,346,-0.040155887603759766,0.00530695915222168,405,0.08636903762817383,0.08485150337219238,text,text,0.04517960548400879,0.08894145488739014
690,vU0a4F36Ksw$_$3,2,Positive,1.3881205320358276,0.9228846430778503,572,1.4110078811645508,0.9634276032447815,125,0.003922581672668457,0.01230853796005249,326,-0.26984918117523193,0.200128972530365,text,text,-0.26805007457733154,0.21565920114517212
691,vU0a4F36Ksw$_$5,2,Positive,0.387520968914032,0.2578411400318146,641,-0.1375688910484314,0.004485189914703369,591,-0.08143395185470581,0.08140817284584045,79,-0.21045726537704468,0.1335146129131317,audio,vision,-0.2957349419593811,0.21970215439796448
692,vU0a4F36Ksw$_$7,2,Positive,1.2076303958892822,0.5527182817459106,644,0.656078577041626,0.01371145248413086,174,0.04284024238586426,0.051258087158203125,254,0.33828628063201904,0.24204957485198975,text,vision,0.38305461406707764,0.19710493087768555
693,vU0a4F36Ksw$_$20,1,Neutral,0.20406845211982727,0.032523177564144135,529,-0.3745362460613251,0.00902404636144638,185,0.13793745636940002,0.029454439878463745,680,0.17939502000808716,0.09391314536333084,vision,vision,0.3415974974632263,0.1552565097808838
694,vbr3EA8cJTI$_$0,2,Positive,2.803722381591797,1.8831641674041748,154,0.9042166471481323,0.49060285091400146,367,0.07915878295898438,0.005214214324951172,509,0.2841684818267822,0.25902700424194336,text,text,0.3615894317626953,0.2655773162841797
695,vbr3EA8cJTI$_$2,2,Positive,0.056571029126644135,0.0869753509759903,492,0.33847174048423767,0.2594038248062134,314,-0.09680695086717606,0.0826517790555954,666,-0.03882645070552826,0.004620790481567383,text,text,-0.13800090551376343,0.0747155100107193
696,vbr3EA8cJTI$_$7,2,Positive,0.17871138453483582,0.2018326073884964,242,-2.173919439315796,1.2236124277114868,505,0.07112099975347519,0.030199706554412842,637,0.1551346480846405,0.11285419762134552,vision,text,0.22334155440330505,0.1414666473865509
697,vbr3EA8cJTI$_$6,2,Positive,2.620661735534668,1.6111832857131958,276,1.2042558193206787,0.8611068725585938,648,0.01798224449157715,0.004897713661193848,113,0.10837697982788086,0.16582822799682617,text,text,0.12663722038269043,0.16318285465240479
698,wF8980oGklk$_$24,2,Positive,1.0448908805847168,0.6511937379837036,557,0.5749874114990234,0.18867674469947815,517,-0.08377957344055176,0.07445132732391357,478,0.14324885606765747,0.1324537992477417,text,text,0.06436407566070557,0.06348055601119995
699,wF8980oGklk$_$25,2,Positive,2.6806468963623047,1.7036292552947998,250,3.586059093475342,2.707892417907715,50,-0.0707235336303711,0.08106350898742676,547,0.49473094940185547,0.42214512825012207,text,text,0.42560338973999023,0.3347280025482178
700,wF8980oGklk$_$1,1,Neutral,0.3747248947620392,-0.058608442544937134,237,0.706653356552124,0.22134867310523987,79,0.0411895215511322,0.047111473977565765,314,-0.031751394271850586,0.018326863646507263,text,text,0.01366722583770752,0.0641767680644989
701,wF8980oGklk$_$0,2,Positive,0.607132077217102,0.22073081135749817,548,0.2028661072254181,0.029243260622024536,508,0.032488226890563965,0.035048067569732666,510,-0.05122673511505127,0.02204662561416626,text,audio,-0.019609391689300537,0.058834582567214966
702,wF8980oGklk$_$3,1,Neutral,0.24989399313926697,-0.1748882681131363,475,1.002028465270996,0.2927628755569458,607,0.05648684501647949,0.049118027091026306,101,-0.06431165337562561,0.00810551643371582,text,text,0.010234028100967407,0.04126015305519104
703,wF8980oGklk$_$2,0,Negative,0.7043504118919373,-0.5625360012054443,0,2.2491252422332764,1.2434144020080566,555,-0.42287057638168335,0.24096477031707764,388,0.04416590929031372,0.038344621658325195,text,text,-0.3869784474372864,0.2164905071258545
704,wF8980oGklk$_$6,2,Positive,0.7245383262634277,0.44482165575027466,455,-0.07684469223022461,0.10536685585975647,138,0.12619006633758545,0.02215370535850525,583,0.09266877174377441,0.08208787441253662,audio,text,0.21492016315460205,0.06173810362815857
705,wF8980oGklk$_$17,2,Positive,2.0290589332580566,1.5630903244018555,116,3.260223865509033,2.8807973861694336,224,0.019452571868896484,0.024466872215270996,421,-0.0654001235961914,0.09628689289093018,text,text,-0.04722738265991211,0.07514548301696777
706,wosolsrH3sM$_$6,2,Positive,0.31499916315078735,0.36767861247062683,342,0.21545574069023132,0.3211047351360321,494,-0.3630278706550598,0.35826221108436584,629,-0.3830244541168213,0.34380051493644714,text,audio,-0.7574521899223328,0.6984004974365234
707,x-zGBp7axao$_$3,2,Positive,0.47820764780044556,0.5145344734191895,660,-1.036848783493042,0.7053515911102295,510,0.20264607667922974,0.07088002562522888,258,0.18838268518447876,0.1936492919921875,audio,text,0.36905795335769653,0.25409138202667236
708,x2lOwQaAn4g$_$4,2,Positive,3.194521427154541,2.209393262863159,160,1.0149714946746826,0.8127551078796387,481,0.17583203315734863,0.05030179023742676,513,0.8747217655181885,0.6263186931610107,text,text,1.0497698783874512,0.7226908206939697
709,xUgAP84vsg4$_$15,2,Positive,3.1859889030456543,2.141340732574463,499,4.066773414611816,3.2424166202545166,672,0.1706714630126953,0.04639434814453125,566,0.6124868392944336,0.452394962310791,text,text,0.7818584442138672,0.5105128288269043
710,xUgAP84vsg4$_$4,2,Positive,2.972661018371582,1.8718574047088623,333,2.117065191268921,1.297934651374817,398,0.12556886672973633,0.059359073638916016,686,0.3782689571380615,0.21195590496063232,text,text,0.5025525093078613,0.27450573444366455
711,xUgAP84vsg4$_$8,2,Positive,1.3390977382659912,0.48286300897598267,646,1.179903507232666,0.2711039185523987,524,0.11739158630371094,0.088299959897995,120,0.05889570713043213,0.03886842727661133,text,text,0.17469286918640137,0.12486374378204346
712,xivYoEUQ5sk$_$5,2,Positive,1.9285063743591309,1.2809432744979858,482,0.633430004119873,0.6612916588783264,656,0.04079627990722656,0.0008922815322875977,353,0.05268263816833496,0.06680643558502197,text,text,0.09374451637268066,0.0661388635635376
713,xivYoEUQ5sk$_$4,2,Positive,2.7514119148254395,2.107508897781372,245,3.010611057281494,2.27750301361084,271,-0.002125263214111328,0.010627985000610352,553,0.08866500854492188,0.044112443923950195,text,text,0.08658719062805176,0.03352952003479004
714,xjsaS-LeZ14$_$20,1,Neutral,0.026798516511917114,-0.030556300655007362,711,0.06378932297229767,0.5395649671554565,36,-0.10808828473091125,0.06086590141057968,228,-0.015537083148956299,0.03242218494415283,text,text,-0.1249646544456482,0.02346758358180523
715,xjsaS-LeZ14$_$14,2,Positive,1.1564950942993164,0.5547224283218384,621,2.1798882484436035,1.360001564025879,285,0.039510488510131836,0.11692976951599121,162,-0.011455774307250977,0.0028682351112365723,text,text,0.0273897647857666,0.11614495515823364
716,xjsaS-LeZ14$_$6,2,Positive,0.7234636545181274,0.7065839767456055,699,-2.230937957763672,1.262596607208252,293,-0.028310179710388184,0.046875,336,0.24774682521820068,0.25050050020217896,vision,text,0.1937996745109558,0.2527850568294525
717,y8HXGm1-Ecw$_$7,0,Negative,0.686421275138855,-0.3533005714416504,328,1.8711988925933838,0.8352247476577759,22,-0.03616875410079956,0.04416787624359131,278,0.3440462052822113,0.3583415746688843,text,text,0.29881951212882996,0.3181566894054413
718,y9FyTEyGy5Y$_$1,2,Positive,1.5385961532592773,1.1117422580718994,247,0.6570277214050293,0.4485408067703247,186,0.056627511978149414,0.03824484348297119,674,0.7771183252334595,0.6738173961639404,vision,vision,0.8329631090164185,0.6526148319244385
719,zhE_68GMJIk$_$8,2,Positive,0.5453709959983826,0.5793241262435913,93,1.6732256412506104,1.6757628917694092,193,-0.03393071889877319,0.06075453758239746,381,0.3276270031929016,0.3044358789920807,text,text,0.27444618940353394,0.324434757232666
720,zhE_68GMJIk$_$5,0,Negative,0.3100116550922394,-0.11281704157590866,531,1.342606544494629,0.7386453151702881,84,-0.2645324766635895,0.11870462447404861,14,0.25704431533813477,0.2643088698387146,text,text,-0.02005496621131897,0.14305254817008972
721,zjYEBwXGD8I$_$13,2,Positive,0.7572116851806641,0.4743659198284149,323,1.3806467056274414,0.8472816944122314,249,0.17037129402160645,0.021301299333572388,708,-1.2263648509979248,0.9560786485671997,text,vision,-1.0290215015411377,0.9265549182891846
722,zjYEBwXGD8I$_$15,1,Neutral,0.010273933410644531,-0.027957070618867874,683,0.5917730927467346,0.6848827004432678,306,-0.01815935969352722,0.0016353074461221695,621,0.010789662599563599,0.03684321418404579,text,text,-0.006626009941101074,0.0391063317656517
723,zjYEBwXGD8I$_$0,2,Positive,1.152888536453247,0.5771444439888,618,-1.0584604740142822,0.6632228493690491,184,0.10756325721740723,0.04526817798614502,531,0.6212044954299927,0.46369680762290955,vision,text,0.7273144721984863,0.4303693473339081
724,zjYEBwXGD8I$_$2,2,Positive,0.9621343612670898,0.5970995426177979,263,1.6125853061676025,1.1504359245300293,673,0.31306540966033936,0.07849568128585815,222,0.15212666988372803,0.13797536492347717,text,text,0.45202845335006714,0.21336036920547485
725,zjYEBwXGD8I$_$4,2,Positive,0.1489335298538208,0.18222425878047943,439,-2.1783571243286133,1.3369613885879517,31,0.04504147917032242,0.02946797013282776,691,-0.0029183030128479004,0.0025261789560317993,audio,text,0.03789316862821579,0.03250405192375183
726,zjYEBwXGD8I$_$9,2,Positive,1.918381690979004,1.0611371994018555,384,2.337803363800049,1.2895588874816895,219,0.11894071102142334,0.04274559020996094,0,0.10918855667114258,0.1305396556854248,text,text,0.22825896739959717,0.1734931468963623
727,zk2jTlAtvSU$_$3,2,Positive,0.2023032009601593,0.15043674409389496,182,-0.27634748816490173,0.26552826166152954,479,-0.2086818516254425,0.055326566100120544,165,0.16001677513122559,0.12197703123092651,vision,text,-0.029297620058059692,0.17976772785186768
