order_1based,external_file_order_key,official_source_file,modality,zero_run_type,start_index_inclusive,end_index_exclusive,length_native_steps,run_ratio_of_500,relative_start,relative_end,sample_zero_row_ratio,frozen_P_values,frozen_O_values,zero_context_3_positions_diagnostic_only,certified_missingness
1,附件3_未对齐版本_01,E题数据/附件3-模态缺失特征样本/未对齐版本/附件3_未对齐版本_01.pkl,audio,interior_zero_candidate,6,7,1,0.002,0.012,0.014,0.91,2,2,1,False
1,附件3_未对齐版本_01,E题数据/附件3-模态缺失特征样本/未对齐版本/附件3_未对齐版本_01.pkl,audio,interior_zero_candidate,17,18,1,0.002,0.034,0.036,0.91,2,2,1,False
1,附件3_未对齐版本_01,E题数据/附件3-模态缺失特征样本/未对齐版本/附件3_未对齐版本_01.pkl,audio,interior_zero_candidate,38,40,2,0.004,0.076,0.08,0.91,2,2,2,False
1,附件3_未对齐版本_01,E题数据/附件3-模态缺失特征样本/未对齐版本/附件3_未对齐版本_01.pkl,audio,suffix_zero_ambiguous,49,500,451,0.902,0.098,1.0,0.91,2,2,0,False
2,附件3_未对齐版本_02,E题数据/附件3-模态缺失特征样本/未对齐版本/附件3_未对齐版本_02.pkl,audio,interior_zero_candidate,9,10,1,0.002,0.018,0.02,0.748,2,2,1,False
2,附件3_未对齐版本_02,E题数据/附件3-模态缺失特征样本/未对齐版本/附件3_未对齐版本_02.pkl,audio,interior_zero_candidate,30,31,1,0.002,0.06,0.062,0.748,2,2,1,False
2,附件3_未对齐版本_02,E题数据/附件3-模态缺失特征样本/未对齐版本/附件3_未对齐版本_02.pkl,audio,interior_zero_candidate,36,37,1,0.002,0.072,0.074,0.748,2,2,1,False
2,附件3_未对齐版本_02,E题数据/附件3-模态缺失特征样本/未对齐版本/附件3_未对齐版本_02.pkl,audio,interior_zero_candidate,43,44,1,0.002,0.086,0.088,0.748,2,2,1,False
2,附件3_未对齐版本_02,E题数据/附件3-模态缺失特征样本/未对齐版本/附件3_未对齐版本_02.pkl,audio,interior_zero_candidate,46,47,1,0.002,0.092,0.094,0.748,2,2,1,False
2,附件3_未对齐版本_02,E题数据/附件3-模态缺失特征样本/未对齐版本/附件3_未对齐版本_02.pkl,audio,interior_zero_candidate,54,57,3,0.006,0.108,0.114,0.748,2,2,3,False
2,附件3_未对齐版本_02,E题数据/附件3-模态缺失特征样本/未对齐版本/附件3_未对齐版本_02.pkl,audio,interior_zero_candidate,60,61,1,0.002,0.12,0.122,0.748,2,2,1,False
2,附件3_未对齐版本_02,E题数据/附件3-模态缺失特征样本/未对齐版本/附件3_未对齐版本_02.pkl,audio,interior_zero_candidate,62,63,1,0.002,0.124,0.126,0.748,2,2,1,False
2,附件3_未对齐版本_02,E题数据/附件3-模态缺失特征样本/未对齐版本/附件3_未对齐版本_02.pkl,audio,interior_zero_candidate,98,99,1,0.002,0.196,0.198,0.748,2,2,1,False
2,附件3_未对齐版本_02,E题数据/附件3-模态缺失特征样本/未对齐版本/附件3_未对齐版本_02.pkl,audio,interior_zero_candidate,105,106,1,0.002,0.21,0.212,0.748,2,2,1,False
2,附件3_未对齐版本_02,E题数据/附件3-模态缺失特征样本/未对齐版本/附件3_未对齐版本_02.pkl,audio,interior_zero_candidate,110,112,2,0.004,0.22,0.224,0.748,2,2,2,False
2,附件3_未对齐版本_02,E题数据/附件3-模态缺失特征样本/未对齐版本/附件3_未对齐版本_02.pkl,audio,interior_zero_candidate,114,115,1,0.002,0.228,0.23,0.748,2,2,1,False
2,附件3_未对齐版本_02,E题数据/附件3-模态缺失特征样本/未对齐版本/附件3_未对齐版本_02.pkl,audio,interior_zero_candidate,128,129,1,0.002,0.256,0.258,0.748,2,2,1,False
2,附件3_未对齐版本_02,E题数据/附件3-模态缺失特征样本/未对齐版本/附件3_未对齐版本_02.pkl,audio,interior_zero_candidate,131,132,1,0.002,0.262,0.264,0.748,2,2,1,False
2,附件3_未对齐版本_02,E题数据/附件3-模态缺失特征样本/未对齐版本/附件3_未对齐版本_02.pkl,audio,interior_zero_candidate,134,135,1,0.002,0.268,0.27,0.748,2,2,1,False
2,附件3_未对齐版本_02,E题数据/附件3-模态缺失特征样本/未对齐版本/附件3_未对齐版本_02.pkl,audio,suffix_zero_ambiguous,144,500,356,0.712,0.288,1.0,0.748,2,2,0,False
3,附件3_未对齐版本_03,E题数据/附件3-模态缺失特征样本/未对齐版本/附件3_未对齐版本_03.pkl,audio,interior_zero_candidate,5,7,2,0.004,0.01,0.014,0.656,2,2,2,False
3,附件3_未对齐版本_03,E题数据/附件3-模态缺失特征样本/未对齐版本/附件3_未对齐版本_03.pkl,audio,interior_zero_candidate,22,23,1,0.002,0.044,0.046,0.656,2,2,1,False
3,附件3_未对齐版本_03,E题数据/附件3-模态缺失特征样本/未对齐版本/附件3_未对齐版本_03.pkl,audio,interior_zero_candidate,26,27,1,0.002,0.052,0.054,0.656,2,2,1,False
3,附件3_未对齐版本_03,E题数据/附件3-模态缺失特征样本/未对齐版本/附件3_未对齐版本_03.pkl,audio,interior_zero_candidate,32,34,2,0.004,0.064,0.068,0.656,2,2,2,False
3,附件3_未对齐版本_03,E题数据/附件3-模态缺失特征样本/未对齐版本/附件3_未对齐版本_03.pkl,audio,interior_zero_candidate,61,62,1,0.002,0.122,0.124,0.656,2,2,1,False
3,附件3_未对齐版本_03,E题数据/附件3-模态缺失特征样本/未对齐版本/附件3_未对齐版本_03.pkl,audio,interior_zero_candidate,70,72,2,0.004,0.14,0.144,0.656,2,2,2,False
3,附件3_未对齐版本_03,E题数据/附件3-模态缺失特征样本/未对齐版本/附件3_未对齐版本_03.pkl,audio,interior_zero_candidate,73,74,1,0.002,0.146,0.148,0.656,2,2,1,False
3,附件3_未对齐版本_03,E题数据/附件3-模态缺失特征样本/未对齐版本/附件3_未对齐版本_03.pkl,audio,interior_zero_candidate,81,82,1,0.002,0.162,0.164,0.656,2,2,1,False
3,附件3_未对齐版本_03,E题数据/附件3-模态缺失特征样本/未对齐版本/附件3_未对齐版本_03.pkl,audio,interior_zero_candidate,88,89,1,0.002,0.176,0.178,0.656,2,2,1,False
3,附件3_未对齐版本_03,E题数据/附件3-模态缺失特征样本/未对齐版本/附件3_未对齐版本_03.pkl,audio,interior_zero_candidate,98,99,1,0.002,0.196,0.198,0.656,2,2,1,False
3,附件3_未对齐版本_03,E题数据/附件3-模态缺失特征样本/未对齐版本/附件3_未对齐版本_03.pkl,audio,interior_zero_candidate,100,101,1,0.002,0.2,0.202,0.656,2,2,1,False
3,附件3_未对齐版本_03,E题数据/附件3-模态缺失特征样本/未对齐版本/附件3_未对齐版本_03.pkl,audio,interior_zero_candidate,105,106,1,0.002,0.21,0.212,0.656,2,2,1,False
3,附件3_未对齐版本_03,E题数据/附件3-模态缺失特征样本/未对齐版本/附件3_未对齐版本_03.pkl,audio,interior_zero_candidate,111,112,1,0.002,0.222,0.224,0.656,2,2,1,False
3,附件3_未对齐版本_03,E题数据/附件3-模态缺失特征样本/未对齐版本/附件3_未对齐版本_03.pkl,audio,interior_zero_candidate,114,115,1,0.002,0.228,0.23,0.656,2,2,1,False
3,附件3_未对齐版本_03,E题数据/附件3-模态缺失特征样本/未对齐版本/附件3_未对齐版本_03.pkl,audio,interior_zero_candidate,120,121,1,0.002,0.24,0.242,0.656,2,2,1,False
3,附件3_未对齐版本_03,E题数据/附件3-模态缺失特征样本/未对齐版本/附件3_未对齐版本_03.pkl,audio,interior_zero_candidate,139,140,1,0.002,0.278,0.28,0.656,2,2,1,False
3,附件3_未对齐版本_03,E题数据/附件3-模态缺失特征样本/未对齐版本/附件3_未对齐版本_03.pkl,audio,interior_zero_candidate,143,144,1,0.002,0.286,0.288,0.656,2,2,1,False
3,附件3_未对齐版本_03,E题数据/附件3-模态缺失特征样本/未对齐版本/附件3_未对齐版本_03.pkl,audio,interior_zero_candidate,155,156,1,0.002,0.31,0.312,0.656,2,2,1,False
3,附件3_未对齐版本_03,E题数据/附件3-模态缺失特征样本/未对齐版本/附件3_未对齐版本_03.pkl,audio,interior_zero_candidate,164,165,1,0.002,0.328,0.33,0.656,2,2,1,False
3,附件3_未对齐版本_03,E题数据/附件3-模态缺失特征样本/未对齐版本/附件3_未对齐版本_03.pkl,audio,interior_zero_candidate,172,173,1,0.002,0.344,0.346,0.656,2,2,1,False
3,附件3_未对齐版本_03,E题数据/附件3-模态缺失特征样本/未对齐版本/附件3_未对齐版本_03.pkl,audio,suffix_zero_ambiguous,195,500,305,0.61,0.39,1.0,0.656,2,2,0,False
4,附件3_未对齐版本_04,E题数据/附件3-模态缺失特征样本/未对齐版本/附件3_未对齐版本_04.pkl,audio,interior_zero_candidate,5,6,1,0.002,0.01,0.012,0.58,2,2,1,False
4,附件3_未对齐版本_04,E题数据/附件3-模态缺失特征样本/未对齐版本/附件3_未对齐版本_04.pkl,audio,interior_zero_candidate,24,25,1,0.002,0.048,0.05,0.58,2,2,1,False
4,附件3_未对齐版本_04,E题数据/附件3-模态缺失特征样本/未对齐版本/附件3_未对齐版本_04.pkl,audio,interior_zero_candidate,31,32,1,0.002,0.062,0.064,0.58,2,2,1,False
4,附件3_未对齐版本_04,E题数据/附件3-模态缺失特征样本/未对齐版本/附件3_未对齐版本_04.pkl,audio,interior_zero_candidate,40,41,1,0.002,0.08,0.082,0.58,2,2,1,False
4,附件3_未对齐版本_04,E题数据/附件3-模态缺失特征样本/未对齐版本/附件3_未对齐版本_04.pkl,audio,interior_zero_candidate,51,52,1,0.002,0.102,0.104,0.58,2,2,1,False
4,附件3_未对齐版本_04,E题数据/附件3-模态缺失特征样本/未对齐版本/附件3_未对齐版本_04.pkl,audio,interior_zero_candidate,61,62,1,0.002,0.122,0.124,0.58,2,2,1,False
4,附件3_未对齐版本_04,E题数据/附件3-模态缺失特征样本/未对齐版本/附件3_未对齐版本_04.pkl,audio,interior_zero_candidate,83,85,2,0.004,0.166,0.17,0.58,2,2,2,False
4,附件3_未对齐版本_04,E题数据/附件3-模态缺失特征样本/未对齐版本/附件3_未对齐版本_04.pkl,audio,interior_zero_candidate,91,93,2,0.004,0.182,0.186,0.58,2,2,2,False
4,附件3_未对齐版本_04,E题数据/附件3-模态缺失特征样本/未对齐版本/附件3_未对齐版本_04.pkl,audio,interior_zero_candidate,108,109,1,0.002,0.216,0.218,0.58,2,2,1,False
4,附件3_未对齐版本_04,E题数据/附件3-模态缺失特征样本/未对齐版本/附件3_未对齐版本_04.pkl,audio,interior_zero_candidate,112,114,2,0.004,0.224,0.228,0.58,2,2,2,False
4,附件3_未对齐版本_04,E题数据/附件3-模态缺失特征样本/未对齐版本/附件3_未对齐版本_04.pkl,audio,interior_zero_candidate,127,129,2,0.004,0.254,0.258,0.58,2,2,2,False
4,附件3_未对齐版本_04,E题数据/附件3-模态缺失特征样本/未对齐版本/附件3_未对齐版本_04.pkl,audio,interior_zero_candidate,132,133,1,0.002,0.264,0.266,0.58,2,2,1,False
4,附件3_未对齐版本_04,E题数据/附件3-模态缺失特征样本/未对齐版本/附件3_未对齐版本_04.pkl,audio,interior_zero_candidate,151,152,1,0.002,0.302,0.304,0.58,2,2,1,False
4,附件3_未对齐版本_04,E题数据/附件3-模态缺失特征样本/未对齐版本/附件3_未对齐版本_04.pkl,audio,interior_zero_candidate,158,159,1,0.002,0.316,0.318,0.58,2,2,1,False
4,附件3_未对齐版本_04,E题数据/附件3-模态缺失特征样本/未对齐版本/附件3_未对齐版本_04.pkl,audio,interior_zero_candidate,161,164,3,0.006,0.322,0.328,0.58,2,2,3,False
4,附件3_未对齐版本_04,E题数据/附件3-模态缺失特征样本/未对齐版本/附件3_未对齐版本_04.pkl,audio,interior_zero_candidate,178,179,1,0.002,0.356,0.358,0.58,2,2,1,False
4,附件3_未对齐版本_04,E题数据/附件3-模态缺失特征样本/未对齐版本/附件3_未对齐版本_04.pkl,audio,interior_zero_candidate,187,188,1,0.002,0.374,0.376,0.58,2,2,1,False
4,附件3_未对齐版本_04,E题数据/附件3-模态缺失特征样本/未对齐版本/附件3_未对齐版本_04.pkl,audio,interior_zero_candidate,190,191,1,0.002,0.38,0.382,0.58,2,2,1,False
4,附件3_未对齐版本_04,E题数据/附件3-模态缺失特征样本/未对齐版本/附件3_未对齐版本_04.pkl,audio,interior_zero_candidate,198,199,1,0.002,0.396,0.398,0.58,2,2,1,False
4,附件3_未对齐版本_04,E题数据/附件3-模态缺失特征样本/未对齐版本/附件3_未对齐版本_04.pkl,audio,interior_zero_candidate,201,202,1,0.002,0.402,0.404,0.58,2,2,1,False
4,附件3_未对齐版本_04,E题数据/附件3-模态缺失特征样本/未对齐版本/附件3_未对齐版本_04.pkl,audio,interior_zero_candidate,203,204,1,0.002,0.406,0.408,0.58,2,2,1,False
4,附件3_未对齐版本_04,E题数据/附件3-模态缺失特征样本/未对齐版本/附件3_未对齐版本_04.pkl,audio,interior_zero_candidate,210,211,1,0.002,0.42,0.422,0.58,2,2,1,False
4,附件3_未对齐版本_04,E题数据/附件3-模态缺失特征样本/未对齐版本/附件3_未对齐版本_04.pkl,audio,interior_zero_candidate,216,217,1,0.002,0.432,0.434,0.58,2,2,1,False
4,附件3_未对齐版本_04,E题数据/附件3-模态缺失特征样本/未对齐版本/附件3_未对齐版本_04.pkl,audio,interior_zero_candidate,218,219,1,0.002,0.436,0.438,0.58,2,2,1,False
4,附件3_未对齐版本_04,E题数据/附件3-模态缺失特征样本/未对齐版本/附件3_未对齐版本_04.pkl,audio,interior_zero_candidate,221,222,1,0.002,0.442,0.444,0.58,2,2,1,False
4,附件3_未对齐版本_04,E题数据/附件3-模态缺失特征样本/未对齐版本/附件3_未对齐版本_04.pkl,audio,interior_zero_candidate,235,236,1,0.002,0.47,0.472,0.58,2,2,1,False
4,附件3_未对齐版本_04,E题数据/附件3-模态缺失特征样本/未对齐版本/附件3_未对齐版本_04.pkl,audio,suffix_zero_ambiguous,242,500,258,0.516,0.484,1.0,0.58,2,2,0,False
5,附件3_未对齐版本_05,E题数据/附件3-模态缺失特征样本/未对齐版本/附件3_未对齐版本_05.pkl,audio,interior_zero_candidate,7,8,1,0.002,0.014,0.016,0.832,2,2,1,False
5,附件3_未对齐版本_05,E题数据/附件3-模态缺失特征样本/未对齐版本/附件3_未对齐版本_05.pkl,audio,interior_zero_candidate,10,11,1,0.002,0.02,0.022,0.832,2,2,1,False
5,附件3_未对齐版本_05,E题数据/附件3-模态缺失特征样本/未对齐版本/附件3_未对齐版本_05.pkl,audio,interior_zero_candidate,35,36,1,0.002,0.07,0.072,0.832,2,2,1,False
5,附件3_未对齐版本_05,E题数据/附件3-模态缺失特征样本/未对齐版本/附件3_未对齐版本_05.pkl,audio,interior_zero_candidate,38,39,1,0.002,0.076,0.078,0.832,2,2,1,False
5,附件3_未对齐版本_05,E题数据/附件3-模态缺失特征样本/未对齐版本/附件3_未对齐版本_05.pkl,audio,interior_zero_candidate,50,53,3,0.006,0.1,0.106,0.832,2,2,3,False
5,附件3_未对齐版本_05,E题数据/附件3-模态缺失特征样本/未对齐版本/附件3_未对齐版本_05.pkl,audio,interior_zero_candidate,69,70,1,0.002,0.138,0.14,0.832,2,2,1,False
5,附件3_未对齐版本_05,E题数据/附件3-模态缺失特征样本/未对齐版本/附件3_未对齐版本_05.pkl,audio,suffix_zero_ambiguous,92,500,408,0.816,0.184,1.0,0.832,2,2,0,False
6,附件3_未对齐版本_06,E题数据/附件3-模态缺失特征样本/未对齐版本/附件3_未对齐版本_06.pkl,audio,interior_zero_candidate,46,48,2,0.004,0.092,0.096,0.834,2,2,2,False
6,附件3_未对齐版本_06,E题数据/附件3-模态缺失特征样本/未对齐版本/附件3_未对齐版本_06.pkl,audio,interior_zero_candidate,58,60,2,0.004,0.116,0.12,0.834,2,2,2,False
6,附件3_未对齐版本_06,E题数据/附件3-模态缺失特征样本/未对齐版本/附件3_未对齐版本_06.pkl,audio,interior_zero_candidate,64,65,1,0.002,0.128,0.13,0.834,2,2,1,False
6,附件3_未对齐版本_06,E题数据/附件3-模态缺失特征样本/未对齐版本/附件3_未对齐版本_06.pkl,audio,interior_zero_candidate,75,76,1,0.002,0.15,0.152,0.834,2,2,1,False
6,附件3_未对齐版本_06,E题数据/附件3-模态缺失特征样本/未对齐版本/附件3_未对齐版本_06.pkl,audio,suffix_zero_ambiguous,89,500,411,0.822,0.178,1.0,0.834,2,2,0,False
7,附件3_未对齐版本_07,E题数据/附件3-模态缺失特征样本/未对齐版本/附件3_未对齐版本_07.pkl,audio,prefix_zero_ambiguous,0,1,1,0.002,0.0,0.002,0.684,2,2,0,False
7,附件3_未对齐版本_07,E题数据/附件3-模态缺失特征样本/未对齐版本/附件3_未对齐版本_07.pkl,audio,interior_zero_candidate,7,8,1,0.002,0.014,0.016,0.684,2,2,1,False
7,附件3_未对齐版本_07,E题数据/附件3-模态缺失特征样本/未对齐版本/附件3_未对齐版本_07.pkl,audio,interior_zero_candidate,17,18,1,0.002,0.034,0.036,0.684,2,2,1,False
7,附件3_未对齐版本_07,E题数据/附件3-模态缺失特征样本/未对齐版本/附件3_未对齐版本_07.pkl,audio,interior_zero_candidate,27,30,3,0.006,0.054,0.06,0.684,2,2,3,False
7,附件3_未对齐版本_07,E题数据/附件3-模态缺失特征样本/未对齐版本/附件3_未对齐版本_07.pkl,audio,interior_zero_candidate,40,41,1,0.002,0.08,0.082,0.684,2,2,1,False
7,附件3_未对齐版本_07,E题数据/附件3-模态缺失特征样本/未对齐版本/附件3_未对齐版本_07.pkl,audio,interior_zero_candidate,45,47,2,0.004,0.09,0.094,0.684,2,2,2,False
7,附件3_未对齐版本_07,E题数据/附件3-模态缺失特征样本/未对齐版本/附件3_未对齐版本_07.pkl,audio,interior_zero_candidate,55,56,1,0.002,0.11,0.112,0.684,2,2,1,False
7,附件3_未对齐版本_07,E题数据/附件3-模态缺失特征样本/未对齐版本/附件3_未对齐版本_07.pkl,audio,interior_zero_candidate,59,60,1,0.002,0.118,0.12,0.684,2,2,1,False
7,附件3_未对齐版本_07,E题数据/附件3-模态缺失特征样本/未对齐版本/附件3_未对齐版本_07.pkl,audio,interior_zero_candidate,62,63,1,0.002,0.124,0.126,0.684,2,2,1,False
7,附件3_未对齐版本_07,E题数据/附件3-模态缺失特征样本/未对齐版本/附件3_未对齐版本_07.pkl,audio,interior_zero_candidate,106,107,1,0.002,0.212,0.214,0.684,2,2,1,False
7,附件3_未对齐版本_07,E题数据/附件3-模态缺失特征样本/未对齐版本/附件3_未对齐版本_07.pkl,audio,interior_zero_candidate,117,118,1,0.002,0.234,0.236,0.684,2,2,1,False
7,附件3_未对齐版本_07,E题数据/附件3-模态缺失特征样本/未对齐版本/附件3_未对齐版本_07.pkl,audio,interior_zero_candidate,139,141,2,0.004,0.278,0.282,0.684,2,2,2,False
7,附件3_未对齐版本_07,E题数据/附件3-模态缺失特征样本/未对齐版本/附件3_未对齐版本_07.pkl,audio,interior_zero_candidate,163,165,2,0.004,0.326,0.33,0.684,2,2,2,False
7,附件3_未对齐版本_07,E题数据/附件3-模态缺失特征样本/未对齐版本/附件3_未对齐版本_07.pkl,audio,interior_zero_candidate,169,170,1,0.002,0.338,0.34,0.684,2,2,1,False
7,附件3_未对齐版本_07,E题数据/附件3-模态缺失特征样本/未对齐版本/附件3_未对齐版本_07.pkl,audio,interior_zero_candidate,171,174,3,0.006,0.342,0.348,0.684,2,2,3,False
7,附件3_未对齐版本_07,E题数据/附件3-模态缺失特征样本/未对齐版本/附件3_未对齐版本_07.pkl,audio,suffix_zero_ambiguous,180,500,320,0.64,0.36,1.0,0.684,2,2,0,False
8,附件3_未对齐版本_08,E题数据/附件3-模态缺失特征样本/未对齐版本/附件3_未对齐版本_08.pkl,audio,interior_zero_candidate,2,3,1,0.002,0.004,0.006,0.836,2,2,1,False
8,附件3_未对齐版本_08,E题数据/附件3-模态缺失特征样本/未对齐版本/附件3_未对齐版本_08.pkl,audio,interior_zero_candidate,9,10,1,0.002,0.018,0.02,0.836,2,2,1,False
8,附件3_未对齐版本_08,E题数据/附件3-模态缺失特征样本/未对齐版本/附件3_未对齐版本_08.pkl,audio,interior_zero_candidate,30,31,1,0.002,0.06,0.062,0.836,2,2,1,False
8,附件3_未对齐版本_08,E题数据/附件3-模态缺失特征样本/未对齐版本/附件3_未对齐版本_08.pkl,audio,interior_zero_candidate,38,39,1,0.002,0.076,0.078,0.836,2,2,1,False
8,附件3_未对齐版本_08,E题数据/附件3-模态缺失特征样本/未对齐版本/附件3_未对齐版本_08.pkl,audio,interior_zero_candidate,50,51,1,0.002,0.1,0.102,0.836,2,2,1,False
8,附件3_未对齐版本_08,E题数据/附件3-模态缺失特征样本/未对齐版本/附件3_未对齐版本_08.pkl,audio,interior_zero_candidate,64,65,1,0.002,0.128,0.13,0.836,2,2,1,False
8,附件3_未对齐版本_08,E题数据/附件3-模态缺失特征样本/未对齐版本/附件3_未对齐版本_08.pkl,audio,interior_zero_candidate,70,71,1,0.002,0.14,0.142,0.836,2,2,1,False
8,附件3_未对齐版本_08,E题数据/附件3-模态缺失特征样本/未对齐版本/附件3_未对齐版本_08.pkl,audio,interior_zero_candidate,76,77,1,0.002,0.152,0.154,0.836,2,2,1,False
8,附件3_未对齐版本_08,E题数据/附件3-模态缺失特征样本/未对齐版本/附件3_未对齐版本_08.pkl,audio,interior_zero_candidate,82,83,1,0.002,0.164,0.166,0.836,2,2,1,False
8,附件3_未对齐版本_08,E题数据/附件3-模态缺失特征样本/未对齐版本/附件3_未对齐版本_08.pkl,audio,interior_zero_candidate,90,91,1,0.002,0.18,0.182,0.836,2,2,1,False
8,附件3_未对齐版本_08,E题数据/附件3-模态缺失特征样本/未对齐版本/附件3_未对齐版本_08.pkl,audio,suffix_zero_ambiguous,92,500,408,0.816,0.184,1.0,0.836,2,2,0,False
9,附件3_未对齐版本_09,E题数据/附件3-模态缺失特征样本/未对齐版本/附件3_未对齐版本_09.pkl,audio,interior_zero_candidate,2,3,1,0.002,0.004,0.006,0.828,2,2,1,False
9,附件3_未对齐版本_09,E题数据/附件3-模态缺失特征样本/未对齐版本/附件3_未对齐版本_09.pkl,audio,interior_zero_candidate,4,5,1,0.002,0.008,0.01,0.828,2,2,1,False
9,附件3_未对齐版本_09,E题数据/附件3-模态缺失特征样本/未对齐版本/附件3_未对齐版本_09.pkl,audio,interior_zero_candidate,16,17,1,0.002,0.032,0.034,0.828,2,2,1,False
9,附件3_未对齐版本_09,E题数据/附件3-模态缺失特征样本/未对齐版本/附件3_未对齐版本_09.pkl,audio,interior_zero_candidate,21,22,1,0.002,0.042,0.044,0.828,2,2,1,False
9,附件3_未对齐版本_09,E题数据/附件3-模态缺失特征样本/未对齐版本/附件3_未对齐版本_09.pkl,audio,interior_zero_candidate,37,38,1,0.002,0.074,0.076,0.828,2,2,1,False
9,附件3_未对齐版本_09,E题数据/附件3-模态缺失特征样本/未对齐版本/附件3_未对齐版本_09.pkl,audio,interior_zero_candidate,54,55,1,0.002,0.108,0.11,0.828,2,2,1,False
9,附件3_未对齐版本_09,E题数据/附件3-模态缺失特征样本/未对齐版本/附件3_未对齐版本_09.pkl,audio,interior_zero_candidate,70,71,1,0.002,0.14,0.142,0.828,2,2,1,False
9,附件3_未对齐版本_09,E题数据/附件3-模态缺失特征样本/未对齐版本/附件3_未对齐版本_09.pkl,audio,interior_zero_candidate,91,92,1,0.002,0.182,0.184,0.828,2,2,1,False
9,附件3_未对齐版本_09,E题数据/附件3-模态缺失特征样本/未对齐版本/附件3_未对齐版本_09.pkl,audio,suffix_zero_ambiguous,94,500,406,0.812,0.188,1.0,0.828,2,2,0,False
10,附件3_未对齐版本_10,E题数据/附件3-模态缺失特征样本/未对齐版本/附件3_未对齐版本_10.pkl,audio,interior_zero_candidate,7,8,1,0.002,0.014,0.016,0.902,2,2,1,False
10,附件3_未对齐版本_10,E题数据/附件3-模态缺失特征样本/未对齐版本/附件3_未对齐版本_10.pkl,audio,interior_zero_candidate,11,13,2,0.004,0.022,0.026,0.902,2,2,2,False
10,附件3_未对齐版本_10,E题数据/附件3-模态缺失特征样本/未对齐版本/附件3_未对齐版本_10.pkl,audio,interior_zero_candidate,21,22,1,0.002,0.042,0.044,0.902,2,2,1,False
10,附件3_未对齐版本_10,E题数据/附件3-模态缺失特征样本/未对齐版本/附件3_未对齐版本_10.pkl,audio,interior_zero_candidate,23,24,1,0.002,0.046,0.048,0.902,2,2,1,False
10,附件3_未对齐版本_10,E题数据/附件3-模态缺失特征样本/未对齐版本/附件3_未对齐版本_10.pkl,audio,interior_zero_candidate,31,32,1,0.002,0.062,0.064,0.902,2,2,1,False
10,附件3_未对齐版本_10,E题数据/附件3-模态缺失特征样本/未对齐版本/附件3_未对齐版本_10.pkl,audio,interior_zero_candidate,45,46,1,0.002,0.09,0.092,0.902,2,2,1,False
10,附件3_未对齐版本_10,E题数据/附件3-模态缺失特征样本/未对齐版本/附件3_未对齐版本_10.pkl,audio,interior_zero_candidate,53,54,1,0.002,0.106,0.108,0.902,2,2,1,False
10,附件3_未对齐版本_10,E题数据/附件3-模态缺失特征样本/未对齐版本/附件3_未对齐版本_10.pkl,audio,suffix_zero_ambiguous,57,500,443,0.886,0.114,1.0,0.902,2,2,0,False
11,附件3_未对齐版本_11,E题数据/附件3-模态缺失特征样本/未对齐版本/附件3_未对齐版本_11.pkl,audio,interior_zero_candidate,5,6,1,0.002,0.01,0.012,0.886,2,2,1,False
11,附件3_未对齐版本_11,E题数据/附件3-模态缺失特征样本/未对齐版本/附件3_未对齐版本_11.pkl,audio,interior_zero_candidate,8,9,1,0.002,0.016,0.018,0.886,2,2,1,False
11,附件3_未对齐版本_11,E题数据/附件3-模态缺失特征样本/未对齐版本/附件3_未对齐版本_11.pkl,audio,interior_zero_candidate,14,15,1,0.002,0.028,0.03,0.886,2,2,1,False
11,附件3_未对齐版本_11,E题数据/附件3-模态缺失特征样本/未对齐版本/附件3_未对齐版本_11.pkl,audio,interior_zero_candidate,22,23,1,0.002,0.044,0.046,0.886,2,2,1,False
11,附件3_未对齐版本_11,E题数据/附件3-模态缺失特征样本/未对齐版本/附件3_未对齐版本_11.pkl,audio,interior_zero_candidate,25,26,1,0.002,0.05,0.052,0.886,2,2,1,False
11,附件3_未对齐版本_11,E题数据/附件3-模态缺失特征样本/未对齐版本/附件3_未对齐版本_11.pkl,audio,interior_zero_candidate,27,28,1,0.002,0.054,0.056,0.886,2,2,1,False
11,附件3_未对齐版本_11,E题数据/附件3-模态缺失特征样本/未对齐版本/附件3_未对齐版本_11.pkl,audio,interior_zero_candidate,36,37,1,0.002,0.072,0.074,0.886,2,2,1,False
11,附件3_未对齐版本_11,E题数据/附件3-模态缺失特征样本/未对齐版本/附件3_未对齐版本_11.pkl,audio,interior_zero_candidate,49,52,3,0.006,0.098,0.104,0.886,2,2,3,False
11,附件3_未对齐版本_11,E题数据/附件3-模态缺失特征样本/未对齐版本/附件3_未对齐版本_11.pkl,audio,interior_zero_candidate,66,67,1,0.002,0.132,0.134,0.886,2,2,1,False
11,附件3_未对齐版本_11,E题数据/附件3-模态缺失特征样本/未对齐版本/附件3_未对齐版本_11.pkl,audio,suffix_zero_ambiguous,68,500,432,0.864,0.136,1.0,0.886,2,2,0,False
12,附件3_未对齐版本_12,E题数据/附件3-模态缺失特征样本/未对齐版本/附件3_未对齐版本_12.pkl,audio,interior_zero_candidate,15,16,1,0.002,0.03,0.032,0.826,2,2,1,False
12,附件3_未对齐版本_12,E题数据/附件3-模态缺失特征样本/未对齐版本/附件3_未对齐版本_12.pkl,audio,interior_zero_candidate,19,20,1,0.002,0.038,0.04,0.826,2,2,1,False
12,附件3_未对齐版本_12,E题数据/附件3-模态缺失特征样本/未对齐版本/附件3_未对齐版本_12.pkl,audio,interior_zero_candidate,29,30,1,0.002,0.058,0.06,0.826,2,2,1,False
12,附件3_未对齐版本_12,E题数据/附件3-模态缺失特征样本/未对齐版本/附件3_未对齐版本_12.pkl,audio,interior_zero_candidate,31,32,1,0.002,0.062,0.064,0.826,2,2,1,False
12,附件3_未对齐版本_12,E题数据/附件3-模态缺失特征样本/未对齐版本/附件3_未对齐版本_12.pkl,audio,interior_zero_candidate,35,36,1,0.002,0.07,0.072,0.826,2,2,1,False
12,附件3_未对齐版本_12,E题数据/附件3-模态缺失特征样本/未对齐版本/附件3_未对齐版本_12.pkl,audio,interior_zero_candidate,39,40,1,0.002,0.078,0.08,0.826,2,2,1,False
12,附件3_未对齐版本_12,E题数据/附件3-模态缺失特征样本/未对齐版本/附件3_未对齐版本_12.pkl,audio,interior_zero_candidate,41,42,1,0.002,0.082,0.084,0.826,2,2,1,False
12,附件3_未对齐版本_12,E题数据/附件3-模态缺失特征样本/未对齐版本/附件3_未对齐版本_12.pkl,audio,interior_zero_candidate,54,56,2,0.004,0.108,0.112,0.826,2,2,2,False
12,附件3_未对齐版本_12,E题数据/附件3-模态缺失特征样本/未对齐版本/附件3_未对齐版本_12.pkl,audio,interior_zero_candidate,57,58,1,0.002,0.114,0.116,0.826,2,2,1,False
12,附件3_未对齐版本_12,E题数据/附件3-模态缺失特征样本/未对齐版本/附件3_未对齐版本_12.pkl,audio,interior_zero_candidate,59,60,1,0.002,0.118,0.12,0.826,2,2,1,False
12,附件3_未对齐版本_12,E题数据/附件3-模态缺失特征样本/未对齐版本/附件3_未对齐版本_12.pkl,audio,interior_zero_candidate,67,68,1,0.002,0.134,0.136,0.826,2,2,1,False
12,附件3_未对齐版本_12,E题数据/附件3-模态缺失特征样本/未对齐版本/附件3_未对齐版本_12.pkl,audio,interior_zero_candidate,89,90,1,0.002,0.178,0.18,0.826,2,2,1,False
12,附件3_未对齐版本_12,E题数据/附件3-模态缺失特征样本/未对齐版本/附件3_未对齐版本_12.pkl,audio,interior_zero_candidate,94,96,2,0.004,0.188,0.192,0.826,2,2,2,False
12,附件3_未对齐版本_12,E题数据/附件3-模态缺失特征样本/未对齐版本/附件3_未对齐版本_12.pkl,audio,interior_zero_candidate,97,99,2,0.004,0.194,0.198,0.826,2,2,2,False
12,附件3_未对齐版本_12,E题数据/附件3-模态缺失特征样本/未对齐版本/附件3_未对齐版本_12.pkl,audio,suffix_zero_ambiguous,104,500,396,0.792,0.208,1.0,0.826,2,2,0,False
13,附件3_未对齐版本_13,E题数据/附件3-模态缺失特征样本/未对齐版本/附件3_未对齐版本_13.pkl,audio,prefix_zero_ambiguous,0,1,1,0.002,0.0,0.002,0.782,2,2,0,False
13,附件3_未对齐版本_13,E题数据/附件3-模态缺失特征样本/未对齐版本/附件3_未对齐版本_13.pkl,audio,interior_zero_candidate,3,4,1,0.002,0.006,0.008,0.782,2,2,1,False
13,附件3_未对齐版本_13,E题数据/附件3-模态缺失特征样本/未对齐版本/附件3_未对齐版本_13.pkl,audio,interior_zero_candidate,5,6,1,0.002,0.01,0.012,0.782,2,2,1,False
13,附件3_未对齐版本_13,E题数据/附件3-模态缺失特征样本/未对齐版本/附件3_未对齐版本_13.pkl,audio,interior_zero_candidate,8,9,1,0.002,0.016,0.018,0.782,2,2,1,False
13,附件3_未对齐版本_13,E题数据/附件3-模态缺失特征样本/未对齐版本/附件3_未对齐版本_13.pkl,audio,interior_zero_candidate,11,12,1,0.002,0.022,0.024,0.782,2,2,1,False
13,附件3_未对齐版本_13,E题数据/附件3-模态缺失特征样本/未对齐版本/附件3_未对齐版本_13.pkl,audio,interior_zero_candidate,14,15,1,0.002,0.028,0.03,0.782,2,2,1,False
13,附件3_未对齐版本_13,E题数据/附件3-模态缺失特征样本/未对齐版本/附件3_未对齐版本_13.pkl,audio,interior_zero_candidate,29,30,1,0.002,0.058,0.06,0.782,2,2,1,False
13,附件3_未对齐版本_13,E题数据/附件3-模态缺失特征样本/未对齐版本/附件3_未对齐版本_13.pkl,audio,interior_zero_candidate,32,33,1,0.002,0.064,0.066,0.782,2,2,1,False
13,附件3_未对齐版本_13,E题数据/附件3-模态缺失特征样本/未对齐版本/附件3_未对齐版本_13.pkl,audio,interior_zero_candidate,39,40,1,0.002,0.078,0.08,0.782,2,2,1,False
13,附件3_未对齐版本_13,E题数据/附件3-模态缺失特征样本/未对齐版本/附件3_未对齐版本_13.pkl,audio,interior_zero_candidate,42,43,1,0.002,0.084,0.086,0.782,2,2,1,False
13,附件3_未对齐版本_13,E题数据/附件3-模态缺失特征样本/未对齐版本/附件3_未对齐版本_13.pkl,audio,interior_zero_candidate,49,50,1,0.002,0.098,0.1,0.782,2,2,1,False
13,附件3_未对齐版本_13,E题数据/附件3-模态缺失特征样本/未对齐版本/附件3_未对齐版本_13.pkl,audio,interior_zero_candidate,60,61,1,0.002,0.12,0.122,0.782,2,2,1,False
13,附件3_未对齐版本_13,E题数据/附件3-模态缺失特征样本/未对齐版本/附件3_未对齐版本_13.pkl,audio,interior_zero_candidate,64,65,1,0.002,0.128,0.13,0.782,2,2,1,False
13,附件3_未对齐版本_13,E题数据/附件3-模态缺失特征样本/未对齐版本/附件3_未对齐版本_13.pkl,audio,interior_zero_candidate,69,70,1,0.002,0.138,0.14,0.782,2,2,1,False
13,附件3_未对齐版本_13,E题数据/附件3-模态缺失特征样本/未对齐版本/附件3_未对齐版本_13.pkl,audio,interior_zero_candidate,73,74,1,0.002,0.146,0.148,0.782,2,2,1,False
13,附件3_未对齐版本_13,E题数据/附件3-模态缺失特征样本/未对齐版本/附件3_未对齐版本_13.pkl,audio,interior_zero_candidate,96,97,1,0.002,0.192,0.194,0.782,2,2,1,False
13,附件3_未对齐版本_13,E题数据/附件3-模态缺失特征样本/未对齐版本/附件3_未对齐版本_13.pkl,audio,interior_zero_candidate,98,99,1,0.002,0.196,0.198,0.782,2,2,1,False
13,附件3_未对齐版本_13,E题数据/附件3-模态缺失特征样本/未对齐版本/附件3_未对齐版本_13.pkl,audio,interior_zero_candidate,105,106,1,0.002,0.21,0.212,0.782,2,2,1,False
13,附件3_未对齐版本_13,E题数据/附件3-模态缺失特征样本/未对齐版本/附件3_未对齐版本_13.pkl,audio,interior_zero_candidate,107,108,1,0.002,0.214,0.216,0.782,2,2,1,False
13,附件3_未对齐版本_13,E题数据/附件3-模态缺失特征样本/未对齐版本/附件3_未对齐版本_13.pkl,audio,interior_zero_candidate,109,110,1,0.002,0.218,0.22,0.782,2,2,1,False
13,附件3_未对齐版本_13,E题数据/附件3-模态缺失特征样本/未对齐版本/附件3_未对齐版本_13.pkl,audio,interior_zero_candidate,114,115,1,0.002,0.228,0.23,0.782,2,2,1,False
13,附件3_未对齐版本_13,E题数据/附件3-模态缺失特征样本/未对齐版本/附件3_未对齐版本_13.pkl,audio,interior_zero_candidate,116,117,1,0.002,0.232,0.234,0.782,2,2,1,False
13,附件3_未对齐版本_13,E题数据/附件3-模态缺失特征样本/未对齐版本/附件3_未对齐版本_13.pkl,audio,interior_zero_candidate,121,122,1,0.002,0.242,0.244,0.782,2,2,1,False
13,附件3_未对齐版本_13,E题数据/附件3-模态缺失特征样本/未对齐版本/附件3_未对齐版本_13.pkl,audio,interior_zero_candidate,125,126,1,0.002,0.25,0.252,0.782,2,2,1,False
13,附件3_未对齐版本_13,E题数据/附件3-模态缺失特征样本/未对齐版本/附件3_未对齐版本_13.pkl,audio,interior_zero_candidate,131,132,1,0.002,0.262,0.264,0.782,2,2,1,False
13,附件3_未对齐版本_13,E题数据/附件3-模态缺失特征样本/未对齐版本/附件3_未对齐版本_13.pkl,audio,interior_zero_candidate,133,135,2,0.004,0.266,0.27,0.782,2,2,2,False
13,附件3_未对齐版本_13,E题数据/附件3-模态缺失特征样本/未对齐版本/附件3_未对齐版本_13.pkl,audio,suffix_zero_ambiguous,136,500,364,0.728,0.272,1.0,0.782,2,2,0,False
14,附件3_未对齐版本_14,E题数据/附件3-模态缺失特征样本/未对齐版本/附件3_未对齐版本_14.pkl,audio,interior_zero_candidate,3,4,1,0.002,0.006,0.008,0.756,2,2,1,False
14,附件3_未对齐版本_14,E题数据/附件3-模态缺失特征样本/未对齐版本/附件3_未对齐版本_14.pkl,audio,interior_zero_candidate,6,7,1,0.002,0.012,0.014,0.756,2,2,1,False
14,附件3_未对齐版本_14,E题数据/附件3-模态缺失特征样本/未对齐版本/附件3_未对齐版本_14.pkl,audio,interior_zero_candidate,23,24,1,0.002,0.046,0.048,0.756,2,2,1,False
14,附件3_未对齐版本_14,E题数据/附件3-模态缺失特征样本/未对齐版本/附件3_未对齐版本_14.pkl,audio,interior_zero_candidate,25,26,1,0.002,0.05,0.052,0.756,2,2,1,False
14,附件3_未对齐版本_14,E题数据/附件3-模态缺失特征样本/未对齐版本/附件3_未对齐版本_14.pkl,audio,interior_zero_candidate,32,33,1,0.002,0.064,0.066,0.756,2,2,1,False
14,附件3_未对齐版本_14,E题数据/附件3-模态缺失特征样本/未对齐版本/附件3_未对齐版本_14.pkl,audio,interior_zero_candidate,37,38,1,0.002,0.074,0.076,0.756,2,2,1,False
14,附件3_未对齐版本_14,E题数据/附件3-模态缺失特征样本/未对齐版本/附件3_未对齐版本_14.pkl,audio,interior_zero_candidate,44,45,1,0.002,0.088,0.09,0.756,2,2,1,False
14,附件3_未对齐版本_14,E题数据/附件3-模态缺失特征样本/未对齐版本/附件3_未对齐版本_14.pkl,audio,interior_zero_candidate,58,59,1,0.002,0.116,0.118,0.756,2,2,1,False
14,附件3_未对齐版本_14,E题数据/附件3-模态缺失特征样本/未对齐版本/附件3_未对齐版本_14.pkl,audio,interior_zero_candidate,66,68,2,0.004,0.132,0.136,0.756,2,2,2,False
14,附件3_未对齐版本_14,E题数据/附件3-模态缺失特征样本/未对齐版本/附件3_未对齐版本_14.pkl,audio,interior_zero_candidate,95,96,1,0.002,0.19,0.192,0.756,2,2,1,False
14,附件3_未对齐版本_14,E题数据/附件3-模态缺失特征样本/未对齐版本/附件3_未对齐版本_14.pkl,audio,interior_zero_candidate,100,101,1,0.002,0.2,0.202,0.756,2,2,1,False
14,附件3_未对齐版本_14,E题数据/附件3-模态缺失特征样本/未对齐版本/附件3_未对齐版本_14.pkl,audio,interior_zero_candidate,110,111,1,0.002,0.22,0.222,0.756,2,2,1,False
14,附件3_未对齐版本_14,E题数据/附件3-模态缺失特征样本/未对齐版本/附件3_未对齐版本_14.pkl,audio,interior_zero_candidate,113,114,1,0.002,0.226,0.228,0.756,2,2,1,False
14,附件3_未对齐版本_14,E题数据/附件3-模态缺失特征样本/未对齐版本/附件3_未对齐版本_14.pkl,audio,interior_zero_candidate,132,136,4,0.008,0.264,0.272,0.756,2,2,4,False
14,附件3_未对齐版本_14,E题数据/附件3-模态缺失特征样本/未对齐版本/附件3_未对齐版本_14.pkl,audio,interior_zero_candidate,137,138,1,0.002,0.274,0.276,0.756,2,2,1,False
14,附件3_未对齐版本_14,E题数据/附件3-模态缺失特征样本/未对齐版本/附件3_未对齐版本_14.pkl,audio,suffix_zero_ambiguous,141,500,359,0.718,0.282,1.0,0.756,2,2,0,False
15,附件3_未对齐版本_15,E题数据/附件3-模态缺失特征样本/未对齐版本/附件3_未对齐版本_15.pkl,audio,interior_zero_candidate,5,6,1,0.002,0.01,0.012,0.726,2,2,1,False
15,附件3_未对齐版本_15,E题数据/附件3-模态缺失特征样本/未对齐版本/附件3_未对齐版本_15.pkl,audio,interior_zero_candidate,10,12,2,0.004,0.02,0.024,0.726,2,2,2,False
15,附件3_未对齐版本_15,E题数据/附件3-模态缺失特征样本/未对齐版本/附件3_未对齐版本_15.pkl,audio,interior_zero_candidate,14,15,1,0.002,0.028,0.03,0.726,2,2,1,False
15,附件3_未对齐版本_15,E题数据/附件3-模态缺失特征样本/未对齐版本/附件3_未对齐版本_15.pkl,audio,interior_zero_candidate,17,18,1,0.002,0.034,0.036,0.726,2,2,1,False
15,附件3_未对齐版本_15,E题数据/附件3-模态缺失特征样本/未对齐版本/附件3_未对齐版本_15.pkl,audio,interior_zero_candidate,21,22,1,0.002,0.042,0.044,0.726,2,2,1,False
15,附件3_未对齐版本_15,E题数据/附件3-模态缺失特征样本/未对齐版本/附件3_未对齐版本_15.pkl,audio,interior_zero_candidate,26,27,1,0.002,0.052,0.054,0.726,2,2,1,False
15,附件3_未对齐版本_15,E题数据/附件3-模态缺失特征样本/未对齐版本/附件3_未对齐版本_15.pkl,audio,interior_zero_candidate,32,33,1,0.002,0.064,0.066,0.726,2,2,1,False
15,附件3_未对齐版本_15,E题数据/附件3-模态缺失特征样本/未对齐版本/附件3_未对齐版本_15.pkl,audio,interior_zero_candidate,34,35,1,0.002,0.068,0.07,0.726,2,2,1,False
15,附件3_未对齐版本_15,E题数据/附件3-模态缺失特征样本/未对齐版本/附件3_未对齐版本_15.pkl,audio,interior_zero_candidate,44,47,3,0.006,0.088,0.094,0.726,2,2,3,False
15,附件3_未对齐版本_15,E题数据/附件3-模态缺失特征样本/未对齐版本/附件3_未对齐版本_15.pkl,audio,interior_zero_candidate,54,56,2,0.004,0.108,0.112,0.726,2,2,2,False
15,附件3_未对齐版本_15,E题数据/附件3-模态缺失特征样本/未对齐版本/附件3_未对齐版本_15.pkl,audio,interior_zero_candidate,57,58,1,0.002,0.114,0.116,0.726,2,2,1,False
15,附件3_未对齐版本_15,E题数据/附件3-模态缺失特征样本/未对齐版本/附件3_未对齐版本_15.pkl,audio,interior_zero_candidate,62,63,1,0.002,0.124,0.126,0.726,2,2,1,False
15,附件3_未对齐版本_15,E题数据/附件3-模态缺失特征样本/未对齐版本/附件3_未对齐版本_15.pkl,audio,interior_zero_candidate,65,67,2,0.004,0.13,0.134,0.726,2,2,2,False
15,附件3_未对齐版本_15,E题数据/附件3-模态缺失特征样本/未对齐版本/附件3_未对齐版本_15.pkl,audio,interior_zero_candidate,77,78,1,0.002,0.154,0.156,0.726,2,2,1,False
15,附件3_未对齐版本_15,E题数据/附件3-模态缺失特征样本/未对齐版本/附件3_未对齐版本_15.pkl,audio,interior_zero_candidate,82,83,1,0.002,0.164,0.166,0.726,2,2,1,False
15,附件3_未对齐版本_15,E题数据/附件3-模态缺失特征样本/未对齐版本/附件3_未对齐版本_15.pkl,audio,interior_zero_candidate,89,90,1,0.002,0.178,0.18,0.726,2,2,1,False
15,附件3_未对齐版本_15,E题数据/附件3-模态缺失特征样本/未对齐版本/附件3_未对齐版本_15.pkl,audio,interior_zero_candidate,100,102,2,0.004,0.2,0.204,0.726,2,2,2,False
15,附件3_未对齐版本_15,E题数据/附件3-模态缺失特征样本/未对齐版本/附件3_未对齐版本_15.pkl,audio,interior_zero_candidate,115,116,1,0.002,0.23,0.232,0.726,2,2,1,False
15,附件3_未对齐版本_15,E题数据/附件3-模态缺失特征样本/未对齐版本/附件3_未对齐版本_15.pkl,audio,interior_zero_candidate,132,134,2,0.004,0.264,0.268,0.726,2,2,2,False
15,附件3_未对齐版本_15,E题数据/附件3-模态缺失特征样本/未对齐版本/附件3_未对齐版本_15.pkl,audio,interior_zero_candidate,140,143,3,0.006,0.28,0.286,0.726,2,2,3,False
15,附件3_未对齐版本_15,E题数据/附件3-模态缺失特征样本/未对齐版本/附件3_未对齐版本_15.pkl,audio,interior_zero_candidate,146,147,1,0.002,0.292,0.294,0.726,2,2,1,False
15,附件3_未对齐版本_15,E题数据/附件3-模态缺失特征样本/未对齐版本/附件3_未对齐版本_15.pkl,audio,interior_zero_candidate,149,150,1,0.002,0.298,0.3,0.726,2,2,1,False
15,附件3_未对齐版本_15,E题数据/附件3-模态缺失特征样本/未对齐版本/附件3_未对齐版本_15.pkl,audio,interior_zero_candidate,167,168,1,0.002,0.334,0.336,0.726,2,2,1,False
15,附件3_未对齐版本_15,E题数据/附件3-模态缺失特征样本/未对齐版本/附件3_未对齐版本_15.pkl,audio,suffix_zero_ambiguous,169,500,331,0.662,0.338,1.0,0.726,2,2,0,False
16,附件3_未对齐版本_16,E题数据/附件3-模态缺失特征样本/未对齐版本/附件3_未对齐版本_16.pkl,audio,interior_zero_candidate,7,8,1,0.002,0.014,0.016,0.618,2,2,1,False
16,附件3_未对齐版本_16,E题数据/附件3-模态缺失特征样本/未对齐版本/附件3_未对齐版本_16.pkl,audio,interior_zero_candidate,11,13,2,0.004,0.022,0.026,0.618,2,2,2,False
16,附件3_未对齐版本_16,E题数据/附件3-模态缺失特征样本/未对齐版本/附件3_未对齐版本_16.pkl,audio,interior_zero_candidate,20,21,1,0.002,0.04,0.042,0.618,2,2,1,False
16,附件3_未对齐版本_16,E题数据/附件3-模态缺失特征样本/未对齐版本/附件3_未对齐版本_16.pkl,audio,interior_zero_candidate,25,26,1,0.002,0.05,0.052,0.618,2,2,1,False
16,附件3_未对齐版本_16,E题数据/附件3-模态缺失特征样本/未对齐版本/附件3_未对齐版本_16.pkl,audio,interior_zero_candidate,44,45,1,0.002,0.088,0.09,0.618,2,2,1,False
16,附件3_未对齐版本_16,E题数据/附件3-模态缺失特征样本/未对齐版本/附件3_未对齐版本_16.pkl,audio,interior_zero_candidate,48,49,1,0.002,0.096,0.098,0.618,2,2,1,False
16,附件3_未对齐版本_16,E题数据/附件3-模态缺失特征样本/未对齐版本/附件3_未对齐版本_16.pkl,audio,interior_zero_candidate,51,54,3,0.006,0.102,0.108,0.618,2,2,3,False
16,附件3_未对齐版本_16,E题数据/附件3-模态缺失特征样本/未对齐版本/附件3_未对齐版本_16.pkl,audio,interior_zero_candidate,60,62,2,0.004,0.12,0.124,0.618,2,2,2,False
16,附件3_未对齐版本_16,E题数据/附件3-模态缺失特征样本/未对齐版本/附件3_未对齐版本_16.pkl,audio,interior_zero_candidate,63,64,1,0.002,0.126,0.128,0.618,2,2,1,False
16,附件3_未对齐版本_16,E题数据/附件3-模态缺失特征样本/未对齐版本/附件3_未对齐版本_16.pkl,audio,interior_zero_candidate,84,86,2,0.004,0.168,0.172,0.618,2,2,2,False
16,附件3_未对齐版本_16,E题数据/附件3-模态缺失特征样本/未对齐版本/附件3_未对齐版本_16.pkl,audio,interior_zero_candidate,91,92,1,0.002,0.182,0.184,0.618,2,2,1,False
16,附件3_未对齐版本_16,E题数据/附件3-模态缺失特征样本/未对齐版本/附件3_未对齐版本_16.pkl,audio,interior_zero_candidate,93,95,2,0.004,0.186,0.19,0.618,2,2,2,False
16,附件3_未对齐版本_16,E题数据/附件3-模态缺失特征样本/未对齐版本/附件3_未对齐版本_16.pkl,audio,interior_zero_candidate,96,97,1,0.002,0.192,0.194,0.618,2,2,1,False
16,附件3_未对齐版本_16,E题数据/附件3-模态缺失特征样本/未对齐版本/附件3_未对齐版本_16.pkl,audio,interior_zero_candidate,107,108,1,0.002,0.214,0.216,0.618,2,2,1,False
16,附件3_未对齐版本_16,E题数据/附件3-模态缺失特征样本/未对齐版本/附件3_未对齐版本_16.pkl,audio,interior_zero_candidate,110,111,1,0.002,0.22,0.222,0.618,2,2,1,False
16,附件3_未对齐版本_16,E题数据/附件3-模态缺失特征样本/未对齐版本/附件3_未对齐版本_16.pkl,audio,interior_zero_candidate,119,121,2,0.004,0.238,0.242,0.618,2,2,2,False
16,附件3_未对齐版本_16,E题数据/附件3-模态缺失特征样本/未对齐版本/附件3_未对齐版本_16.pkl,audio,interior_zero_candidate,126,127,1,0.002,0.252,0.254,0.618,2,2,1,False
16,附件3_未对齐版本_16,E题数据/附件3-模态缺失特征样本/未对齐版本/附件3_未对齐版本_16.pkl,audio,interior_zero_candidate,130,131,1,0.002,0.26,0.262,0.618,2,2,1,False
16,附件3_未对齐版本_16,E题数据/附件3-模态缺失特征样本/未对齐版本/附件3_未对齐版本_16.pkl,audio,interior_zero_candidate,136,137,1,0.002,0.272,0.274,0.618,2,2,1,False
16,附件3_未对齐版本_16,E题数据/附件3-模态缺失特征样本/未对齐版本/附件3_未对齐版本_16.pkl,audio,interior_zero_candidate,142,143,1,0.002,0.284,0.286,0.618,2,2,1,False
16,附件3_未对齐版本_16,E题数据/附件3-模态缺失特征样本/未对齐版本/附件3_未对齐版本_16.pkl,audio,interior_zero_candidate,146,147,1,0.002,0.292,0.294,0.618,2,2,1,False
16,附件3_未对齐版本_16,E题数据/附件3-模态缺失特征样本/未对齐版本/附件3_未对齐版本_16.pkl,audio,interior_zero_candidate,152,153,1,0.002,0.304,0.306,0.618,2,2,1,False
16,附件3_未对齐版本_16,E题数据/附件3-模态缺失特征样本/未对齐版本/附件3_未对齐版本_16.pkl,audio,interior_zero_candidate,171,172,1,0.002,0.342,0.344,0.618,2,2,1,False
16,附件3_未对齐版本_16,E题数据/附件3-模态缺失特征样本/未对齐版本/附件3_未对齐版本_16.pkl,audio,interior_zero_candidate,173,174,1,0.002,0.346,0.348,0.618,2,2,1,False
16,附件3_未对齐版本_16,E题数据/附件3-模态缺失特征样本/未对齐版本/附件3_未对齐版本_16.pkl,audio,interior_zero_candidate,182,183,1,0.002,0.364,0.366,0.618,2,2,1,False
16,附件3_未对齐版本_16,E题数据/附件3-模态缺失特征样本/未对齐版本/附件3_未对齐版本_16.pkl,audio,interior_zero_candidate,188,190,2,0.004,0.376,0.38,0.618,2,2,2,False
16,附件3_未对齐版本_16,E题数据/附件3-模态缺失特征样本/未对齐版本/附件3_未对齐版本_16.pkl,audio,interior_zero_candidate,198,199,1,0.002,0.396,0.398,0.618,2,2,1,False
16,附件3_未对齐版本_16,E题数据/附件3-模态缺失特征样本/未对齐版本/附件3_未对齐版本_16.pkl,audio,interior_zero_candidate,202,203,1,0.002,0.404,0.406,0.618,2,2,1,False
16,附件3_未对齐版本_16,E题数据/附件3-模态缺失特征样本/未对齐版本/附件3_未对齐版本_16.pkl,audio,interior_zero_candidate,208,209,1,0.002,0.416,0.418,0.618,2,2,1,False
16,附件3_未对齐版本_16,E题数据/附件3-模态缺失特征样本/未对齐版本/附件3_未对齐版本_16.pkl,audio,interior_zero_candidate,211,212,1,0.002,0.422,0.424,0.618,2,2,1,False
16,附件3_未对齐版本_16,E题数据/附件3-模态缺失特征样本/未对齐版本/附件3_未对齐版本_16.pkl,audio,interior_zero_candidate,213,215,2,0.004,0.426,0.43,0.618,2,2,2,False
16,附件3_未对齐版本_16,E题数据/附件3-模态缺失特征样本/未对齐版本/附件3_未对齐版本_16.pkl,audio,interior_zero_candidate,217,218,1,0.002,0.434,0.436,0.618,2,2,1,False
16,附件3_未对齐版本_16,E题数据/附件3-模态缺失特征样本/未对齐版本/附件3_未对齐版本_16.pkl,audio,interior_zero_candidate,220,221,1,0.002,0.44,0.442,0.618,2,2,1,False
16,附件3_未对齐版本_16,E题数据/附件3-模态缺失特征样本/未对齐版本/附件3_未对齐版本_16.pkl,audio,interior_zero_candidate,224,225,1,0.002,0.448,0.45,0.618,2,2,1,False
16,附件3_未对齐版本_16,E题数据/附件3-模态缺失特征样本/未对齐版本/附件3_未对齐版本_16.pkl,audio,interior_zero_candidate,227,228,1,0.002,0.454,0.456,0.618,2,2,1,False
16,附件3_未对齐版本_16,E题数据/附件3-模态缺失特征样本/未对齐版本/附件3_未对齐版本_16.pkl,audio,interior_zero_candidate,231,232,1,0.002,0.462,0.464,0.618,2,2,1,False
16,附件3_未对齐版本_16,E题数据/附件3-模态缺失特征样本/未对齐版本/附件3_未对齐版本_16.pkl,audio,interior_zero_candidate,233,234,1,0.002,0.466,0.468,0.618,2,2,1,False
16,附件3_未对齐版本_16,E题数据/附件3-模态缺失特征样本/未对齐版本/附件3_未对齐版本_16.pkl,audio,interior_zero_candidate,235,237,2,0.004,0.47,0.474,0.618,2,2,2,False
16,附件3_未对齐版本_16,E题数据/附件3-模态缺失特征样本/未对齐版本/附件3_未对齐版本_16.pkl,audio,suffix_zero_ambiguous,239,500,261,0.522,0.478,1.0,0.618,2,2,0,False
17,附件3_未对齐版本_17,E题数据/附件3-模态缺失特征样本/未对齐版本/附件3_未对齐版本_17.pkl,audio,interior_zero_candidate,1,2,1,0.002,0.002,0.004,0.68,2,2,1,False
17,附件3_未对齐版本_17,E题数据/附件3-模态缺失特征样本/未对齐版本/附件3_未对齐版本_17.pkl,audio,interior_zero_candidate,8,9,1,0.002,0.016,0.018,0.68,2,2,1,False
17,附件3_未对齐版本_17,E题数据/附件3-模态缺失特征样本/未对齐版本/附件3_未对齐版本_17.pkl,audio,interior_zero_candidate,18,19,1,0.002,0.036,0.038,0.68,2,2,1,False
17,附件3_未对齐版本_17,E题数据/附件3-模态缺失特征样本/未对齐版本/附件3_未对齐版本_17.pkl,audio,interior_zero_candidate,32,33,1,0.002,0.064,0.066,0.68,2,2,1,False
17,附件3_未对齐版本_17,E题数据/附件3-模态缺失特征样本/未对齐版本/附件3_未对齐版本_17.pkl,audio,interior_zero_candidate,34,35,1,0.002,0.068,0.07,0.68,2,2,1,False
17,附件3_未对齐版本_17,E题数据/附件3-模态缺失特征样本/未对齐版本/附件3_未对齐版本_17.pkl,audio,interior_zero_candidate,40,41,1,0.002,0.08,0.082,0.68,2,2,1,False
17,附件3_未对齐版本_17,E题数据/附件3-模态缺失特征样本/未对齐版本/附件3_未对齐版本_17.pkl,audio,interior_zero_candidate,46,47,1,0.002,0.092,0.094,0.68,2,2,1,False
17,附件3_未对齐版本_17,E题数据/附件3-模态缺失特征样本/未对齐版本/附件3_未对齐版本_17.pkl,audio,interior_zero_candidate,51,52,1,0.002,0.102,0.104,0.68,2,2,1,False
17,附件3_未对齐版本_17,E题数据/附件3-模态缺失特征样本/未对齐版本/附件3_未对齐版本_17.pkl,audio,interior_zero_candidate,54,56,2,0.004,0.108,0.112,0.68,2,2,2,False
17,附件3_未对齐版本_17,E题数据/附件3-模态缺失特征样本/未对齐版本/附件3_未对齐版本_17.pkl,audio,interior_zero_candidate,58,59,1,0.002,0.116,0.118,0.68,2,2,1,False
17,附件3_未对齐版本_17,E题数据/附件3-模态缺失特征样本/未对齐版本/附件3_未对齐版本_17.pkl,audio,interior_zero_candidate,64,65,1,0.002,0.128,0.13,0.68,2,2,1,False
17,附件3_未对齐版本_17,E题数据/附件3-模态缺失特征样本/未对齐版本/附件3_未对齐版本_17.pkl,audio,interior_zero_candidate,69,73,4,0.008,0.138,0.146,0.68,2,2,4,False
17,附件3_未对齐版本_17,E题数据/附件3-模态缺失特征样本/未对齐版本/附件3_未对齐版本_17.pkl,audio,interior_zero_candidate,76,79,3,0.006,0.152,0.158,0.68,2,2,3,False
17,附件3_未对齐版本_17,E题数据/附件3-模态缺失特征样本/未对齐版本/附件3_未对齐版本_17.pkl,audio,interior_zero_candidate,80,81,1,0.002,0.16,0.162,0.68,2,2,1,False
17,附件3_未对齐版本_17,E题数据/附件3-模态缺失特征样本/未对齐版本/附件3_未对齐版本_17.pkl,audio,interior_zero_candidate,85,86,1,0.002,0.17,0.172,0.68,2,2,1,False
17,附件3_未对齐版本_17,E题数据/附件3-模态缺失特征样本/未对齐版本/附件3_未对齐版本_17.pkl,audio,interior_zero_candidate,87,88,1,0.002,0.174,0.176,0.68,2,2,1,False
17,附件3_未对齐版本_17,E题数据/附件3-模态缺失特征样本/未对齐版本/附件3_未对齐版本_17.pkl,audio,interior_zero_candidate,90,91,1,0.002,0.18,0.182,0.68,2,2,1,False
17,附件3_未对齐版本_17,E题数据/附件3-模态缺失特征样本/未对齐版本/附件3_未对齐版本_17.pkl,audio,interior_zero_candidate,96,97,1,0.002,0.192,0.194,0.68,2,2,1,False
17,附件3_未对齐版本_17,E题数据/附件3-模态缺失特征样本/未对齐版本/附件3_未对齐版本_17.pkl,audio,interior_zero_candidate,102,103,1,0.002,0.204,0.206,0.68,2,2,1,False
17,附件3_未对齐版本_17,E题数据/附件3-模态缺失特征样本/未对齐版本/附件3_未对齐版本_17.pkl,audio,interior_zero_candidate,106,107,1,0.002,0.212,0.214,0.68,2,2,1,False
17,附件3_未对齐版本_17,E题数据/附件3-模态缺失特征样本/未对齐版本/附件3_未对齐版本_17.pkl,audio,interior_zero_candidate,109,110,1,0.002,0.218,0.22,0.68,2,2,1,False
17,附件3_未对齐版本_17,E题数据/附件3-模态缺失特征样本/未对齐版本/附件3_未对齐版本_17.pkl,audio,interior_zero_candidate,122,123,1,0.002,0.244,0.246,0.68,2,2,1,False
17,附件3_未对齐版本_17,E题数据/附件3-模态缺失特征样本/未对齐版本/附件3_未对齐版本_17.pkl,audio,interior_zero_candidate,124,125,1,0.002,0.248,0.25,0.68,2,2,1,False
17,附件3_未对齐版本_17,E题数据/附件3-模态缺失特征样本/未对齐版本/附件3_未对齐版本_17.pkl,audio,interior_zero_candidate,131,132,1,0.002,0.262,0.264,0.68,2,2,1,False
17,附件3_未对齐版本_17,E题数据/附件3-模态缺失特征样本/未对齐版本/附件3_未对齐版本_17.pkl,audio,interior_zero_candidate,150,151,1,0.002,0.3,0.302,0.68,2,2,1,False
17,附件3_未对齐版本_17,E题数据/附件3-模态缺失特征样本/未对齐版本/附件3_未对齐版本_17.pkl,audio,interior_zero_candidate,161,162,1,0.002,0.322,0.324,0.68,2,2,1,False
17,附件3_未对齐版本_17,E题数据/附件3-模态缺失特征样本/未对齐版本/附件3_未对齐版本_17.pkl,audio,interior_zero_candidate,169,171,2,0.004,0.338,0.342,0.68,2,2,2,False
17,附件3_未对齐版本_17,E题数据/附件3-模态缺失特征样本/未对齐版本/附件3_未对齐版本_17.pkl,audio,interior_zero_candidate,172,173,1,0.002,0.344,0.346,0.68,2,2,1,False
17,附件3_未对齐版本_17,E题数据/附件3-模态缺失特征样本/未对齐版本/附件3_未对齐版本_17.pkl,audio,interior_zero_candidate,181,182,1,0.002,0.362,0.364,0.68,2,2,1,False
17,附件3_未对齐版本_17,E题数据/附件3-模态缺失特征样本/未对齐版本/附件3_未对齐版本_17.pkl,audio,interior_zero_candidate,189,190,1,0.002,0.378,0.38,0.68,2,2,1,False
17,附件3_未对齐版本_17,E题数据/附件3-模态缺失特征样本/未对齐版本/附件3_未对齐版本_17.pkl,audio,interior_zero_candidate,191,193,2,0.004,0.382,0.386,0.68,2,2,2,False
17,附件3_未对齐版本_17,E题数据/附件3-模态缺失特征样本/未对齐版本/附件3_未对齐版本_17.pkl,audio,suffix_zero_ambiguous,199,500,301,0.602,0.398,1.0,0.68,2,2,0,False
18,附件3_未对齐版本_18,E题数据/附件3-模态缺失特征样本/未对齐版本/附件3_未对齐版本_18.pkl,audio,interior_zero_candidate,1,2,1,0.002,0.002,0.004,0.698,2,2,1,False
18,附件3_未对齐版本_18,E题数据/附件3-模态缺失特征样本/未对齐版本/附件3_未对齐版本_18.pkl,audio,interior_zero_candidate,4,5,1,0.002,0.008,0.01,0.698,2,2,1,False
18,附件3_未对齐版本_18,E题数据/附件3-模态缺失特征样本/未对齐版本/附件3_未对齐版本_18.pkl,audio,interior_zero_candidate,11,12,1,0.002,0.022,0.024,0.698,2,2,1,False
18,附件3_未对齐版本_18,E题数据/附件3-模态缺失特征样本/未对齐版本/附件3_未对齐版本_18.pkl,audio,interior_zero_candidate,17,19,2,0.004,0.034,0.038,0.698,2,2,2,False
18,附件3_未对齐版本_18,E题数据/附件3-模态缺失特征样本/未对齐版本/附件3_未对齐版本_18.pkl,audio,interior_zero_candidate,33,34,1,0.002,0.066,0.068,0.698,2,2,1,False
18,附件3_未对齐版本_18,E题数据/附件3-模态缺失特征样本/未对齐版本/附件3_未对齐版本_18.pkl,audio,interior_zero_candidate,49,50,1,0.002,0.098,0.1,0.698,2,2,1,False
18,附件3_未对齐版本_18,E题数据/附件3-模态缺失特征样本/未对齐版本/附件3_未对齐版本_18.pkl,audio,interior_zero_candidate,72,74,2,0.004,0.144,0.148,0.698,2,2,2,False
18,附件3_未对齐版本_18,E题数据/附件3-模态缺失特征样本/未对齐版本/附件3_未对齐版本_18.pkl,audio,interior_zero_candidate,79,80,1,0.002,0.158,0.16,0.698,2,2,1,False
18,附件3_未对齐版本_18,E题数据/附件3-模态缺失特征样本/未对齐版本/附件3_未对齐版本_18.pkl,audio,interior_zero_candidate,84,85,1,0.002,0.168,0.17,0.698,2,2,1,False
18,附件3_未对齐版本_18,E题数据/附件3-模态缺失特征样本/未对齐版本/附件3_未对齐版本_18.pkl,audio,interior_zero_candidate,89,90,1,0.002,0.178,0.18,0.698,2,2,1,False
18,附件3_未对齐版本_18,E题数据/附件3-模态缺失特征样本/未对齐版本/附件3_未对齐版本_18.pkl,audio,interior_zero_candidate,92,93,1,0.002,0.184,0.186,0.698,2,2,1,False
18,附件3_未对齐版本_18,E题数据/附件3-模态缺失特征样本/未对齐版本/附件3_未对齐版本_18.pkl,audio,interior_zero_candidate,107,108,1,0.002,0.214,0.216,0.698,2,2,1,False
18,附件3_未对齐版本_18,E题数据/附件3-模态缺失特征样本/未对齐版本/附件3_未对齐版本_18.pkl,audio,interior_zero_candidate,114,117,3,0.006,0.228,0.234,0.698,2,2,3,False
18,附件3_未对齐版本_18,E题数据/附件3-模态缺失特征样本/未对齐版本/附件3_未对齐版本_18.pkl,audio,interior_zero_candidate,121,122,1,0.002,0.242,0.244,0.698,2,2,1,False
18,附件3_未对齐版本_18,E题数据/附件3-模态缺失特征样本/未对齐版本/附件3_未对齐版本_18.pkl,audio,interior_zero_candidate,127,128,1,0.002,0.254,0.256,0.698,2,2,1,False
18,附件3_未对齐版本_18,E题数据/附件3-模态缺失特征样本/未对齐版本/附件3_未对齐版本_18.pkl,audio,interior_zero_candidate,130,131,1,0.002,0.26,0.262,0.698,2,2,1,False
18,附件3_未对齐版本_18,E题数据/附件3-模态缺失特征样本/未对齐版本/附件3_未对齐版本_18.pkl,audio,interior_zero_candidate,141,142,1,0.002,0.282,0.284,0.698,2,2,1,False
18,附件3_未对齐版本_18,E题数据/附件3-模态缺失特征样本/未对齐版本/附件3_未对齐版本_18.pkl,audio,interior_zero_candidate,148,149,1,0.002,0.296,0.298,0.698,2,2,1,False
18,附件3_未对齐版本_18,E题数据/附件3-模态缺失特征样本/未对齐版本/附件3_未对齐版本_18.pkl,audio,interior_zero_candidate,152,153,1,0.002,0.304,0.306,0.698,2,2,1,False
18,附件3_未对齐版本_18,E题数据/附件3-模态缺失特征样本/未对齐版本/附件3_未对齐版本_18.pkl,audio,interior_zero_candidate,159,160,1,0.002,0.318,0.32,0.698,2,2,1,False
18,附件3_未对齐版本_18,E题数据/附件3-模态缺失特征样本/未对齐版本/附件3_未对齐版本_18.pkl,audio,suffix_zero_ambiguous,175,500,325,0.65,0.35,1.0,0.698,2,2,0,False
19,附件3_未对齐版本_19,E题数据/附件3-模态缺失特征样本/未对齐版本/附件3_未对齐版本_19.pkl,audio,interior_zero_candidate,5,6,1,0.002,0.01,0.012,0.776,2,2,1,False
19,附件3_未对齐版本_19,E题数据/附件3-模态缺失特征样本/未对齐版本/附件3_未对齐版本_19.pkl,audio,interior_zero_candidate,7,8,1,0.002,0.014,0.016,0.776,2,2,1,False
19,附件3_未对齐版本_19,E题数据/附件3-模态缺失特征样本/未对齐版本/附件3_未对齐版本_19.pkl,audio,interior_zero_candidate,10,12,2,0.004,0.02,0.024,0.776,2,2,2,False
19,附件3_未对齐版本_19,E题数据/附件3-模态缺失特征样本/未对齐版本/附件3_未对齐版本_19.pkl,audio,interior_zero_candidate,17,19,2,0.004,0.034,0.038,0.776,2,2,2,False
19,附件3_未对齐版本_19,E题数据/附件3-模态缺失特征样本/未对齐版本/附件3_未对齐版本_19.pkl,audio,interior_zero_candidate,22,23,1,0.002,0.044,0.046,0.776,2,2,1,False
19,附件3_未对齐版本_19,E题数据/附件3-模态缺失特征样本/未对齐版本/附件3_未对齐版本_19.pkl,audio,interior_zero_candidate,24,25,1,0.002,0.048,0.05,0.776,2,2,1,False
19,附件3_未对齐版本_19,E题数据/附件3-模态缺失特征样本/未对齐版本/附件3_未对齐版本_19.pkl,audio,interior_zero_candidate,28,29,1,0.002,0.056,0.058,0.776,2,2,1,False
19,附件3_未对齐版本_19,E题数据/附件3-模态缺失特征样本/未对齐版本/附件3_未对齐版本_19.pkl,audio,interior_zero_candidate,30,31,1,0.002,0.06,0.062,0.776,2,2,1,False
19,附件3_未对齐版本_19,E题数据/附件3-模态缺失特征样本/未对齐版本/附件3_未对齐版本_19.pkl,audio,interior_zero_candidate,41,42,1,0.002,0.082,0.084,0.776,2,2,1,False
19,附件3_未对齐版本_19,E题数据/附件3-模态缺失特征样本/未对齐版本/附件3_未对齐版本_19.pkl,audio,interior_zero_candidate,56,57,1,0.002,0.112,0.114,0.776,2,2,1,False
19,附件3_未对齐版本_19,E题数据/附件3-模态缺失特征样本/未对齐版本/附件3_未对齐版本_19.pkl,audio,interior_zero_candidate,60,61,1,0.002,0.12,0.122,0.776,2,2,1,False
19,附件3_未对齐版本_19,E题数据/附件3-模态缺失特征样本/未对齐版本/附件3_未对齐版本_19.pkl,audio,interior_zero_candidate,66,67,1,0.002,0.132,0.134,0.776,2,2,1,False
19,附件3_未对齐版本_19,E题数据/附件3-模态缺失特征样本/未对齐版本/附件3_未对齐版本_19.pkl,audio,interior_zero_candidate,74,75,1,0.002,0.148,0.15,0.776,2,2,1,False
19,附件3_未对齐版本_19,E题数据/附件3-模态缺失特征样本/未对齐版本/附件3_未对齐版本_19.pkl,audio,interior_zero_candidate,77,79,2,0.004,0.154,0.158,0.776,2,2,2,False
19,附件3_未对齐版本_19,E题数据/附件3-模态缺失特征样本/未对齐版本/附件3_未对齐版本_19.pkl,audio,interior_zero_candidate,83,85,2,0.004,0.166,0.17,0.776,2,2,2,False
19,附件3_未对齐版本_19,E题数据/附件3-模态缺失特征样本/未对齐版本/附件3_未对齐版本_19.pkl,audio,interior_zero_candidate,88,90,2,0.004,0.176,0.18,0.776,2,2,2,False
19,附件3_未对齐版本_19,E题数据/附件3-模态缺失特征样本/未对齐版本/附件3_未对齐版本_19.pkl,audio,interior_zero_candidate,97,98,1,0.002,0.194,0.196,0.776,2,2,1,False
19,附件3_未对齐版本_19,E题数据/附件3-模态缺失特征样本/未对齐版本/附件3_未对齐版本_19.pkl,audio,interior_zero_candidate,99,100,1,0.002,0.198,0.2,0.776,2,2,1,False
19,附件3_未对齐版本_19,E题数据/附件3-模态缺失特征样本/未对齐版本/附件3_未对齐版本_19.pkl,audio,interior_zero_candidate,109,111,2,0.004,0.218,0.222,0.776,2,2,2,False
19,附件3_未对齐版本_19,E题数据/附件3-模态缺失特征样本/未对齐版本/附件3_未对齐版本_19.pkl,audio,interior_zero_candidate,120,121,1,0.002,0.24,0.242,0.776,2,2,1,False
19,附件3_未对齐版本_19,E题数据/附件3-模态缺失特征样本/未对齐版本/附件3_未对齐版本_19.pkl,audio,interior_zero_candidate,122,124,2,0.004,0.244,0.248,0.776,2,2,2,False
19,附件3_未对齐版本_19,E题数据/附件3-模态缺失特征样本/未对齐版本/附件3_未对齐版本_19.pkl,audio,interior_zero_candidate,126,127,1,0.002,0.252,0.254,0.776,2,2,1,False
19,附件3_未对齐版本_19,E题数据/附件3-模态缺失特征样本/未对齐版本/附件3_未对齐版本_19.pkl,audio,interior_zero_candidate,129,130,1,0.002,0.258,0.26,0.776,2,2,1,False
19,附件3_未对齐版本_19,E题数据/附件3-模态缺失特征样本/未对齐版本/附件3_未对齐版本_19.pkl,audio,interior_zero_candidate,133,134,1,0.002,0.266,0.268,0.776,2,2,1,False
19,附件3_未对齐版本_19,E题数据/附件3-模态缺失特征样本/未对齐版本/附件3_未对齐版本_19.pkl,audio,interior_zero_candidate,135,136,1,0.002,0.27,0.272,0.776,2,2,1,False
19,附件3_未对齐版本_19,E题数据/附件3-模态缺失特征样本/未对齐版本/附件3_未对齐版本_19.pkl,audio,interior_zero_candidate,139,141,2,0.004,0.278,0.282,0.776,2,2,2,False
19,附件3_未对齐版本_19,E题数据/附件3-模态缺失特征样本/未对齐版本/附件3_未对齐版本_19.pkl,audio,interior_zero_candidate,144,145,1,0.002,0.288,0.29,0.776,2,2,1,False
19,附件3_未对齐版本_19,E题数据/附件3-模态缺失特征样本/未对齐版本/附件3_未对齐版本_19.pkl,audio,suffix_zero_ambiguous,147,500,353,0.706,0.294,1.0,0.776,2,2,0,False
20,附件3_未对齐版本_20,E题数据/附件3-模态缺失特征样本/未对齐版本/附件3_未对齐版本_20.pkl,audio,interior_zero_candidate,1,2,1,0.002,0.002,0.004,0.51,2,2,1,False
20,附件3_未对齐版本_20,E题数据/附件3-模态缺失特征样本/未对齐版本/附件3_未对齐版本_20.pkl,audio,interior_zero_candidate,7,8,1,0.002,0.014,0.016,0.51,2,2,1,False
20,附件3_未对齐版本_20,E题数据/附件3-模态缺失特征样本/未对齐版本/附件3_未对齐版本_20.pkl,audio,interior_zero_candidate,9,10,1,0.002,0.018,0.02,0.51,2,2,1,False
20,附件3_未对齐版本_20,E题数据/附件3-模态缺失特征样本/未对齐版本/附件3_未对齐版本_20.pkl,audio,interior_zero_candidate,11,14,3,0.006,0.022,0.028,0.51,2,2,3,False
20,附件3_未对齐版本_20,E题数据/附件3-模态缺失特征样本/未对齐版本/附件3_未对齐版本_20.pkl,audio,interior_zero_candidate,26,27,1,0.002,0.052,0.054,0.51,2,2,1,False
20,附件3_未对齐版本_20,E题数据/附件3-模态缺失特征样本/未对齐版本/附件3_未对齐版本_20.pkl,audio,interior_zero_candidate,33,34,1,0.002,0.066,0.068,0.51,2,2,1,False
20,附件3_未对齐版本_20,E题数据/附件3-模态缺失特征样本/未对齐版本/附件3_未对齐版本_20.pkl,audio,interior_zero_candidate,37,38,1,0.002,0.074,0.076,0.51,2,2,1,False
20,附件3_未对齐版本_20,E题数据/附件3-模态缺失特征样本/未对齐版本/附件3_未对齐版本_20.pkl,audio,interior_zero_candidate,44,45,1,0.002,0.088,0.09,0.51,2,2,1,False
20,附件3_未对齐版本_20,E题数据/附件3-模态缺失特征样本/未对齐版本/附件3_未对齐版本_20.pkl,audio,interior_zero_candidate,47,48,1,0.002,0.094,0.096,0.51,2,2,1,False
20,附件3_未对齐版本_20,E题数据/附件3-模态缺失特征样本/未对齐版本/附件3_未对齐版本_20.pkl,audio,interior_zero_candidate,59,62,3,0.006,0.118,0.124,0.51,2,2,3,False
20,附件3_未对齐版本_20,E题数据/附件3-模态缺失特征样本/未对齐版本/附件3_未对齐版本_20.pkl,audio,interior_zero_candidate,72,73,1,0.002,0.144,0.146,0.51,2,2,1,False
20,附件3_未对齐版本_20,E题数据/附件3-模态缺失特征样本/未对齐版本/附件3_未对齐版本_20.pkl,audio,interior_zero_candidate,75,76,1,0.002,0.15,0.152,0.51,2,2,1,False
20,附件3_未对齐版本_20,E题数据/附件3-模态缺失特征样本/未对齐版本/附件3_未对齐版本_20.pkl,audio,interior_zero_candidate,91,92,1,0.002,0.182,0.184,0.51,2,2,1,False
20,附件3_未对齐版本_20,E题数据/附件3-模态缺失特征样本/未对齐版本/附件3_未对齐版本_20.pkl,audio,interior_zero_candidate,94,95,1,0.002,0.188,0.19,0.51,2,2,1,False
20,附件3_未对齐版本_20,E题数据/附件3-模态缺失特征样本/未对齐版本/附件3_未对齐版本_20.pkl,audio,interior_zero_candidate,106,107,1,0.002,0.212,0.214,0.51,2,2,1,False
20,附件3_未对齐版本_20,E题数据/附件3-模态缺失特征样本/未对齐版本/附件3_未对齐版本_20.pkl,audio,interior_zero_candidate,117,120,3,0.006,0.234,0.24,0.51,2,2,3,False
20,附件3_未对齐版本_20,E题数据/附件3-模态缺失特征样本/未对齐版本/附件3_未对齐版本_20.pkl,audio,interior_zero_candidate,124,125,1,0.002,0.248,0.25,0.51,2,2,1,False
20,附件3_未对齐版本_20,E题数据/附件3-模态缺失特征样本/未对齐版本/附件3_未对齐版本_20.pkl,audio,interior_zero_candidate,127,128,1,0.002,0.254,0.256,0.51,2,2,1,False
20,附件3_未对齐版本_20,E题数据/附件3-模态缺失特征样本/未对齐版本/附件3_未对齐版本_20.pkl,audio,interior_zero_candidate,131,132,1,0.002,0.262,0.264,0.51,2,2,1,False
20,附件3_未对齐版本_20,E题数据/附件3-模态缺失特征样本/未对齐版本/附件3_未对齐版本_20.pkl,audio,interior_zero_candidate,134,135,1,0.002,0.268,0.27,0.51,2,2,1,False
20,附件3_未对齐版本_20,E题数据/附件3-模态缺失特征样本/未对齐版本/附件3_未对齐版本_20.pkl,audio,interior_zero_candidate,143,144,1,0.002,0.286,0.288,0.51,2,2,1,False
20,附件3_未对齐版本_20,E题数据/附件3-模态缺失特征样本/未对齐版本/附件3_未对齐版本_20.pkl,audio,interior_zero_candidate,145,146,1,0.002,0.29,0.292,0.51,2,2,1,False
20,附件3_未对齐版本_20,E题数据/附件3-模态缺失特征样本/未对齐版本/附件3_未对齐版本_20.pkl,audio,interior_zero_candidate,151,152,1,0.002,0.302,0.304,0.51,2,2,1,False
20,附件3_未对齐版本_20,E题数据/附件3-模态缺失特征样本/未对齐版本/附件3_未对齐版本_20.pkl,audio,interior_zero_candidate,153,154,1,0.002,0.306,0.308,0.51,2,2,1,False
20,附件3_未对齐版本_20,E题数据/附件3-模态缺失特征样本/未对齐版本/附件3_未对齐版本_20.pkl,audio,interior_zero_candidate,159,160,1,0.002,0.318,0.32,0.51,2,2,1,False
20,附件3_未对齐版本_20,E题数据/附件3-模态缺失特征样本/未对齐版本/附件3_未对齐版本_20.pkl,audio,interior_zero_candidate,166,167,1,0.002,0.332,0.334,0.51,2,2,1,False
20,附件3_未对齐版本_20,E题数据/附件3-模态缺失特征样本/未对齐版本/附件3_未对齐版本_20.pkl,audio,interior_zero_candidate,168,169,1,0.002,0.336,0.338,0.51,2,2,1,False
20,附件3_未对齐版本_20,E题数据/附件3-模态缺失特征样本/未对齐版本/附件3_未对齐版本_20.pkl,audio,interior_zero_candidate,173,174,1,0.002,0.346,0.348,0.51,2,2,1,False
20,附件3_未对齐版本_20,E题数据/附件3-模态缺失特征样本/未对齐版本/附件3_未对齐版本_20.pkl,audio,interior_zero_candidate,176,177,1,0.002,0.352,0.354,0.51,2,2,1,False
20,附件3_未对齐版本_20,E题数据/附件3-模态缺失特征样本/未对齐版本/附件3_未对齐版本_20.pkl,audio,interior_zero_candidate,181,182,1,0.002,0.362,0.364,0.51,2,2,1,False
20,附件3_未对齐版本_20,E题数据/附件3-模态缺失特征样本/未对齐版本/附件3_未对齐版本_20.pkl,audio,interior_zero_candidate,186,189,3,0.006,0.372,0.378,0.51,2,2,3,False
20,附件3_未对齐版本_20,E题数据/附件3-模态缺失特征样本/未对齐版本/附件3_未对齐版本_20.pkl,audio,interior_zero_candidate,203,204,1,0.002,0.406,0.408,0.51,2,2,1,False
20,附件3_未对齐版本_20,E题数据/附件3-模态缺失特征样本/未对齐版本/附件3_未对齐版本_20.pkl,audio,interior_zero_candidate,206,207,1,0.002,0.412,0.414,0.51,2,2,1,False
20,附件3_未对齐版本_20,E题数据/附件3-模态缺失特征样本/未对齐版本/附件3_未对齐版本_20.pkl,audio,interior_zero_candidate,208,210,2,0.004,0.416,0.42,0.51,2,2,2,False
20,附件3_未对齐版本_20,E题数据/附件3-模态缺失特征样本/未对齐版本/附件3_未对齐版本_20.pkl,audio,interior_zero_candidate,211,212,1,0.002,0.422,0.424,0.51,2,2,1,False
20,附件3_未对齐版本_20,E题数据/附件3-模态缺失特征样本/未对齐版本/附件3_未对齐版本_20.pkl,audio,interior_zero_candidate,213,214,1,0.002,0.426,0.428,0.51,2,2,1,False
20,附件3_未对齐版本_20,E题数据/附件3-模态缺失特征样本/未对齐版本/附件3_未对齐版本_20.pkl,audio,interior_zero_candidate,215,216,1,0.002,0.43,0.432,0.51,2,2,1,False
20,附件3_未对齐版本_20,E题数据/附件3-模态缺失特征样本/未对齐版本/附件3_未对齐版本_20.pkl,audio,interior_zero_candidate,220,221,1,0.002,0.44,0.442,0.51,2,2,1,False
20,附件3_未对齐版本_20,E题数据/附件3-模态缺失特征样本/未对齐版本/附件3_未对齐版本_20.pkl,audio,interior_zero_candidate,222,223,1,0.002,0.444,0.446,0.51,2,2,1,False
20,附件3_未对齐版本_20,E题数据/附件3-模态缺失特征样本/未对齐版本/附件3_未对齐版本_20.pkl,audio,interior_zero_candidate,224,225,1,0.002,0.448,0.45,0.51,2,2,1,False
20,附件3_未对齐版本_20,E题数据/附件3-模态缺失特征样本/未对齐版本/附件3_未对齐版本_20.pkl,audio,interior_zero_candidate,229,230,1,0.002,0.458,0.46,0.51,2,2,1,False
20,附件3_未对齐版本_20,E题数据/附件3-模态缺失特征样本/未对齐版本/附件3_未对齐版本_20.pkl,audio,interior_zero_candidate,231,233,2,0.004,0.462,0.466,0.51,2,2,2,False
20,附件3_未对齐版本_20,E题数据/附件3-模态缺失特征样本/未对齐版本/附件3_未对齐版本_20.pkl,audio,interior_zero_candidate,247,248,1,0.002,0.494,0.496,0.51,2,2,1,False
20,附件3_未对齐版本_20,E题数据/附件3-模态缺失特征样本/未对齐版本/附件3_未对齐版本_20.pkl,audio,interior_zero_candidate,249,250,1,0.002,0.498,0.5,0.51,2,2,1,False
20,附件3_未对齐版本_20,E题数据/附件3-模态缺失特征样本/未对齐版本/附件3_未对齐版本_20.pkl,audio,interior_zero_candidate,260,261,1,0.002,0.52,0.522,0.51,2,2,1,False
20,附件3_未对齐版本_20,E题数据/附件3-模态缺失特征样本/未对齐版本/附件3_未对齐版本_20.pkl,audio,interior_zero_candidate,268,269,1,0.002,0.536,0.538,0.51,2,2,1,False
20,附件3_未对齐版本_20,E题数据/附件3-模态缺失特征样本/未对齐版本/附件3_未对齐版本_20.pkl,audio,interior_zero_candidate,271,272,1,0.002,0.542,0.544,0.51,2,2,1,False
20,附件3_未对齐版本_20,E题数据/附件3-模态缺失特征样本/未对齐版本/附件3_未对齐版本_20.pkl,audio,interior_zero_candidate,276,278,2,0.004,0.552,0.556,0.51,2,2,2,False
20,附件3_未对齐版本_20,E题数据/附件3-模态缺失特征样本/未对齐版本/附件3_未对齐版本_20.pkl,audio,interior_zero_candidate,279,280,1,0.002,0.558,0.56,0.51,2,2,1,False
20,附件3_未对齐版本_20,E题数据/附件3-模态缺失特征样本/未对齐版本/附件3_未对齐版本_20.pkl,audio,interior_zero_candidate,284,285,1,0.002,0.568,0.57,0.51,2,2,1,False
20,附件3_未对齐版本_20,E题数据/附件3-模态缺失特征样本/未对齐版本/附件3_未对齐版本_20.pkl,audio,interior_zero_candidate,287,289,2,0.004,0.574,0.578,0.51,2,2,2,False
20,附件3_未对齐版本_20,E题数据/附件3-模态缺失特征样本/未对齐版本/附件3_未对齐版本_20.pkl,audio,interior_zero_candidate,298,299,1,0.002,0.596,0.598,0.51,2,2,1,False
20,附件3_未对齐版本_20,E题数据/附件3-模态缺失特征样本/未对齐版本/附件3_未对齐版本_20.pkl,audio,interior_zero_candidate,307,308,1,0.002,0.614,0.616,0.51,2,2,1,False
20,附件3_未对齐版本_20,E题数据/附件3-模态缺失特征样本/未对齐版本/附件3_未对齐版本_20.pkl,audio,suffix_zero_ambiguous,310,500,190,0.38,0.62,1.0,0.51,2,2,0,False
21,附件3_未对齐版本_21,E题数据/附件3-模态缺失特征样本/未对齐版本/附件3_未对齐版本_21.pkl,audio,interior_zero_candidate,4,5,1,0.002,0.008,0.01,0.914,2,2,1,False
21,附件3_未对齐版本_21,E题数据/附件3-模态缺失特征样本/未对齐版本/附件3_未对齐版本_21.pkl,audio,interior_zero_candidate,8,9,1,0.002,0.016,0.018,0.914,2,2,1,False
21,附件3_未对齐版本_21,E题数据/附件3-模态缺失特征样本/未对齐版本/附件3_未对齐版本_21.pkl,audio,interior_zero_candidate,11,12,1,0.002,0.022,0.024,0.914,2,2,1,False
21,附件3_未对齐版本_21,E题数据/附件3-模态缺失特征样本/未对齐版本/附件3_未对齐版本_21.pkl,audio,interior_zero_candidate,13,16,3,0.006,0.026,0.032,0.914,2,2,3,False
21,附件3_未对齐版本_21,E题数据/附件3-模态缺失特征样本/未对齐版本/附件3_未对齐版本_21.pkl,audio,interior_zero_candidate,18,19,1,0.002,0.036,0.038,0.914,2,2,1,False
21,附件3_未对齐版本_21,E题数据/附件3-模态缺失特征样本/未对齐版本/附件3_未对齐版本_21.pkl,audio,interior_zero_candidate,21,23,2,0.004,0.042,0.046,0.914,2,2,2,False
21,附件3_未对齐版本_21,E题数据/附件3-模态缺失特征样本/未对齐版本/附件3_未对齐版本_21.pkl,audio,interior_zero_candidate,25,26,1,0.002,0.05,0.052,0.914,2,2,1,False
21,附件3_未对齐版本_21,E题数据/附件3-模态缺失特征样本/未对齐版本/附件3_未对齐版本_21.pkl,audio,interior_zero_candidate,27,28,1,0.002,0.054,0.056,0.914,2,2,1,False
21,附件3_未对齐版本_21,E题数据/附件3-模态缺失特征样本/未对齐版本/附件3_未对齐版本_21.pkl,audio,interior_zero_candidate,30,31,1,0.002,0.06,0.062,0.914,2,2,1,False
21,附件3_未对齐版本_21,E题数据/附件3-模态缺失特征样本/未对齐版本/附件3_未对齐版本_21.pkl,audio,interior_zero_candidate,36,37,1,0.002,0.072,0.074,0.914,2,2,1,False
21,附件3_未对齐版本_21,E题数据/附件3-模态缺失特征样本/未对齐版本/附件3_未对齐版本_21.pkl,audio,interior_zero_candidate,41,43,2,0.004,0.082,0.086,0.914,2,2,2,False
21,附件3_未对齐版本_21,E题数据/附件3-模态缺失特征样本/未对齐版本/附件3_未对齐版本_21.pkl,audio,interior_zero_candidate,45,48,3,0.006,0.09,0.096,0.914,2,2,3,False
21,附件3_未对齐版本_21,E题数据/附件3-模态缺失特征样本/未对齐版本/附件3_未对齐版本_21.pkl,audio,interior_zero_candidate,49,51,2,0.004,0.098,0.102,0.914,2,2,2,False
21,附件3_未对齐版本_21,E题数据/附件3-模态缺失特征样本/未对齐版本/附件3_未对齐版本_21.pkl,audio,interior_zero_candidate,57,59,2,0.004,0.114,0.118,0.914,2,2,2,False
21,附件3_未对齐版本_21,E题数据/附件3-模态缺失特征样本/未对齐版本/附件3_未对齐版本_21.pkl,audio,interior_zero_candidate,63,64,1,0.002,0.126,0.128,0.914,2,2,1,False
21,附件3_未对齐版本_21,E题数据/附件3-模态缺失特征样本/未对齐版本/附件3_未对齐版本_21.pkl,audio,interior_zero_candidate,65,66,1,0.002,0.13,0.132,0.914,2,2,1,False
21,附件3_未对齐版本_21,E题数据/附件3-模态缺失特征样本/未对齐版本/附件3_未对齐版本_21.pkl,audio,suffix_zero_ambiguous,67,500,433,0.866,0.134,1.0,0.914,2,2,0,False
22,附件3_未对齐版本_22,E题数据/附件3-模态缺失特征样本/未对齐版本/附件3_未对齐版本_22.pkl,audio,interior_zero_candidate,5,6,1,0.002,0.01,0.012,0.86,2,2,1,False
22,附件3_未对齐版本_22,E题数据/附件3-模态缺失特征样本/未对齐版本/附件3_未对齐版本_22.pkl,audio,interior_zero_candidate,19,20,1,0.002,0.038,0.04,0.86,2,2,1,False
22,附件3_未对齐版本_22,E题数据/附件3-模态缺失特征样本/未对齐版本/附件3_未对齐版本_22.pkl,audio,interior_zero_candidate,26,27,1,0.002,0.052,0.054,0.86,2,2,1,False
22,附件3_未对齐版本_22,E题数据/附件3-模态缺失特征样本/未对齐版本/附件3_未对齐版本_22.pkl,audio,interior_zero_candidate,35,36,1,0.002,0.07,0.072,0.86,2,2,1,False
22,附件3_未对齐版本_22,E题数据/附件3-模态缺失特征样本/未对齐版本/附件3_未对齐版本_22.pkl,audio,interior_zero_candidate,37,38,1,0.002,0.074,0.076,0.86,2,2,1,False
22,附件3_未对齐版本_22,E题数据/附件3-模态缺失特征样本/未对齐版本/附件3_未对齐版本_22.pkl,audio,interior_zero_candidate,39,40,1,0.002,0.078,0.08,0.86,2,2,1,False
22,附件3_未对齐版本_22,E题数据/附件3-模态缺失特征样本/未对齐版本/附件3_未对齐版本_22.pkl,audio,interior_zero_candidate,41,42,1,0.002,0.082,0.084,0.86,2,2,1,False
22,附件3_未对齐版本_22,E题数据/附件3-模态缺失特征样本/未对齐版本/附件3_未对齐版本_22.pkl,audio,interior_zero_candidate,44,45,1,0.002,0.088,0.09,0.86,2,2,1,False
22,附件3_未对齐版本_22,E题数据/附件3-模态缺失特征样本/未对齐版本/附件3_未对齐版本_22.pkl,audio,interior_zero_candidate,46,47,1,0.002,0.092,0.094,0.86,2,2,1,False
22,附件3_未对齐版本_22,E题数据/附件3-模态缺失特征样本/未对齐版本/附件3_未对齐版本_22.pkl,audio,interior_zero_candidate,48,49,1,0.002,0.096,0.098,0.86,2,2,1,False
22,附件3_未对齐版本_22,E题数据/附件3-模态缺失特征样本/未对齐版本/附件3_未对齐版本_22.pkl,audio,interior_zero_candidate,56,58,2,0.004,0.112,0.116,0.86,2,2,2,False
22,附件3_未对齐版本_22,E题数据/附件3-模态缺失特征样本/未对齐版本/附件3_未对齐版本_22.pkl,audio,interior_zero_candidate,61,62,1,0.002,0.122,0.124,0.86,2,2,1,False
22,附件3_未对齐版本_22,E题数据/附件3-模态缺失特征样本/未对齐版本/附件3_未对齐版本_22.pkl,audio,interior_zero_candidate,67,69,2,0.004,0.134,0.138,0.86,2,2,2,False
22,附件3_未对齐版本_22,E题数据/附件3-模态缺失特征样本/未对齐版本/附件3_未对齐版本_22.pkl,audio,interior_zero_candidate,72,73,1,0.002,0.144,0.146,0.86,2,2,1,False
22,附件3_未对齐版本_22,E题数据/附件3-模态缺失特征样本/未对齐版本/附件3_未对齐版本_22.pkl,audio,interior_zero_candidate,75,76,1,0.002,0.15,0.152,0.86,2,2,1,False
22,附件3_未对齐版本_22,E题数据/附件3-模态缺失特征样本/未对齐版本/附件3_未对齐版本_22.pkl,audio,interior_zero_candidate,79,80,1,0.002,0.158,0.16,0.86,2,2,1,False
22,附件3_未对齐版本_22,E题数据/附件3-模态缺失特征样本/未对齐版本/附件3_未对齐版本_22.pkl,audio,interior_zero_candidate,85,86,1,0.002,0.17,0.172,0.86,2,2,1,False
22,附件3_未对齐版本_22,E题数据/附件3-模态缺失特征样本/未对齐版本/附件3_未对齐版本_22.pkl,audio,suffix_zero_ambiguous,89,500,411,0.822,0.178,1.0,0.86,2,2,0,False
23,附件3_未对齐版本_23,E题数据/附件3-模态缺失特征样本/未对齐版本/附件3_未对齐版本_23.pkl,audio,interior_zero_candidate,2,5,3,0.006,0.004,0.01,0.89,2,2,3,False
23,附件3_未对齐版本_23,E题数据/附件3-模态缺失特征样本/未对齐版本/附件3_未对齐版本_23.pkl,audio,interior_zero_candidate,6,7,1,0.002,0.012,0.014,0.89,2,2,1,False
23,附件3_未对齐版本_23,E题数据/附件3-模态缺失特征样本/未对齐版本/附件3_未对齐版本_23.pkl,audio,interior_zero_candidate,11,12,1,0.002,0.022,0.024,0.89,2,2,1,False
23,附件3_未对齐版本_23,E题数据/附件3-模态缺失特征样本/未对齐版本/附件3_未对齐版本_23.pkl,audio,interior_zero_candidate,16,17,1,0.002,0.032,0.034,0.89,2,2,1,False
23,附件3_未对齐版本_23,E题数据/附件3-模态缺失特征样本/未对齐版本/附件3_未对齐版本_23.pkl,audio,interior_zero_candidate,18,19,1,0.002,0.036,0.038,0.89,2,2,1,False
23,附件3_未对齐版本_23,E题数据/附件3-模态缺失特征样本/未对齐版本/附件3_未对齐版本_23.pkl,audio,interior_zero_candidate,24,25,1,0.002,0.048,0.05,0.89,2,2,1,False
23,附件3_未对齐版本_23,E题数据/附件3-模态缺失特征样本/未对齐版本/附件3_未对齐版本_23.pkl,audio,interior_zero_candidate,28,29,1,0.002,0.056,0.058,0.89,2,2,1,False
23,附件3_未对齐版本_23,E题数据/附件3-模态缺失特征样本/未对齐版本/附件3_未对齐版本_23.pkl,audio,interior_zero_candidate,34,38,4,0.008,0.068,0.076,0.89,2,2,4,False
23,附件3_未对齐版本_23,E题数据/附件3-模态缺失特征样本/未对齐版本/附件3_未对齐版本_23.pkl,audio,interior_zero_candidate,40,41,1,0.002,0.08,0.082,0.89,2,2,1,False
23,附件3_未对齐版本_23,E题数据/附件3-模态缺失特征样本/未对齐版本/附件3_未对齐版本_23.pkl,audio,interior_zero_candidate,42,43,1,0.002,0.084,0.086,0.89,2,2,1,False
23,附件3_未对齐版本_23,E题数据/附件3-模态缺失特征样本/未对齐版本/附件3_未对齐版本_23.pkl,audio,interior_zero_candidate,51,53,2,0.004,0.102,0.106,0.89,2,2,2,False
23,附件3_未对齐版本_23,E题数据/附件3-模态缺失特征样本/未对齐版本/附件3_未对齐版本_23.pkl,audio,interior_zero_candidate,65,66,1,0.002,0.13,0.132,0.89,2,2,1,False
23,附件3_未对齐版本_23,E题数据/附件3-模态缺失特征样本/未对齐版本/附件3_未对齐版本_23.pkl,audio,interior_zero_candidate,68,69,1,0.002,0.136,0.138,0.89,2,2,1,False
23,附件3_未对齐版本_23,E题数据/附件3-模态缺失特征样本/未对齐版本/附件3_未对齐版本_23.pkl,audio,interior_zero_candidate,72,73,1,0.002,0.144,0.146,0.89,2,2,1,False
23,附件3_未对齐版本_23,E题数据/附件3-模态缺失特征样本/未对齐版本/附件3_未对齐版本_23.pkl,audio,interior_zero_candidate,74,75,1,0.002,0.148,0.15,0.89,2,2,1,False
23,附件3_未对齐版本_23,E题数据/附件3-模态缺失特征样本/未对齐版本/附件3_未对齐版本_23.pkl,audio,suffix_zero_ambiguous,76,500,424,0.848,0.152,1.0,0.89,2,2,0,False
24,附件3_未对齐版本_24,E题数据/附件3-模态缺失特征样本/未对齐版本/附件3_未对齐版本_24.pkl,audio,prefix_zero_ambiguous,0,1,1,0.002,0.0,0.002,0.904,2,2,0,False
24,附件3_未对齐版本_24,E题数据/附件3-模态缺失特征样本/未对齐版本/附件3_未对齐版本_24.pkl,audio,interior_zero_candidate,3,4,1,0.002,0.006,0.008,0.904,2,2,1,False
24,附件3_未对齐版本_24,E题数据/附件3-模态缺失特征样本/未对齐版本/附件3_未对齐版本_24.pkl,audio,interior_zero_candidate,11,12,1,0.002,0.022,0.024,0.904,2,2,1,False
24,附件3_未对齐版本_24,E题数据/附件3-模态缺失特征样本/未对齐版本/附件3_未对齐版本_24.pkl,audio,interior_zero_candidate,13,14,1,0.002,0.026,0.028,0.904,2,2,1,False
24,附件3_未对齐版本_24,E题数据/附件3-模态缺失特征样本/未对齐版本/附件3_未对齐版本_24.pkl,audio,interior_zero_candidate,17,18,1,0.002,0.034,0.036,0.904,2,2,1,False
24,附件3_未对齐版本_24,E题数据/附件3-模态缺失特征样本/未对齐版本/附件3_未对齐版本_24.pkl,audio,interior_zero_candidate,19,20,1,0.002,0.038,0.04,0.904,2,2,1,False
24,附件3_未对齐版本_24,E题数据/附件3-模态缺失特征样本/未对齐版本/附件3_未对齐版本_24.pkl,audio,interior_zero_candidate,21,23,2,0.004,0.042,0.046,0.904,2,2,2,False
24,附件3_未对齐版本_24,E题数据/附件3-模态缺失特征样本/未对齐版本/附件3_未对齐版本_24.pkl,audio,interior_zero_candidate,26,27,1,0.002,0.052,0.054,0.904,2,2,1,False
24,附件3_未对齐版本_24,E题数据/附件3-模态缺失特征样本/未对齐版本/附件3_未对齐版本_24.pkl,audio,interior_zero_candidate,28,29,1,0.002,0.056,0.058,0.904,2,2,1,False
24,附件3_未对齐版本_24,E题数据/附件3-模态缺失特征样本/未对齐版本/附件3_未对齐版本_24.pkl,audio,interior_zero_candidate,36,37,1,0.002,0.072,0.074,0.904,2,2,1,False
24,附件3_未对齐版本_24,E题数据/附件3-模态缺失特征样本/未对齐版本/附件3_未对齐版本_24.pkl,audio,interior_zero_candidate,42,43,1,0.002,0.084,0.086,0.904,2,2,1,False
24,附件3_未对齐版本_24,E题数据/附件3-模态缺失特征样本/未对齐版本/附件3_未对齐版本_24.pkl,audio,interior_zero_candidate,44,45,1,0.002,0.088,0.09,0.904,2,2,1,False
24,附件3_未对齐版本_24,E题数据/附件3-模态缺失特征样本/未对齐版本/附件3_未对齐版本_24.pkl,audio,interior_zero_candidate,49,50,1,0.002,0.098,0.1,0.904,2,2,1,False
24,附件3_未对齐版本_24,E题数据/附件3-模态缺失特征样本/未对齐版本/附件3_未对齐版本_24.pkl,audio,interior_zero_candidate,61,62,1,0.002,0.122,0.124,0.904,2,2,1,False
24,附件3_未对齐版本_24,E题数据/附件3-模态缺失特征样本/未对齐版本/附件3_未对齐版本_24.pkl,audio,suffix_zero_ambiguous,63,500,437,0.874,0.126,1.0,0.904,2,2,0,False
25,附件3_未对齐版本_25,E题数据/附件3-模态缺失特征样本/未对齐版本/附件3_未对齐版本_25.pkl,audio,interior_zero_candidate,4,5,1,0.002,0.008,0.01,0.924,2,2,1,False
25,附件3_未对齐版本_25,E题数据/附件3-模态缺失特征样本/未对齐版本/附件3_未对齐版本_25.pkl,audio,interior_zero_candidate,6,8,2,0.004,0.012,0.016,0.924,2,2,2,False
25,附件3_未对齐版本_25,E题数据/附件3-模态缺失特征样本/未对齐版本/附件3_未对齐版本_25.pkl,audio,interior_zero_candidate,16,18,2,0.004,0.032,0.036,0.924,2,2,2,False
25,附件3_未对齐版本_25,E题数据/附件3-模态缺失特征样本/未对齐版本/附件3_未对齐版本_25.pkl,audio,interior_zero_candidate,29,31,2,0.004,0.058,0.062,0.924,2,2,2,False
25,附件3_未对齐版本_25,E题数据/附件3-模态缺失特征样本/未对齐版本/附件3_未对齐版本_25.pkl,audio,interior_zero_candidate,35,36,1,0.002,0.07,0.072,0.924,2,2,1,False
25,附件3_未对齐版本_25,E题数据/附件3-模态缺失特征样本/未对齐版本/附件3_未对齐版本_25.pkl,audio,interior_zero_candidate,38,40,2,0.004,0.076,0.08,0.924,2,2,2,False
25,附件3_未对齐版本_25,E题数据/附件3-模态缺失特征样本/未对齐版本/附件3_未对齐版本_25.pkl,audio,interior_zero_candidate,42,45,3,0.006,0.084,0.09,0.924,2,2,3,False
25,附件3_未对齐版本_25,E题数据/附件3-模态缺失特征样本/未对齐版本/附件3_未对齐版本_25.pkl,audio,interior_zero_candidate,46,47,1,0.002,0.092,0.094,0.924,2,2,1,False
25,附件3_未对齐版本_25,E题数据/附件3-模态缺失特征样本/未对齐版本/附件3_未对齐版本_25.pkl,audio,suffix_zero_ambiguous,52,500,448,0.896,0.104,1.0,0.924,2,2,0,False
26,附件3_未对齐版本_26,E题数据/附件3-模态缺失特征样本/未对齐版本/附件3_未对齐版本_26.pkl,audio,interior_zero_candidate,2,4,2,0.004,0.004,0.008,0.75,2,2,2,False
26,附件3_未对齐版本_26,E题数据/附件3-模态缺失特征样本/未对齐版本/附件3_未对齐版本_26.pkl,audio,interior_zero_candidate,15,16,1,0.002,0.03,0.032,0.75,2,2,1,False
26,附件3_未对齐版本_26,E题数据/附件3-模态缺失特征样本/未对齐版本/附件3_未对齐版本_26.pkl,audio,interior_zero_candidate,18,19,1,0.002,0.036,0.038,0.75,2,2,1,False
26,附件3_未对齐版本_26,E题数据/附件3-模态缺失特征样本/未对齐版本/附件3_未对齐版本_26.pkl,audio,interior_zero_candidate,26,27,1,0.002,0.052,0.054,0.75,2,2,1,False
26,附件3_未对齐版本_26,E题数据/附件3-模态缺失特征样本/未对齐版本/附件3_未对齐版本_26.pkl,audio,interior_zero_candidate,30,32,2,0.004,0.06,0.064,0.75,2,2,2,False
26,附件3_未对齐版本_26,E题数据/附件3-模态缺失特征样本/未对齐版本/附件3_未对齐版本_26.pkl,audio,interior_zero_candidate,33,34,1,0.002,0.066,0.068,0.75,2,2,1,False
26,附件3_未对齐版本_26,E题数据/附件3-模态缺失特征样本/未对齐版本/附件3_未对齐版本_26.pkl,audio,interior_zero_candidate,35,36,1,0.002,0.07,0.072,0.75,2,2,1,False
26,附件3_未对齐版本_26,E题数据/附件3-模态缺失特征样本/未对齐版本/附件3_未对齐版本_26.pkl,audio,interior_zero_candidate,42,43,1,0.002,0.084,0.086,0.75,2,2,1,False
26,附件3_未对齐版本_26,E题数据/附件3-模态缺失特征样本/未对齐版本/附件3_未对齐版本_26.pkl,audio,interior_zero_candidate,44,45,1,0.002,0.088,0.09,0.75,2,2,1,False
26,附件3_未对齐版本_26,E题数据/附件3-模态缺失特征样本/未对齐版本/附件3_未对齐版本_26.pkl,audio,interior_zero_candidate,48,50,2,0.004,0.096,0.1,0.75,2,2,2,False
26,附件3_未对齐版本_26,E题数据/附件3-模态缺失特征样本/未对齐版本/附件3_未对齐版本_26.pkl,audio,interior_zero_candidate,53,54,1,0.002,0.106,0.108,0.75,2,2,1,False
26,附件3_未对齐版本_26,E题数据/附件3-模态缺失特征样本/未对齐版本/附件3_未对齐版本_26.pkl,audio,interior_zero_candidate,65,66,1,0.002,0.13,0.132,0.75,2,2,1,False
26,附件3_未对齐版本_26,E题数据/附件3-模态缺失特征样本/未对齐版本/附件3_未对齐版本_26.pkl,audio,interior_zero_candidate,67,68,1,0.002,0.134,0.136,0.75,2,2,1,False
26,附件3_未对齐版本_26,E题数据/附件3-模态缺失特征样本/未对齐版本/附件3_未对齐版本_26.pkl,audio,interior_zero_candidate,72,75,3,0.006,0.144,0.15,0.75,2,2,3,False
26,附件3_未对齐版本_26,E题数据/附件3-模态缺失特征样本/未对齐版本/附件3_未对齐版本_26.pkl,audio,interior_zero_candidate,79,84,5,0.01,0.158,0.168,0.75,2,2,5,False
26,附件3_未对齐版本_26,E题数据/附件3-模态缺失特征样本/未对齐版本/附件3_未对齐版本_26.pkl,audio,interior_zero_candidate,85,86,1,0.002,0.17,0.172,0.75,2,2,1,False
26,附件3_未对齐版本_26,E题数据/附件3-模态缺失特征样本/未对齐版本/附件3_未对齐版本_26.pkl,audio,interior_zero_candidate,88,89,1,0.002,0.176,0.178,0.75,2,2,1,False
26,附件3_未对齐版本_26,E题数据/附件3-模态缺失特征样本/未对齐版本/附件3_未对齐版本_26.pkl,audio,interior_zero_candidate,92,93,1,0.002,0.184,0.186,0.75,2,2,1,False
26,附件3_未对齐版本_26,E题数据/附件3-模态缺失特征样本/未对齐版本/附件3_未对齐版本_26.pkl,audio,interior_zero_candidate,96,99,3,0.006,0.192,0.198,0.75,2,2,3,False
26,附件3_未对齐版本_26,E题数据/附件3-模态缺失特征样本/未对齐版本/附件3_未对齐版本_26.pkl,audio,interior_zero_candidate,100,101,1,0.002,0.2,0.202,0.75,2,2,1,False
26,附件3_未对齐版本_26,E题数据/附件3-模态缺失特征样本/未对齐版本/附件3_未对齐版本_26.pkl,audio,interior_zero_candidate,107,108,1,0.002,0.214,0.216,0.75,2,2,1,False
26,附件3_未对齐版本_26,E题数据/附件3-模态缺失特征样本/未对齐版本/附件3_未对齐版本_26.pkl,audio,interior_zero_candidate,110,111,1,0.002,0.22,0.222,0.75,2,2,1,False
26,附件3_未对齐版本_26,E题数据/附件3-模态缺失特征样本/未对齐版本/附件3_未对齐版本_26.pkl,audio,interior_zero_candidate,112,114,2,0.004,0.224,0.228,0.75,2,2,2,False
26,附件3_未对齐版本_26,E题数据/附件3-模态缺失特征样本/未对齐版本/附件3_未对齐版本_26.pkl,audio,interior_zero_candidate,116,118,2,0.004,0.232,0.236,0.75,2,2,2,False
26,附件3_未对齐版本_26,E题数据/附件3-模态缺失特征样本/未对齐版本/附件3_未对齐版本_26.pkl,audio,interior_zero_candidate,123,124,1,0.002,0.246,0.248,0.75,2,2,1,False
26,附件3_未对齐版本_26,E题数据/附件3-模态缺失特征样本/未对齐版本/附件3_未对齐版本_26.pkl,audio,interior_zero_candidate,126,127,1,0.002,0.252,0.254,0.75,2,2,1,False
26,附件3_未对齐版本_26,E题数据/附件3-模态缺失特征样本/未对齐版本/附件3_未对齐版本_26.pkl,audio,interior_zero_candidate,128,129,1,0.002,0.256,0.258,0.75,2,2,1,False
26,附件3_未对齐版本_26,E题数据/附件3-模态缺失特征样本/未对齐版本/附件3_未对齐版本_26.pkl,audio,interior_zero_candidate,134,136,2,0.004,0.268,0.272,0.75,2,2,2,False
26,附件3_未对齐版本_26,E题数据/附件3-模态缺失特征样本/未对齐版本/附件3_未对齐版本_26.pkl,audio,interior_zero_candidate,137,138,1,0.002,0.274,0.276,0.75,2,2,1,False
26,附件3_未对齐版本_26,E题数据/附件3-模态缺失特征样本/未对齐版本/附件3_未对齐版本_26.pkl,audio,interior_zero_candidate,139,140,1,0.002,0.278,0.28,0.75,2,2,1,False
26,附件3_未对齐版本_26,E题数据/附件3-模态缺失特征样本/未对齐版本/附件3_未对齐版本_26.pkl,audio,interior_zero_candidate,146,149,3,0.006,0.292,0.298,0.75,2,2,3,False
26,附件3_未对齐版本_26,E题数据/附件3-模态缺失特征样本/未对齐版本/附件3_未对齐版本_26.pkl,audio,interior_zero_candidate,150,153,3,0.006,0.3,0.306,0.75,2,2,3,False
26,附件3_未对齐版本_26,E题数据/附件3-模态缺失特征样本/未对齐版本/附件3_未对齐版本_26.pkl,audio,interior_zero_candidate,161,163,2,0.004,0.322,0.326,0.75,2,2,2,False
26,附件3_未对齐版本_26,E题数据/附件3-模态缺失特征样本/未对齐版本/附件3_未对齐版本_26.pkl,audio,interior_zero_candidate,166,169,3,0.006,0.332,0.338,0.75,2,2,3,False
26,附件3_未对齐版本_26,E题数据/附件3-模态缺失特征样本/未对齐版本/附件3_未对齐版本_26.pkl,audio,interior_zero_candidate,170,172,2,0.004,0.34,0.344,0.75,2,2,2,False
26,附件3_未对齐版本_26,E题数据/附件3-模态缺失特征样本/未对齐版本/附件3_未对齐版本_26.pkl,audio,interior_zero_candidate,174,176,2,0.004,0.348,0.352,0.75,2,2,2,False
26,附件3_未对齐版本_26,E题数据/附件3-模态缺失特征样本/未对齐版本/附件3_未对齐版本_26.pkl,audio,interior_zero_candidate,178,179,1,0.002,0.356,0.358,0.75,2,2,1,False
26,附件3_未对齐版本_26,E题数据/附件3-模态缺失特征样本/未对齐版本/附件3_未对齐版本_26.pkl,audio,interior_zero_candidate,180,182,2,0.004,0.36,0.364,0.75,2,2,2,False
26,附件3_未对齐版本_26,E题数据/附件3-模态缺失特征样本/未对齐版本/附件3_未对齐版本_26.pkl,audio,interior_zero_candidate,183,184,1,0.002,0.366,0.368,0.75,2,2,1,False
26,附件3_未对齐版本_26,E题数据/附件3-模态缺失特征样本/未对齐版本/附件3_未对齐版本_26.pkl,audio,interior_zero_candidate,185,186,1,0.002,0.37,0.372,0.75,2,2,1,False
26,附件3_未对齐版本_26,E题数据/附件3-模态缺失特征样本/未对齐版本/附件3_未对齐版本_26.pkl,audio,suffix_zero_ambiguous,189,500,311,0.622,0.378,1.0,0.75,2,2,0,False
27,附件3_未对齐版本_27,E题数据/附件3-模态缺失特征样本/未对齐版本/附件3_未对齐版本_27.pkl,audio,interior_zero_candidate,2,5,3,0.006,0.004,0.01,0.752,2,2,3,False
27,附件3_未对齐版本_27,E题数据/附件3-模态缺失特征样本/未对齐版本/附件3_未对齐版本_27.pkl,audio,interior_zero_candidate,6,7,1,0.002,0.012,0.014,0.752,2,2,1,False
27,附件3_未对齐版本_27,E题数据/附件3-模态缺失特征样本/未对齐版本/附件3_未对齐版本_27.pkl,audio,interior_zero_candidate,8,11,3,0.006,0.016,0.022,0.752,2,2,3,False
27,附件3_未对齐版本_27,E题数据/附件3-模态缺失特征样本/未对齐版本/附件3_未对齐版本_27.pkl,audio,interior_zero_candidate,13,14,1,0.002,0.026,0.028,0.752,2,2,1,False
27,附件3_未对齐版本_27,E题数据/附件3-模态缺失特征样本/未对齐版本/附件3_未对齐版本_27.pkl,audio,interior_zero_candidate,15,16,1,0.002,0.03,0.032,0.752,2,2,1,False
27,附件3_未对齐版本_27,E题数据/附件3-模态缺失特征样本/未对齐版本/附件3_未对齐版本_27.pkl,audio,interior_zero_candidate,21,22,1,0.002,0.042,0.044,0.752,2,2,1,False
27,附件3_未对齐版本_27,E题数据/附件3-模态缺失特征样本/未对齐版本/附件3_未对齐版本_27.pkl,audio,interior_zero_candidate,24,26,2,0.004,0.048,0.052,0.752,2,2,2,False
27,附件3_未对齐版本_27,E题数据/附件3-模态缺失特征样本/未对齐版本/附件3_未对齐版本_27.pkl,audio,interior_zero_candidate,28,29,1,0.002,0.056,0.058,0.752,2,2,1,False
27,附件3_未对齐版本_27,E题数据/附件3-模态缺失特征样本/未对齐版本/附件3_未对齐版本_27.pkl,audio,interior_zero_candidate,32,33,1,0.002,0.064,0.066,0.752,2,2,1,False
27,附件3_未对齐版本_27,E题数据/附件3-模态缺失特征样本/未对齐版本/附件3_未对齐版本_27.pkl,audio,interior_zero_candidate,34,36,2,0.004,0.068,0.072,0.752,2,2,2,False
27,附件3_未对齐版本_27,E题数据/附件3-模态缺失特征样本/未对齐版本/附件3_未对齐版本_27.pkl,audio,interior_zero_candidate,37,39,2,0.004,0.074,0.078,0.752,2,2,2,False
27,附件3_未对齐版本_27,E题数据/附件3-模态缺失特征样本/未对齐版本/附件3_未对齐版本_27.pkl,audio,interior_zero_candidate,41,44,3,0.006,0.082,0.088,0.752,2,2,3,False
27,附件3_未对齐版本_27,E题数据/附件3-模态缺失特征样本/未对齐版本/附件3_未对齐版本_27.pkl,audio,interior_zero_candidate,45,46,1,0.002,0.09,0.092,0.752,2,2,1,False
27,附件3_未对齐版本_27,E题数据/附件3-模态缺失特征样本/未对齐版本/附件3_未对齐版本_27.pkl,audio,interior_zero_candidate,50,51,1,0.002,0.1,0.102,0.752,2,2,1,False
27,附件3_未对齐版本_27,E题数据/附件3-模态缺失特征样本/未对齐版本/附件3_未对齐版本_27.pkl,audio,interior_zero_candidate,56,57,1,0.002,0.112,0.114,0.752,2,2,1,False
27,附件3_未对齐版本_27,E题数据/附件3-模态缺失特征样本/未对齐版本/附件3_未对齐版本_27.pkl,audio,interior_zero_candidate,61,63,2,0.004,0.122,0.126,0.752,2,2,2,False
27,附件3_未对齐版本_27,E题数据/附件3-模态缺失特征样本/未对齐版本/附件3_未对齐版本_27.pkl,audio,interior_zero_candidate,66,67,1,0.002,0.132,0.134,0.752,2,2,1,False
27,附件3_未对齐版本_27,E题数据/附件3-模态缺失特征样本/未对齐版本/附件3_未对齐版本_27.pkl,audio,interior_zero_candidate,71,72,1,0.002,0.142,0.144,0.752,2,2,1,False
27,附件3_未对齐版本_27,E题数据/附件3-模态缺失特征样本/未对齐版本/附件3_未对齐版本_27.pkl,audio,interior_zero_candidate,73,74,1,0.002,0.146,0.148,0.752,2,2,1,False
27,附件3_未对齐版本_27,E题数据/附件3-模态缺失特征样本/未对齐版本/附件3_未对齐版本_27.pkl,audio,interior_zero_candidate,79,80,1,0.002,0.158,0.16,0.752,2,2,1,False
27,附件3_未对齐版本_27,E题数据/附件3-模态缺失特征样本/未对齐版本/附件3_未对齐版本_27.pkl,audio,interior_zero_candidate,81,82,1,0.002,0.162,0.164,0.752,2,2,1,False
27,附件3_未对齐版本_27,E题数据/附件3-模态缺失特征样本/未对齐版本/附件3_未对齐版本_27.pkl,audio,interior_zero_candidate,86,87,1,0.002,0.172,0.174,0.752,2,2,1,False
27,附件3_未对齐版本_27,E题数据/附件3-模态缺失特征样本/未对齐版本/附件3_未对齐版本_27.pkl,audio,interior_zero_candidate,92,94,2,0.004,0.184,0.188,0.752,2,2,2,False
27,附件3_未对齐版本_27,E题数据/附件3-模态缺失特征样本/未对齐版本/附件3_未对齐版本_27.pkl,audio,interior_zero_candidate,101,103,2,0.004,0.202,0.206,0.752,2,2,2,False
27,附件3_未对齐版本_27,E题数据/附件3-模态缺失特征样本/未对齐版本/附件3_未对齐版本_27.pkl,audio,interior_zero_candidate,106,107,1,0.002,0.212,0.214,0.752,2,2,1,False
27,附件3_未对齐版本_27,E题数据/附件3-模态缺失特征样本/未对齐版本/附件3_未对齐版本_27.pkl,audio,interior_zero_candidate,109,111,2,0.004,0.218,0.222,0.752,2,2,2,False
27,附件3_未对齐版本_27,E题数据/附件3-模态缺失特征样本/未对齐版本/附件3_未对齐版本_27.pkl,audio,interior_zero_candidate,114,115,1,0.002,0.228,0.23,0.752,2,2,1,False
27,附件3_未对齐版本_27,E题数据/附件3-模态缺失特征样本/未对齐版本/附件3_未对齐版本_27.pkl,audio,interior_zero_candidate,116,117,1,0.002,0.232,0.234,0.752,2,2,1,False
27,附件3_未对齐版本_27,E题数据/附件3-模态缺失特征样本/未对齐版本/附件3_未对齐版本_27.pkl,audio,interior_zero_candidate,126,130,4,0.008,0.252,0.26,0.752,2,2,4,False
27,附件3_未对齐版本_27,E题数据/附件3-模态缺失特征样本/未对齐版本/附件3_未对齐版本_27.pkl,audio,interior_zero_candidate,134,135,1,0.002,0.268,0.27,0.752,2,2,1,False
27,附件3_未对齐版本_27,E题数据/附件3-模态缺失特征样本/未对齐版本/附件3_未对齐版本_27.pkl,audio,interior_zero_candidate,141,144,3,0.006,0.282,0.288,0.752,2,2,3,False
27,附件3_未对齐版本_27,E题数据/附件3-模态缺失特征样本/未对齐版本/附件3_未对齐版本_27.pkl,audio,interior_zero_candidate,147,148,1,0.002,0.294,0.296,0.752,2,2,1,False
27,附件3_未对齐版本_27,E题数据/附件3-模态缺失特征样本/未对齐版本/附件3_未对齐版本_27.pkl,audio,interior_zero_candidate,149,150,1,0.002,0.298,0.3,0.752,2,2,1,False
27,附件3_未对齐版本_27,E题数据/附件3-模态缺失特征样本/未对齐版本/附件3_未对齐版本_27.pkl,audio,interior_zero_candidate,151,153,2,0.004,0.302,0.306,0.752,2,2,2,False
27,附件3_未对齐版本_27,E题数据/附件3-模态缺失特征样本/未对齐版本/附件3_未对齐版本_27.pkl,audio,interior_zero_candidate,155,156,1,0.002,0.31,0.312,0.752,2,2,1,False
27,附件3_未对齐版本_27,E题数据/附件3-模态缺失特征样本/未对齐版本/附件3_未对齐版本_27.pkl,audio,interior_zero_candidate,166,167,1,0.002,0.332,0.334,0.752,2,2,1,False
27,附件3_未对齐版本_27,E题数据/附件3-模态缺失特征样本/未对齐版本/附件3_未对齐版本_27.pkl,audio,interior_zero_candidate,173,175,2,0.004,0.346,0.35,0.752,2,2,2,False
27,附件3_未对齐版本_27,E题数据/附件3-模态缺失特征样本/未对齐版本/附件3_未对齐版本_27.pkl,audio,interior_zero_candidate,176,177,1,0.002,0.352,0.354,0.752,2,2,1,False
27,附件3_未对齐版本_27,E题数据/附件3-模态缺失特征样本/未对齐版本/附件3_未对齐版本_27.pkl,audio,suffix_zero_ambiguous,182,500,318,0.636,0.364,1.0,0.752,2,2,0,False
28,附件3_未对齐版本_28,E题数据/附件3-模态缺失特征样本/未对齐版本/附件3_未对齐版本_28.pkl,audio,interior_zero_candidate,16,17,1,0.002,0.032,0.034,0.756,2,2,1,False
28,附件3_未对齐版本_28,E题数据/附件3-模态缺失特征样本/未对齐版本/附件3_未对齐版本_28.pkl,audio,interior_zero_candidate,18,19,1,0.002,0.036,0.038,0.756,2,2,1,False
28,附件3_未对齐版本_28,E题数据/附件3-模态缺失特征样本/未对齐版本/附件3_未对齐版本_28.pkl,audio,interior_zero_candidate,20,21,1,0.002,0.04,0.042,0.756,2,2,1,False
28,附件3_未对齐版本_28,E题数据/附件3-模态缺失特征样本/未对齐版本/附件3_未对齐版本_28.pkl,audio,interior_zero_candidate,23,24,1,0.002,0.046,0.048,0.756,2,2,1,False
28,附件3_未对齐版本_28,E题数据/附件3-模态缺失特征样本/未对齐版本/附件3_未对齐版本_28.pkl,audio,interior_zero_candidate,26,27,1,0.002,0.052,0.054,0.756,2,2,1,False
28,附件3_未对齐版本_28,E题数据/附件3-模态缺失特征样本/未对齐版本/附件3_未对齐版本_28.pkl,audio,interior_zero_candidate,28,31,3,0.006,0.056,0.062,0.756,2,2,3,False
28,附件3_未对齐版本_28,E题数据/附件3-模态缺失特征样本/未对齐版本/附件3_未对齐版本_28.pkl,audio,interior_zero_candidate,32,33,1,0.002,0.064,0.066,0.756,2,2,1,False
28,附件3_未对齐版本_28,E题数据/附件3-模态缺失特征样本/未对齐版本/附件3_未对齐版本_28.pkl,audio,interior_zero_candidate,34,36,2,0.004,0.068,0.072,0.756,2,2,2,False
28,附件3_未对齐版本_28,E题数据/附件3-模态缺失特征样本/未对齐版本/附件3_未对齐版本_28.pkl,audio,interior_zero_candidate,37,38,1,0.002,0.074,0.076,0.756,2,2,1,False
28,附件3_未对齐版本_28,E题数据/附件3-模态缺失特征样本/未对齐版本/附件3_未对齐版本_28.pkl,audio,interior_zero_candidate,39,40,1,0.002,0.078,0.08,0.756,2,2,1,False
28,附件3_未对齐版本_28,E题数据/附件3-模态缺失特征样本/未对齐版本/附件3_未对齐版本_28.pkl,audio,interior_zero_candidate,42,43,1,0.002,0.084,0.086,0.756,2,2,1,False
28,附件3_未对齐版本_28,E题数据/附件3-模态缺失特征样本/未对齐版本/附件3_未对齐版本_28.pkl,audio,interior_zero_candidate,46,47,1,0.002,0.092,0.094,0.756,2,2,1,False
28,附件3_未对齐版本_28,E题数据/附件3-模态缺失特征样本/未对齐版本/附件3_未对齐版本_28.pkl,audio,interior_zero_candidate,48,49,1,0.002,0.096,0.098,0.756,2,2,1,False
28,附件3_未对齐版本_28,E题数据/附件3-模态缺失特征样本/未对齐版本/附件3_未对齐版本_28.pkl,audio,interior_zero_candidate,56,58,2,0.004,0.112,0.116,0.756,2,2,2,False
28,附件3_未对齐版本_28,E题数据/附件3-模态缺失特征样本/未对齐版本/附件3_未对齐版本_28.pkl,audio,interior_zero_candidate,59,60,1,0.002,0.118,0.12,0.756,2,2,1,False
28,附件3_未对齐版本_28,E题数据/附件3-模态缺失特征样本/未对齐版本/附件3_未对齐版本_28.pkl,audio,interior_zero_candidate,61,62,1,0.002,0.122,0.124,0.756,2,2,1,False
28,附件3_未对齐版本_28,E题数据/附件3-模态缺失特征样本/未对齐版本/附件3_未对齐版本_28.pkl,audio,interior_zero_candidate,71,72,1,0.002,0.142,0.144,0.756,2,2,1,False
28,附件3_未对齐版本_28,E题数据/附件3-模态缺失特征样本/未对齐版本/附件3_未对齐版本_28.pkl,audio,interior_zero_candidate,73,75,2,0.004,0.146,0.15,0.756,2,2,2,False
28,附件3_未对齐版本_28,E题数据/附件3-模态缺失特征样本/未对齐版本/附件3_未对齐版本_28.pkl,audio,interior_zero_candidate,81,82,1,0.002,0.162,0.164,0.756,2,2,1,False
28,附件3_未对齐版本_28,E题数据/附件3-模态缺失特征样本/未对齐版本/附件3_未对齐版本_28.pkl,audio,interior_zero_candidate,84,85,1,0.002,0.168,0.17,0.756,2,2,1,False
28,附件3_未对齐版本_28,E题数据/附件3-模态缺失特征样本/未对齐版本/附件3_未对齐版本_28.pkl,audio,interior_zero_candidate,86,87,1,0.002,0.172,0.174,0.756,2,2,1,False
28,附件3_未对齐版本_28,E题数据/附件3-模态缺失特征样本/未对齐版本/附件3_未对齐版本_28.pkl,audio,interior_zero_candidate,95,96,1,0.002,0.19,0.192,0.756,2,2,1,False
28,附件3_未对齐版本_28,E题数据/附件3-模态缺失特征样本/未对齐版本/附件3_未对齐版本_28.pkl,audio,interior_zero_candidate,98,100,2,0.004,0.196,0.2,0.756,2,2,2,False
28,附件3_未对齐版本_28,E题数据/附件3-模态缺失特征样本/未对齐版本/附件3_未对齐版本_28.pkl,audio,interior_zero_candidate,103,106,3,0.006,0.206,0.212,0.756,2,2,3,False
28,附件3_未对齐版本_28,E题数据/附件3-模态缺失特征样本/未对齐版本/附件3_未对齐版本_28.pkl,audio,interior_zero_candidate,108,110,2,0.004,0.216,0.22,0.756,2,2,2,False
28,附件3_未对齐版本_28,E题数据/附件3-模态缺失特征样本/未对齐版本/附件3_未对齐版本_28.pkl,audio,interior_zero_candidate,115,116,1,0.002,0.23,0.232,0.756,2,2,1,False
28,附件3_未对齐版本_28,E题数据/附件3-模态缺失特征样本/未对齐版本/附件3_未对齐版本_28.pkl,audio,interior_zero_candidate,119,120,1,0.002,0.238,0.24,0.756,2,2,1,False
28,附件3_未对齐版本_28,E题数据/附件3-模态缺失特征样本/未对齐版本/附件3_未对齐版本_28.pkl,audio,interior_zero_candidate,121,122,1,0.002,0.242,0.244,0.756,2,2,1,False
28,附件3_未对齐版本_28,E题数据/附件3-模态缺失特征样本/未对齐版本/附件3_未对齐版本_28.pkl,audio,interior_zero_candidate,124,125,1,0.002,0.248,0.25,0.756,2,2,1,False
28,附件3_未对齐版本_28,E题数据/附件3-模态缺失特征样本/未对齐版本/附件3_未对齐版本_28.pkl,audio,interior_zero_candidate,128,129,1,0.002,0.256,0.258,0.756,2,2,1,False
28,附件3_未对齐版本_28,E题数据/附件3-模态缺失特征样本/未对齐版本/附件3_未对齐版本_28.pkl,audio,interior_zero_candidate,130,131,1,0.002,0.26,0.262,0.756,2,2,1,False
28,附件3_未对齐版本_28,E题数据/附件3-模态缺失特征样本/未对齐版本/附件3_未对齐版本_28.pkl,audio,interior_zero_candidate,132,133,1,0.002,0.264,0.266,0.756,2,2,1,False
28,附件3_未对齐版本_28,E题数据/附件3-模态缺失特征样本/未对齐版本/附件3_未对齐版本_28.pkl,audio,interior_zero_candidate,135,136,1,0.002,0.27,0.272,0.756,2,2,1,False
28,附件3_未对齐版本_28,E题数据/附件3-模态缺失特征样本/未对齐版本/附件3_未对齐版本_28.pkl,audio,interior_zero_candidate,137,138,1,0.002,0.274,0.276,0.756,2,2,1,False
28,附件3_未对齐版本_28,E题数据/附件3-模态缺失特征样本/未对齐版本/附件3_未对齐版本_28.pkl,audio,interior_zero_candidate,144,146,2,0.004,0.288,0.292,0.756,2,2,2,False
28,附件3_未对齐版本_28,E题数据/附件3-模态缺失特征样本/未对齐版本/附件3_未对齐版本_28.pkl,audio,interior_zero_candidate,152,155,3,0.006,0.304,0.31,0.756,2,2,3,False
28,附件3_未对齐版本_28,E题数据/附件3-模态缺失特征样本/未对齐版本/附件3_未对齐版本_28.pkl,audio,interior_zero_candidate,160,161,1,0.002,0.32,0.322,0.756,2,2,1,False
28,附件3_未对齐版本_28,E题数据/附件3-模态缺失特征样本/未对齐版本/附件3_未对齐版本_28.pkl,audio,interior_zero_candidate,162,163,1,0.002,0.324,0.326,0.756,2,2,1,False
28,附件3_未对齐版本_28,E题数据/附件3-模态缺失特征样本/未对齐版本/附件3_未对齐版本_28.pkl,audio,interior_zero_candidate,165,166,1,0.002,0.33,0.332,0.756,2,2,1,False
28,附件3_未对齐版本_28,E题数据/附件3-模态缺失特征样本/未对齐版本/附件3_未对齐版本_28.pkl,audio,interior_zero_candidate,169,171,2,0.004,0.338,0.342,0.756,2,2,2,False
28,附件3_未对齐版本_28,E题数据/附件3-模态缺失特征样本/未对齐版本/附件3_未对齐版本_28.pkl,audio,suffix_zero_ambiguous,175,500,325,0.65,0.35,1.0,0.756,2,2,0,False
29,附件3_未对齐版本_29,E题数据/附件3-模态缺失特征样本/未对齐版本/附件3_未对齐版本_29.pkl,audio,interior_zero_candidate,2,3,1,0.002,0.004,0.006,0.884,2,2,1,False
29,附件3_未对齐版本_29,E题数据/附件3-模态缺失特征样本/未对齐版本/附件3_未对齐版本_29.pkl,audio,interior_zero_candidate,6,7,1,0.002,0.012,0.014,0.884,2,2,1,False
29,附件3_未对齐版本_29,E题数据/附件3-模态缺失特征样本/未对齐版本/附件3_未对齐版本_29.pkl,audio,interior_zero_candidate,12,13,1,0.002,0.024,0.026,0.884,2,2,1,False
29,附件3_未对齐版本_29,E题数据/附件3-模态缺失特征样本/未对齐版本/附件3_未对齐版本_29.pkl,audio,interior_zero_candidate,14,15,1,0.002,0.028,0.03,0.884,2,2,1,False
29,附件3_未对齐版本_29,E题数据/附件3-模态缺失特征样本/未对齐版本/附件3_未对齐版本_29.pkl,audio,interior_zero_candidate,16,17,1,0.002,0.032,0.034,0.884,2,2,1,False
29,附件3_未对齐版本_29,E题数据/附件3-模态缺失特征样本/未对齐版本/附件3_未对齐版本_29.pkl,audio,interior_zero_candidate,21,22,1,0.002,0.042,0.044,0.884,2,2,1,False
29,附件3_未对齐版本_29,E题数据/附件3-模态缺失特征样本/未对齐版本/附件3_未对齐版本_29.pkl,audio,interior_zero_candidate,32,34,2,0.004,0.064,0.068,0.884,2,2,2,False
29,附件3_未对齐版本_29,E题数据/附件3-模态缺失特征样本/未对齐版本/附件3_未对齐版本_29.pkl,audio,interior_zero_candidate,36,37,1,0.002,0.072,0.074,0.884,2,2,1,False
29,附件3_未对齐版本_29,E题数据/附件3-模态缺失特征样本/未对齐版本/附件3_未对齐版本_29.pkl,audio,interior_zero_candidate,38,39,1,0.002,0.076,0.078,0.884,2,2,1,False
29,附件3_未对齐版本_29,E题数据/附件3-模态缺失特征样本/未对齐版本/附件3_未对齐版本_29.pkl,audio,interior_zero_candidate,42,44,2,0.004,0.084,0.088,0.884,2,2,2,False
29,附件3_未对齐版本_29,E题数据/附件3-模态缺失特征样本/未对齐版本/附件3_未对齐版本_29.pkl,audio,interior_zero_candidate,45,46,1,0.002,0.09,0.092,0.884,2,2,1,False
29,附件3_未对齐版本_29,E题数据/附件3-模态缺失特征样本/未对齐版本/附件3_未对齐版本_29.pkl,audio,interior_zero_candidate,51,53,2,0.004,0.102,0.106,0.884,2,2,2,False
29,附件3_未对齐版本_29,E题数据/附件3-模态缺失特征样本/未对齐版本/附件3_未对齐版本_29.pkl,audio,interior_zero_candidate,55,58,3,0.006,0.11,0.116,0.884,2,2,3,False
29,附件3_未对齐版本_29,E题数据/附件3-模态缺失特征样本/未对齐版本/附件3_未对齐版本_29.pkl,audio,interior_zero_candidate,59,62,3,0.006,0.118,0.124,0.884,2,2,3,False
29,附件3_未对齐版本_29,E题数据/附件3-模态缺失特征样本/未对齐版本/附件3_未对齐版本_29.pkl,audio,interior_zero_candidate,69,70,1,0.002,0.138,0.14,0.884,2,2,1,False
29,附件3_未对齐版本_29,E题数据/附件3-模态缺失特征样本/未对齐版本/附件3_未对齐版本_29.pkl,audio,interior_zero_candidate,71,72,1,0.002,0.142,0.144,0.884,2,2,1,False
29,附件3_未对齐版本_29,E题数据/附件3-模态缺失特征样本/未对齐版本/附件3_未对齐版本_29.pkl,audio,interior_zero_candidate,73,74,1,0.002,0.146,0.148,0.884,2,2,1,False
29,附件3_未对齐版本_29,E题数据/附件3-模态缺失特征样本/未对齐版本/附件3_未对齐版本_29.pkl,audio,interior_zero_candidate,75,78,3,0.006,0.15,0.156,0.884,2,2,3,False
29,附件3_未对齐版本_29,E题数据/附件3-模态缺失特征样本/未对齐版本/附件3_未对齐版本_29.pkl,audio,interior_zero_candidate,79,81,2,0.004,0.158,0.162,0.884,2,2,2,False
29,附件3_未对齐版本_29,E题数据/附件3-模态缺失特征样本/未对齐版本/附件3_未对齐版本_29.pkl,audio,interior_zero_candidate,85,87,2,0.004,0.17,0.174,0.884,2,2,2,False
29,附件3_未对齐版本_29,E题数据/附件3-模态缺失特征样本/未对齐版本/附件3_未对齐版本_29.pkl,audio,interior_zero_candidate,88,89,1,0.002,0.176,0.178,0.884,2,2,1,False
29,附件3_未对齐版本_29,E题数据/附件3-模态缺失特征样本/未对齐版本/附件3_未对齐版本_29.pkl,audio,suffix_zero_ambiguous,90,500,410,0.82,0.18,1.0,0.884,2,2,0,False
30,附件3_未对齐版本_30,E题数据/附件3-模态缺失特征样本/未对齐版本/附件3_未对齐版本_30.pkl,audio,interior_zero_candidate,4,5,1,0.002,0.008,0.01,0.824,2,2,1,False
30,附件3_未对齐版本_30,E题数据/附件3-模态缺失特征样本/未对齐版本/附件3_未对齐版本_30.pkl,audio,interior_zero_candidate,8,10,2,0.004,0.016,0.02,0.824,2,2,2,False
30,附件3_未对齐版本_30,E题数据/附件3-模态缺失特征样本/未对齐版本/附件3_未对齐版本_30.pkl,audio,interior_zero_candidate,16,18,2,0.004,0.032,0.036,0.824,2,2,2,False
30,附件3_未对齐版本_30,E题数据/附件3-模态缺失特征样本/未对齐版本/附件3_未对齐版本_30.pkl,audio,interior_zero_candidate,20,21,1,0.002,0.04,0.042,0.824,2,2,1,False
30,附件3_未对齐版本_30,E题数据/附件3-模态缺失特征样本/未对齐版本/附件3_未对齐版本_30.pkl,audio,interior_zero_candidate,22,23,1,0.002,0.044,0.046,0.824,2,2,1,False
30,附件3_未对齐版本_30,E题数据/附件3-模态缺失特征样本/未对齐版本/附件3_未对齐版本_30.pkl,audio,interior_zero_candidate,24,25,1,0.002,0.048,0.05,0.824,2,2,1,False
30,附件3_未对齐版本_30,E题数据/附件3-模态缺失特征样本/未对齐版本/附件3_未对齐版本_30.pkl,audio,interior_zero_candidate,27,30,3,0.006,0.054,0.06,0.824,2,2,3,False
30,附件3_未对齐版本_30,E题数据/附件3-模态缺失特征样本/未对齐版本/附件3_未对齐版本_30.pkl,audio,interior_zero_candidate,31,32,1,0.002,0.062,0.064,0.824,2,2,1,False
30,附件3_未对齐版本_30,E题数据/附件3-模态缺失特征样本/未对齐版本/附件3_未对齐版本_30.pkl,audio,interior_zero_candidate,34,35,1,0.002,0.068,0.07,0.824,2,2,1,False
30,附件3_未对齐版本_30,E题数据/附件3-模态缺失特征样本/未对齐版本/附件3_未对齐版本_30.pkl,audio,interior_zero_candidate,49,51,2,0.004,0.098,0.102,0.824,2,2,2,False
30,附件3_未对齐版本_30,E题数据/附件3-模态缺失特征样本/未对齐版本/附件3_未对齐版本_30.pkl,audio,interior_zero_candidate,52,53,1,0.002,0.104,0.106,0.824,2,2,1,False
30,附件3_未对齐版本_30,E题数据/附件3-模态缺失特征样本/未对齐版本/附件3_未对齐版本_30.pkl,audio,interior_zero_candidate,55,56,1,0.002,0.11,0.112,0.824,2,2,1,False
30,附件3_未对齐版本_30,E题数据/附件3-模态缺失特征样本/未对齐版本/附件3_未对齐版本_30.pkl,audio,interior_zero_candidate,62,63,1,0.002,0.124,0.126,0.824,2,2,1,False
30,附件3_未对齐版本_30,E题数据/附件3-模态缺失特征样本/未对齐版本/附件3_未对齐版本_30.pkl,audio,interior_zero_candidate,67,68,1,0.002,0.134,0.136,0.824,2,2,1,False
30,附件3_未对齐版本_30,E题数据/附件3-模态缺失特征样本/未对齐版本/附件3_未对齐版本_30.pkl,audio,interior_zero_candidate,69,70,1,0.002,0.138,0.14,0.824,2,2,1,False
30,附件3_未对齐版本_30,E题数据/附件3-模态缺失特征样本/未对齐版本/附件3_未对齐版本_30.pkl,audio,interior_zero_candidate,71,73,2,0.004,0.142,0.146,0.824,2,2,2,False
30,附件3_未对齐版本_30,E题数据/附件3-模态缺失特征样本/未对齐版本/附件3_未对齐版本_30.pkl,audio,interior_zero_candidate,74,75,1,0.002,0.148,0.15,0.824,2,2,1,False
30,附件3_未对齐版本_30,E题数据/附件3-模态缺失特征样本/未对齐版本/附件3_未对齐版本_30.pkl,audio,interior_zero_candidate,76,77,1,0.002,0.152,0.154,0.824,2,2,1,False
30,附件3_未对齐版本_30,E题数据/附件3-模态缺失特征样本/未对齐版本/附件3_未对齐版本_30.pkl,audio,interior_zero_candidate,82,83,1,0.002,0.164,0.166,0.824,2,2,1,False
30,附件3_未对齐版本_30,E题数据/附件3-模态缺失特征样本/未对齐版本/附件3_未对齐版本_30.pkl,audio,interior_zero_candidate,87,88,1,0.002,0.174,0.176,0.824,2,2,1,False
30,附件3_未对齐版本_30,E题数据/附件3-模态缺失特征样本/未对齐版本/附件3_未对齐版本_30.pkl,audio,interior_zero_candidate,95,96,1,0.002,0.19,0.192,0.824,2,2,1,False
30,附件3_未对齐版本_30,E题数据/附件3-模态缺失特征样本/未对齐版本/附件3_未对齐版本_30.pkl,audio,interior_zero_candidate,103,106,3,0.006,0.206,0.212,0.824,2,2,3,False
30,附件3_未对齐版本_30,E题数据/附件3-模态缺失特征样本/未对齐版本/附件3_未对齐版本_30.pkl,audio,interior_zero_candidate,111,112,1,0.002,0.222,0.224,0.824,2,2,1,False
30,附件3_未对齐版本_30,E题数据/附件3-模态缺失特征样本/未对齐版本/附件3_未对齐版本_30.pkl,audio,interior_zero_candidate,113,114,1,0.002,0.226,0.228,0.824,2,2,1,False
30,附件3_未对齐版本_30,E题数据/附件3-模态缺失特征样本/未对齐版本/附件3_未对齐版本_30.pkl,audio,interior_zero_candidate,116,117,1,0.002,0.232,0.234,0.824,2,2,1,False
30,附件3_未对齐版本_30,E题数据/附件3-模态缺失特征样本/未对齐版本/附件3_未对齐版本_30.pkl,audio,interior_zero_candidate,120,121,1,0.002,0.24,0.242,0.824,2,2,1,False
30,附件3_未对齐版本_30,E题数据/附件3-模态缺失特征样本/未对齐版本/附件3_未对齐版本_30.pkl,audio,suffix_zero_ambiguous,122,500,378,0.756,0.244,1.0,0.824,2,2,0,False
1,附件3_未对齐版本_01,E题数据/附件3-模态缺失特征样本/未对齐版本/附件3_未对齐版本_01.pkl,vision,interior_zero_candidate,3,5,2,0.004,0.006,0.01,0.934,2,2,2,False
1,附件3_未对齐版本_01,E题数据/附件3-模态缺失特征样本/未对齐版本/附件3_未对齐版本_01.pkl,vision,interior_zero_candidate,22,23,1,0.002,0.044,0.046,0.934,2,2,1,False
1,附件3_未对齐版本_01,E题数据/附件3-模态缺失特征样本/未对齐版本/附件3_未对齐版本_01.pkl,vision,interior_zero_candidate,29,30,1,0.002,0.058,0.06,0.934,2,2,1,False
1,附件3_未对齐版本_01,E题数据/附件3-模态缺失特征样本/未对齐版本/附件3_未对齐版本_01.pkl,vision,suffix_zero_ambiguous,37,500,463,0.926,0.074,1.0,0.934,2,2,0,False
2,附件3_未对齐版本_02,E题数据/附件3-模态缺失特征样本/未对齐版本/附件3_未对齐版本_02.pkl,vision,interior_zero_candidate,28,29,1,0.002,0.056,0.058,0.798,2,2,1,False
2,附件3_未对齐版本_02,E题数据/附件3-模态缺失特征样本/未对齐版本/附件3_未对齐版本_02.pkl,vision,interior_zero_candidate,35,36,1,0.002,0.07,0.072,0.798,2,2,1,False
2,附件3_未对齐版本_02,E题数据/附件3-模态缺失特征样本/未对齐版本/附件3_未对齐版本_02.pkl,vision,interior_zero_candidate,56,57,1,0.002,0.112,0.114,0.798,2,2,1,False
2,附件3_未对齐版本_02,E题数据/附件3-模态缺失特征样本/未对齐版本/附件3_未对齐版本_02.pkl,vision,interior_zero_candidate,63,65,2,0.004,0.126,0.13,0.798,2,2,2,False
2,附件3_未对齐版本_02,E题数据/附件3-模态缺失特征样本/未对齐版本/附件3_未对齐版本_02.pkl,vision,interior_zero_candidate,81,82,1,0.002,0.162,0.164,0.798,2,2,1,False
2,附件3_未对齐版本_02,E题数据/附件3-模态缺失特征样本/未对齐版本/附件3_未对齐版本_02.pkl,vision,interior_zero_candidate,98,99,1,0.002,0.196,0.198,0.798,2,2,1,False
2,附件3_未对齐版本_02,E题数据/附件3-模态缺失特征样本/未对齐版本/附件3_未对齐版本_02.pkl,vision,suffix_zero_ambiguous,108,500,392,0.784,0.216,1.0,0.798,2,2,0,False
3,附件3_未对齐版本_03,E题数据/附件3-模态缺失特征样本/未对齐版本/附件3_未对齐版本_03.pkl,vision,interior_zero_candidate,3,50,47,0.094,0.006,0.1,0.852,2,2,47,False
3,附件3_未对齐版本_03,E题数据/附件3-模态缺失特征样本/未对齐版本/附件3_未对齐版本_03.pkl,vision,interior_zero_candidate,57,58,1,0.002,0.114,0.116,0.852,2,2,1,False
3,附件3_未对齐版本_03,E题数据/附件3-模态缺失特征样本/未对齐版本/附件3_未对齐版本_03.pkl,vision,interior_zero_candidate,62,63,1,0.002,0.124,0.126,0.852,2,2,1,False
3,附件3_未对齐版本_03,E题数据/附件3-模态缺失特征样本/未对齐版本/附件3_未对齐版本_03.pkl,vision,interior_zero_candidate,78,79,1,0.002,0.156,0.158,0.852,2,2,1,False
3,附件3_未对齐版本_03,E题数据/附件3-模态缺失特征样本/未对齐版本/附件3_未对齐版本_03.pkl,vision,interior_zero_candidate,81,82,1,0.002,0.162,0.164,0.852,2,2,1,False
3,附件3_未对齐版本_03,E题数据/附件3-模态缺失特征样本/未对齐版本/附件3_未对齐版本_03.pkl,vision,interior_zero_candidate,90,108,18,0.036,0.18,0.216,0.852,2,2,18,False
3,附件3_未对齐版本_03,E题数据/附件3-模态缺失特征样本/未对齐版本/附件3_未对齐版本_03.pkl,vision,interior_zero_candidate,127,128,1,0.002,0.254,0.256,0.852,2,2,1,False
3,附件3_未对齐版本_03,E题数据/附件3-模态缺失特征样本/未对齐版本/附件3_未对齐版本_03.pkl,vision,interior_zero_candidate,135,136,1,0.002,0.27,0.272,0.852,2,2,1,False
3,附件3_未对齐版本_03,E题数据/附件3-模态缺失特征样本/未对齐版本/附件3_未对齐版本_03.pkl,vision,interior_zero_candidate,137,138,1,0.002,0.274,0.276,0.852,2,2,1,False
3,附件3_未对齐版本_03,E题数据/附件3-模态缺失特征样本/未对齐版本/附件3_未对齐版本_03.pkl,vision,interior_zero_candidate,140,141,1,0.002,0.28,0.282,0.852,2,2,1,False
3,附件3_未对齐版本_03,E题数据/附件3-模态缺失特征样本/未对齐版本/附件3_未对齐版本_03.pkl,vision,suffix_zero_ambiguous,147,500,353,0.706,0.294,1.0,0.852,2,2,0,False
4,附件3_未对齐版本_04,E题数据/附件3-模态缺失特征样本/未对齐版本/附件3_未对齐版本_04.pkl,vision,interior_zero_candidate,5,6,1,0.002,0.01,0.012,0.664,2,2,1,False
4,附件3_未对齐版本_04,E题数据/附件3-模态缺失特征样本/未对齐版本/附件3_未对齐版本_04.pkl,vision,interior_zero_candidate,21,22,1,0.002,0.042,0.044,0.664,2,2,1,False
4,附件3_未对齐版本_04,E题数据/附件3-模态缺失特征样本/未对齐版本/附件3_未对齐版本_04.pkl,vision,interior_zero_candidate,59,60,1,0.002,0.118,0.12,0.664,2,2,1,False
4,附件3_未对齐版本_04,E题数据/附件3-模态缺失特征样本/未对齐版本/附件3_未对齐版本_04.pkl,vision,interior_zero_candidate,65,66,1,0.002,0.13,0.132,0.664,2,2,1,False
4,附件3_未对齐版本_04,E题数据/附件3-模态缺失特征样本/未对齐版本/附件3_未对齐版本_04.pkl,vision,interior_zero_candidate,73,74,1,0.002,0.146,0.148,0.664,2,2,1,False
4,附件3_未对齐版本_04,E题数据/附件3-模态缺失特征样本/未对齐版本/附件3_未对齐版本_04.pkl,vision,interior_zero_candidate,83,84,1,0.002,0.166,0.168,0.664,2,2,1,False
4,附件3_未对齐版本_04,E题数据/附件3-模态缺失特征样本/未对齐版本/附件3_未对齐版本_04.pkl,vision,interior_zero_candidate,89,90,1,0.002,0.178,0.18,0.664,2,2,1,False
4,附件3_未对齐版本_04,E题数据/附件3-模态缺失特征样本/未对齐版本/附件3_未对齐版本_04.pkl,vision,interior_zero_candidate,110,111,1,0.002,0.22,0.222,0.664,2,2,1,False
4,附件3_未对齐版本_04,E题数据/附件3-模态缺失特征样本/未对齐版本/附件3_未对齐版本_04.pkl,vision,interior_zero_candidate,116,117,1,0.002,0.232,0.234,0.664,2,2,1,False
4,附件3_未对齐版本_04,E题数据/附件3-模态缺失特征样本/未对齐版本/附件3_未对齐版本_04.pkl,vision,interior_zero_candidate,119,120,1,0.002,0.238,0.24,0.664,2,2,1,False
4,附件3_未对齐版本_04,E题数据/附件3-模态缺失特征样本/未对齐版本/附件3_未对齐版本_04.pkl,vision,interior_zero_candidate,147,148,1,0.002,0.294,0.296,0.664,2,2,1,False
4,附件3_未对齐版本_04,E题数据/附件3-模态缺失特征样本/未对齐版本/附件3_未对齐版本_04.pkl,vision,interior_zero_candidate,149,151,2,0.004,0.298,0.302,0.664,2,2,2,False
4,附件3_未对齐版本_04,E题数据/附件3-模态缺失特征样本/未对齐版本/附件3_未对齐版本_04.pkl,vision,interior_zero_candidate,168,169,1,0.002,0.336,0.338,0.664,2,2,1,False
4,附件3_未对齐版本_04,E题数据/附件3-模态缺失特征样本/未对齐版本/附件3_未对齐版本_04.pkl,vision,suffix_zero_ambiguous,182,500,318,0.636,0.364,1.0,0.664,2,2,0,False
5,附件3_未对齐版本_05,E题数据/附件3-模态缺失特征样本/未对齐版本/附件3_未对齐版本_05.pkl,vision,interior_zero_candidate,31,33,2,0.004,0.062,0.066,0.876,2,2,2,False
5,附件3_未对齐版本_05,E题数据/附件3-模态缺失特征样本/未对齐版本/附件3_未对齐版本_05.pkl,vision,interior_zero_candidate,34,35,1,0.002,0.068,0.07,0.876,2,2,1,False
5,附件3_未对齐版本_05,E题数据/附件3-模态缺失特征样本/未对齐版本/附件3_未对齐版本_05.pkl,vision,interior_zero_candidate,45,46,1,0.002,0.09,0.092,0.876,2,2,1,False
5,附件3_未对齐版本_05,E题数据/附件3-模态缺失特征样本/未对齐版本/附件3_未对齐版本_05.pkl,vision,interior_zero_candidate,59,60,1,0.002,0.118,0.12,0.876,2,2,1,False
5,附件3_未对齐版本_05,E题数据/附件3-模态缺失特征样本/未对齐版本/附件3_未对齐版本_05.pkl,vision,interior_zero_candidate,63,64,1,0.002,0.126,0.128,0.876,2,2,1,False
5,附件3_未对齐版本_05,E题数据/附件3-模态缺失特征样本/未对齐版本/附件3_未对齐版本_05.pkl,vision,interior_zero_candidate,67,68,1,0.002,0.134,0.136,0.876,2,2,1,False
5,附件3_未对齐版本_05,E题数据/附件3-模态缺失特征样本/未对齐版本/附件3_未对齐版本_05.pkl,vision,suffix_zero_ambiguous,69,500,431,0.862,0.138,1.0,0.876,2,2,0,False
6,附件3_未对齐版本_06,E题数据/附件3-模态缺失特征样本/未对齐版本/附件3_未对齐版本_06.pkl,vision,interior_zero_candidate,18,19,1,0.002,0.036,0.038,0.878,2,2,1,False
6,附件3_未对齐版本_06,E题数据/附件3-模态缺失特征样本/未对齐版本/附件3_未对齐版本_06.pkl,vision,interior_zero_candidate,46,47,1,0.002,0.092,0.094,0.878,2,2,1,False
6,附件3_未对齐版本_06,E题数据/附件3-模态缺失特征样本/未对齐版本/附件3_未对齐版本_06.pkl,vision,interior_zero_candidate,56,58,2,0.004,0.112,0.116,0.878,2,2,2,False
6,附件3_未对齐版本_06,E题数据/附件3-模态缺失特征样本/未对齐版本/附件3_未对齐版本_06.pkl,vision,suffix_zero_ambiguous,65,500,435,0.87,0.13,1.0,0.878,2,2,0,False
7,附件3_未对齐版本_07,E题数据/附件3-模态缺失特征样本/未对齐版本/附件3_未对齐版本_07.pkl,vision,prefix_zero_ambiguous,0,1,1,0.002,0.0,0.002,0.76,2,2,0,False
7,附件3_未对齐版本_07,E题数据/附件3-模态缺失特征样本/未对齐版本/附件3_未对齐版本_07.pkl,vision,interior_zero_candidate,4,5,1,0.002,0.008,0.01,0.76,2,2,1,False
7,附件3_未对齐版本_07,E题数据/附件3-模态缺失特征样本/未对齐版本/附件3_未对齐版本_07.pkl,vision,interior_zero_candidate,6,7,1,0.002,0.012,0.014,0.76,2,2,1,False
7,附件3_未对齐版本_07,E题数据/附件3-模态缺失特征样本/未对齐版本/附件3_未对齐版本_07.pkl,vision,interior_zero_candidate,15,16,1,0.002,0.03,0.032,0.76,2,2,1,False
7,附件3_未对齐版本_07,E题数据/附件3-模态缺失特征样本/未对齐版本/附件3_未对齐版本_07.pkl,vision,interior_zero_candidate,29,30,1,0.002,0.058,0.06,0.76,2,2,1,False
7,附件3_未对齐版本_07,E题数据/附件3-模态缺失特征样本/未对齐版本/附件3_未对齐版本_07.pkl,vision,interior_zero_candidate,33,34,1,0.002,0.066,0.068,0.76,2,2,1,False
7,附件3_未对齐版本_07,E题数据/附件3-模态缺失特征样本/未对齐版本/附件3_未对齐版本_07.pkl,vision,interior_zero_candidate,37,38,1,0.002,0.074,0.076,0.76,2,2,1,False
7,附件3_未对齐版本_07,E题数据/附件3-模态缺失特征样本/未对齐版本/附件3_未对齐版本_07.pkl,vision,interior_zero_candidate,45,46,1,0.002,0.09,0.092,0.76,2,2,1,False
7,附件3_未对齐版本_07,E题数据/附件3-模态缺失特征样本/未对齐版本/附件3_未对齐版本_07.pkl,vision,interior_zero_candidate,50,51,1,0.002,0.1,0.102,0.76,2,2,1,False
7,附件3_未对齐版本_07,E题数据/附件3-模态缺失特征样本/未对齐版本/附件3_未对齐版本_07.pkl,vision,interior_zero_candidate,94,95,1,0.002,0.188,0.19,0.76,2,2,1,False
7,附件3_未对齐版本_07,E题数据/附件3-模态缺失特征样本/未对齐版本/附件3_未对齐版本_07.pkl,vision,interior_zero_candidate,101,102,1,0.002,0.202,0.204,0.76,2,2,1,False
7,附件3_未对齐版本_07,E题数据/附件3-模态缺失特征样本/未对齐版本/附件3_未对齐版本_07.pkl,vision,interior_zero_candidate,107,108,1,0.002,0.214,0.216,0.76,2,2,1,False
7,附件3_未对齐版本_07,E题数据/附件3-模态缺失特征样本/未对齐版本/附件3_未对齐版本_07.pkl,vision,interior_zero_candidate,112,113,1,0.002,0.224,0.226,0.76,2,2,1,False
7,附件3_未对齐版本_07,E题数据/附件3-模态缺失特征样本/未对齐版本/附件3_未对齐版本_07.pkl,vision,interior_zero_candidate,118,119,1,0.002,0.236,0.238,0.76,2,2,1,False
7,附件3_未对齐版本_07,E题数据/附件3-模态缺失特征样本/未对齐版本/附件3_未对齐版本_07.pkl,vision,interior_zero_candidate,120,121,1,0.002,0.24,0.242,0.76,2,2,1,False
7,附件3_未对齐版本_07,E题数据/附件3-模态缺失特征样本/未对齐版本/附件3_未对齐版本_07.pkl,vision,interior_zero_candidate,130,131,1,0.002,0.26,0.262,0.76,2,2,1,False
7,附件3_未对齐版本_07,E题数据/附件3-模态缺失特征样本/未对齐版本/附件3_未对齐版本_07.pkl,vision,suffix_zero_ambiguous,136,500,364,0.728,0.272,1.0,0.76,2,2,0,False
8,附件3_未对齐版本_08,E题数据/附件3-模态缺失特征样本/未对齐版本/附件3_未对齐版本_08.pkl,vision,interior_zero_candidate,2,3,1,0.002,0.004,0.006,0.876,2,2,1,False
8,附件3_未对齐版本_08,E题数据/附件3-模态缺失特征样本/未对齐版本/附件3_未对齐版本_08.pkl,vision,interior_zero_candidate,36,37,1,0.002,0.072,0.074,0.876,2,2,1,False
8,附件3_未对齐版本_08,E题数据/附件3-模态缺失特征样本/未对齐版本/附件3_未对齐版本_08.pkl,vision,interior_zero_candidate,40,41,1,0.002,0.08,0.082,0.876,2,2,1,False
8,附件3_未对齐版本_08,E题数据/附件3-模态缺失特征样本/未对齐版本/附件3_未对齐版本_08.pkl,vision,interior_zero_candidate,54,55,1,0.002,0.108,0.11,0.876,2,2,1,False
8,附件3_未对齐版本_08,E题数据/附件3-模态缺失特征样本/未对齐版本/附件3_未对齐版本_08.pkl,vision,interior_zero_candidate,57,58,1,0.002,0.114,0.116,0.876,2,2,1,False
8,附件3_未对齐版本_08,E题数据/附件3-模态缺失特征样本/未对齐版本/附件3_未对齐版本_08.pkl,vision,interior_zero_candidate,64,66,2,0.004,0.128,0.132,0.876,2,2,2,False
8,附件3_未对齐版本_08,E题数据/附件3-模态缺失特征样本/未对齐版本/附件3_未对齐版本_08.pkl,vision,suffix_zero_ambiguous,69,500,431,0.862,0.138,1.0,0.876,2,2,0,False
9,附件3_未对齐版本_09,E题数据/附件3-模态缺失特征样本/未对齐版本/附件3_未对齐版本_09.pkl,vision,interior_zero_candidate,12,13,1,0.002,0.024,0.026,0.874,2,2,1,False
9,附件3_未对齐版本_09,E题数据/附件3-模态缺失特征样本/未对齐版本/附件3_未对齐版本_09.pkl,vision,interior_zero_candidate,28,29,1,0.002,0.056,0.058,0.874,2,2,1,False
9,附件3_未对齐版本_09,E题数据/附件3-模态缺失特征样本/未对齐版本/附件3_未对齐版本_09.pkl,vision,interior_zero_candidate,48,49,1,0.002,0.096,0.098,0.874,2,2,1,False
9,附件3_未对齐版本_09,E题数据/附件3-模态缺失特征样本/未对齐版本/附件3_未对齐版本_09.pkl,vision,interior_zero_candidate,57,58,1,0.002,0.114,0.116,0.874,2,2,1,False
9,附件3_未对齐版本_09,E题数据/附件3-模态缺失特征样本/未对齐版本/附件3_未对齐版本_09.pkl,vision,interior_zero_candidate,63,64,1,0.002,0.126,0.128,0.874,2,2,1,False
9,附件3_未对齐版本_09,E题数据/附件3-模态缺失特征样本/未对齐版本/附件3_未对齐版本_09.pkl,vision,suffix_zero_ambiguous,68,500,432,0.864,0.136,1.0,0.874,2,2,0,False
10,附件3_未对齐版本_10,E题数据/附件3-模态缺失特征样本/未对齐版本/附件3_未对齐版本_10.pkl,vision,interior_zero_candidate,6,7,1,0.002,0.012,0.014,0.922,2,2,1,False
10,附件3_未对齐版本_10,E题数据/附件3-模态缺失特征样本/未对齐版本/附件3_未对齐版本_10.pkl,vision,interior_zero_candidate,15,16,1,0.002,0.03,0.032,0.922,2,2,1,False
10,附件3_未对齐版本_10,E题数据/附件3-模态缺失特征样本/未对齐版本/附件3_未对齐版本_10.pkl,vision,interior_zero_candidate,17,18,1,0.002,0.034,0.036,0.922,2,2,1,False
10,附件3_未对齐版本_10,E题数据/附件3-模态缺失特征样本/未对齐版本/附件3_未对齐版本_10.pkl,vision,interior_zero_candidate,37,38,1,0.002,0.074,0.076,0.922,2,2,1,False
10,附件3_未对齐版本_10,E题数据/附件3-模态缺失特征样本/未对齐版本/附件3_未对齐版本_10.pkl,vision,suffix_zero_ambiguous,43,500,457,0.914,0.086,1.0,0.922,2,2,0,False
11,附件3_未对齐版本_11,E题数据/附件3-模态缺失特征样本/未对齐版本/附件3_未对齐版本_11.pkl,vision,interior_zero_candidate,3,4,1,0.002,0.006,0.008,0.93,2,2,1,False
11,附件3_未对齐版本_11,E题数据/附件3-模态缺失特征样本/未对齐版本/附件3_未对齐版本_11.pkl,vision,interior_zero_candidate,7,9,2,0.004,0.014,0.018,0.93,2,2,2,False
11,附件3_未对齐版本_11,E题数据/附件3-模态缺失特征样本/未对齐版本/附件3_未对齐版本_11.pkl,vision,interior_zero_candidate,14,15,1,0.002,0.028,0.03,0.93,2,2,1,False
11,附件3_未对齐版本_11,E题数据/附件3-模态缺失特征样本/未对齐版本/附件3_未对齐版本_11.pkl,vision,interior_zero_candidate,20,21,1,0.002,0.04,0.042,0.93,2,2,1,False
11,附件3_未对齐版本_11,E题数据/附件3-模态缺失特征样本/未对齐版本/附件3_未对齐版本_11.pkl,vision,interior_zero_candidate,22,25,3,0.006,0.044,0.05,0.93,2,2,3,False
11,附件3_未对齐版本_11,E题数据/附件3-模态缺失特征样本/未对齐版本/附件3_未对齐版本_11.pkl,vision,interior_zero_candidate,28,29,1,0.002,0.056,0.058,0.93,2,2,1,False
11,附件3_未对齐版本_11,E题数据/附件3-模态缺失特征样本/未对齐版本/附件3_未对齐版本_11.pkl,vision,interior_zero_candidate,39,40,1,0.002,0.078,0.08,0.93,2,2,1,False
11,附件3_未对齐版本_11,E题数据/附件3-模态缺失特征样本/未对齐版本/附件3_未对齐版本_11.pkl,vision,interior_zero_candidate,44,45,1,0.002,0.088,0.09,0.93,2,2,1,False
11,附件3_未对齐版本_11,E题数据/附件3-模态缺失特征样本/未对齐版本/附件3_未对齐版本_11.pkl,vision,suffix_zero_ambiguous,46,500,454,0.908,0.092,1.0,0.93,2,2,0,False
12,附件3_未对齐版本_12,E题数据/附件3-模态缺失特征样本/未对齐版本/附件3_未对齐版本_12.pkl,vision,interior_zero_candidate,8,10,2,0.004,0.016,0.02,0.876,2,2,2,False
12,附件3_未对齐版本_12,E题数据/附件3-模态缺失特征样本/未对齐版本/附件3_未对齐版本_12.pkl,vision,interior_zero_candidate,16,18,2,0.004,0.032,0.036,0.876,2,2,2,False
12,附件3_未对齐版本_12,E题数据/附件3-模态缺失特征样本/未对齐版本/附件3_未对齐版本_12.pkl,vision,interior_zero_candidate,19,21,2,0.004,0.038,0.042,0.876,2,2,2,False
12,附件3_未对齐版本_12,E题数据/附件3-模态缺失特征样本/未对齐版本/附件3_未对齐版本_12.pkl,vision,interior_zero_candidate,24,26,2,0.004,0.048,0.052,0.876,2,2,2,False
12,附件3_未对齐版本_12,E题数据/附件3-模态缺失特征样本/未对齐版本/附件3_未对齐版本_12.pkl,vision,interior_zero_candidate,30,31,1,0.002,0.06,0.062,0.876,2,2,1,False
12,附件3_未对齐版本_12,E题数据/附件3-模态缺失特征样本/未对齐版本/附件3_未对齐版本_12.pkl,vision,interior_zero_candidate,32,34,2,0.004,0.064,0.068,0.876,2,2,2,False
12,附件3_未对齐版本_12,E题数据/附件3-模态缺失特征样本/未对齐版本/附件3_未对齐版本_12.pkl,vision,interior_zero_candidate,36,37,1,0.002,0.072,0.074,0.876,2,2,1,False
12,附件3_未对齐版本_12,E题数据/附件3-模态缺失特征样本/未对齐版本/附件3_未对齐版本_12.pkl,vision,interior_zero_candidate,45,46,1,0.002,0.09,0.092,0.876,2,2,1,False
12,附件3_未对齐版本_12,E题数据/附件3-模态缺失特征样本/未对齐版本/附件3_未对齐版本_12.pkl,vision,interior_zero_candidate,49,50,1,0.002,0.098,0.1,0.876,2,2,1,False
12,附件3_未对齐版本_12,E题数据/附件3-模态缺失特征样本/未对齐版本/附件3_未对齐版本_12.pkl,vision,interior_zero_candidate,53,54,1,0.002,0.106,0.108,0.876,2,2,1,False
12,附件3_未对齐版本_12,E题数据/附件3-模态缺失特征样本/未对齐版本/附件3_未对齐版本_12.pkl,vision,interior_zero_candidate,67,68,1,0.002,0.134,0.136,0.876,2,2,1,False
12,附件3_未对齐版本_12,E题数据/附件3-模态缺失特征样本/未对齐版本/附件3_未对齐版本_12.pkl,vision,interior_zero_candidate,71,72,1,0.002,0.142,0.144,0.876,2,2,1,False
12,附件3_未对齐版本_12,E题数据/附件3-模态缺失特征样本/未对齐版本/附件3_未对齐版本_12.pkl,vision,suffix_zero_ambiguous,79,500,421,0.842,0.158,1.0,0.876,2,2,0,False
13,附件3_未对齐版本_13,E题数据/附件3-模态缺失特征样本/未对齐版本/附件3_未对齐版本_13.pkl,vision,interior_zero_candidate,5,6,1,0.002,0.01,0.012,0.834,2,2,1,False
13,附件3_未对齐版本_13,E题数据/附件3-模态缺失特征样本/未对齐版本/附件3_未对齐版本_13.pkl,vision,interior_zero_candidate,14,15,1,0.002,0.028,0.03,0.834,2,2,1,False
13,附件3_未对齐版本_13,E题数据/附件3-模态缺失特征样本/未对齐版本/附件3_未对齐版本_13.pkl,vision,interior_zero_candidate,16,17,1,0.002,0.032,0.034,0.834,2,2,1,False
13,附件3_未对齐版本_13,E题数据/附件3-模态缺失特征样本/未对齐版本/附件3_未对齐版本_13.pkl,vision,interior_zero_candidate,21,22,1,0.002,0.042,0.044,0.834,2,2,1,False
13,附件3_未对齐版本_13,E题数据/附件3-模态缺失特征样本/未对齐版本/附件3_未对齐版本_13.pkl,vision,interior_zero_candidate,27,28,1,0.002,0.054,0.056,0.834,2,2,1,False
13,附件3_未对齐版本_13,E题数据/附件3-模态缺失特征样本/未对齐版本/附件3_未对齐版本_13.pkl,vision,interior_zero_candidate,33,34,1,0.002,0.066,0.068,0.834,2,2,1,False
13,附件3_未对齐版本_13,E题数据/附件3-模态缺失特征样本/未对齐版本/附件3_未对齐版本_13.pkl,vision,interior_zero_candidate,35,37,2,0.004,0.07,0.074,0.834,2,2,2,False
13,附件3_未对齐版本_13,E题数据/附件3-模态缺失特征样本/未对齐版本/附件3_未对齐版本_13.pkl,vision,interior_zero_candidate,46,47,1,0.002,0.092,0.094,0.834,2,2,1,False
13,附件3_未对齐版本_13,E题数据/附件3-模态缺失特征样本/未对齐版本/附件3_未对齐版本_13.pkl,vision,interior_zero_candidate,48,49,1,0.002,0.096,0.098,0.834,2,2,1,False
13,附件3_未对齐版本_13,E题数据/附件3-模态缺失特征样本/未对齐版本/附件3_未对齐版本_13.pkl,vision,interior_zero_candidate,50,51,1,0.002,0.1,0.102,0.834,2,2,1,False
13,附件3_未对齐版本_13,E题数据/附件3-模态缺失特征样本/未对齐版本/附件3_未对齐版本_13.pkl,vision,interior_zero_candidate,54,55,1,0.002,0.108,0.11,0.834,2,2,1,False
13,附件3_未对齐版本_13,E题数据/附件3-模态缺失特征样本/未对齐版本/附件3_未对齐版本_13.pkl,vision,interior_zero_candidate,56,57,1,0.002,0.112,0.114,0.834,2,2,1,False
13,附件3_未对齐版本_13,E题数据/附件3-模态缺失特征样本/未对齐版本/附件3_未对齐版本_13.pkl,vision,interior_zero_candidate,63,64,1,0.002,0.126,0.128,0.834,2,2,1,False
13,附件3_未对齐版本_13,E题数据/附件3-模态缺失特征样本/未对齐版本/附件3_未对齐版本_13.pkl,vision,interior_zero_candidate,65,66,1,0.002,0.13,0.132,0.834,2,2,1,False
13,附件3_未对齐版本_13,E题数据/附件3-模态缺失特征样本/未对齐版本/附件3_未对齐版本_13.pkl,vision,interior_zero_candidate,67,68,1,0.002,0.134,0.136,0.834,2,2,1,False
13,附件3_未对齐版本_13,E题数据/附件3-模态缺失特征样本/未对齐版本/附件3_未对齐版本_13.pkl,vision,interior_zero_candidate,77,78,1,0.002,0.154,0.156,0.834,2,2,1,False
13,附件3_未对齐版本_13,E题数据/附件3-模态缺失特征样本/未对齐版本/附件3_未对齐版本_13.pkl,vision,interior_zero_candidate,97,99,2,0.004,0.194,0.198,0.834,2,2,2,False
13,附件3_未对齐版本_13,E题数据/附件3-模态缺失特征样本/未对齐版本/附件3_未对齐版本_13.pkl,vision,suffix_zero_ambiguous,102,500,398,0.796,0.204,1.0,0.834,2,2,0,False
14,附件3_未对齐版本_14,E题数据/附件3-模态缺失特征样本/未对齐版本/附件3_未对齐版本_14.pkl,vision,interior_zero_candidate,3,4,1,0.002,0.006,0.008,0.828,2,2,1,False
14,附件3_未对齐版本_14,E题数据/附件3-模态缺失特征样本/未对齐版本/附件3_未对齐版本_14.pkl,vision,interior_zero_candidate,5,6,1,0.002,0.01,0.012,0.828,2,2,1,False
14,附件3_未对齐版本_14,E题数据/附件3-模态缺失特征样本/未对齐版本/附件3_未对齐版本_14.pkl,vision,interior_zero_candidate,7,8,1,0.002,0.014,0.016,0.828,2,2,1,False
14,附件3_未对齐版本_14,E题数据/附件3-模态缺失特征样本/未对齐版本/附件3_未对齐版本_14.pkl,vision,interior_zero_candidate,16,17,1,0.002,0.032,0.034,0.828,2,2,1,False
14,附件3_未对齐版本_14,E题数据/附件3-模态缺失特征样本/未对齐版本/附件3_未对齐版本_14.pkl,vision,interior_zero_candidate,25,26,1,0.002,0.05,0.052,0.828,2,2,1,False
14,附件3_未对齐版本_14,E题数据/附件3-模态缺失特征样本/未对齐版本/附件3_未对齐版本_14.pkl,vision,interior_zero_candidate,28,29,1,0.002,0.056,0.058,0.828,2,2,1,False
14,附件3_未对齐版本_14,E题数据/附件3-模态缺失特征样本/未对齐版本/附件3_未对齐版本_14.pkl,vision,interior_zero_candidate,30,32,2,0.004,0.06,0.064,0.828,2,2,2,False
14,附件3_未对齐版本_14,E题数据/附件3-模态缺失特征样本/未对齐版本/附件3_未对齐版本_14.pkl,vision,interior_zero_candidate,39,40,1,0.002,0.078,0.08,0.828,2,2,1,False
14,附件3_未对齐版本_14,E题数据/附件3-模态缺失特征样本/未对齐版本/附件3_未对齐版本_14.pkl,vision,interior_zero_candidate,47,48,1,0.002,0.094,0.096,0.828,2,2,1,False
14,附件3_未对齐版本_14,E题数据/附件3-模态缺失特征样本/未对齐版本/附件3_未对齐版本_14.pkl,vision,interior_zero_candidate,50,51,1,0.002,0.1,0.102,0.828,2,2,1,False
14,附件3_未对齐版本_14,E题数据/附件3-模态缺失特征样本/未对齐版本/附件3_未对齐版本_14.pkl,vision,interior_zero_candidate,53,54,1,0.002,0.106,0.108,0.828,2,2,1,False
14,附件3_未对齐版本_14,E题数据/附件3-模态缺失特征样本/未对齐版本/附件3_未对齐版本_14.pkl,vision,interior_zero_candidate,64,65,1,0.002,0.128,0.13,0.828,2,2,1,False
14,附件3_未对齐版本_14,E题数据/附件3-模态缺失特征样本/未对齐版本/附件3_未对齐版本_14.pkl,vision,interior_zero_candidate,67,68,1,0.002,0.134,0.136,0.828,2,2,1,False
14,附件3_未对齐版本_14,E题数据/附件3-模态缺失特征样本/未对齐版本/附件3_未对齐版本_14.pkl,vision,interior_zero_candidate,76,77,1,0.002,0.152,0.154,0.828,2,2,1,False
14,附件3_未对齐版本_14,E题数据/附件3-模态缺失特征样本/未对齐版本/附件3_未对齐版本_14.pkl,vision,interior_zero_candidate,82,83,1,0.002,0.164,0.166,0.828,2,2,1,False
14,附件3_未对齐版本_14,E题数据/附件3-模态缺失特征样本/未对齐版本/附件3_未对齐版本_14.pkl,vision,interior_zero_candidate,89,91,2,0.004,0.178,0.182,0.828,2,2,2,False
14,附件3_未对齐版本_14,E题数据/附件3-模态缺失特征样本/未对齐版本/附件3_未对齐版本_14.pkl,vision,interior_zero_candidate,99,100,1,0.002,0.198,0.2,0.828,2,2,1,False
14,附件3_未对齐版本_14,E题数据/附件3-模态缺失特征样本/未对齐版本/附件3_未对齐版本_14.pkl,vision,suffix_zero_ambiguous,105,500,395,0.79,0.21,1.0,0.828,2,2,0,False
15,附件3_未对齐版本_15,E题数据/附件3-模态缺失特征样本/未对齐版本/附件3_未对齐版本_15.pkl,vision,interior_zero_candidate,3,5,2,0.004,0.006,0.01,0.842,2,2,2,False
15,附件3_未对齐版本_15,E题数据/附件3-模态缺失特征样本/未对齐版本/附件3_未对齐版本_15.pkl,vision,interior_zero_candidate,8,9,1,0.002,0.016,0.018,0.842,2,2,1,False
15,附件3_未对齐版本_15,E题数据/附件3-模态缺失特征样本/未对齐版本/附件3_未对齐版本_15.pkl,vision,interior_zero_candidate,11,14,3,0.006,0.022,0.028,0.842,2,2,3,False
15,附件3_未对齐版本_15,E题数据/附件3-模态缺失特征样本/未对齐版本/附件3_未对齐版本_15.pkl,vision,interior_zero_candidate,20,21,1,0.002,0.04,0.042,0.842,2,2,1,False
15,附件3_未对齐版本_15,E题数据/附件3-模态缺失特征样本/未对齐版本/附件3_未对齐版本_15.pkl,vision,interior_zero_candidate,24,25,1,0.002,0.048,0.05,0.842,2,2,1,False
15,附件3_未对齐版本_15,E题数据/附件3-模态缺失特征样本/未对齐版本/附件3_未对齐版本_15.pkl,vision,interior_zero_candidate,26,27,1,0.002,0.052,0.054,0.842,2,2,1,False
15,附件3_未对齐版本_15,E题数据/附件3-模态缺失特征样本/未对齐版本/附件3_未对齐版本_15.pkl,vision,interior_zero_candidate,33,35,2,0.004,0.066,0.07,0.842,2,2,2,False
15,附件3_未对齐版本_15,E题数据/附件3-模态缺失特征样本/未对齐版本/附件3_未对齐版本_15.pkl,vision,interior_zero_candidate,36,37,1,0.002,0.072,0.074,0.842,2,2,1,False
15,附件3_未对齐版本_15,E题数据/附件3-模态缺失特征样本/未对齐版本/附件3_未对齐版本_15.pkl,vision,interior_zero_candidate,44,45,1,0.002,0.088,0.09,0.842,2,2,1,False
15,附件3_未对齐版本_15,E题数据/附件3-模态缺失特征样本/未对齐版本/附件3_未对齐版本_15.pkl,vision,interior_zero_candidate,51,53,2,0.004,0.102,0.106,0.842,2,2,2,False
15,附件3_未对齐版本_15,E题数据/附件3-模态缺失特征样本/未对齐版本/附件3_未对齐版本_15.pkl,vision,interior_zero_candidate,61,62,1,0.002,0.122,0.124,0.842,2,2,1,False
15,附件3_未对齐版本_15,E题数据/附件3-模态缺失特征样本/未对齐版本/附件3_未对齐版本_15.pkl,vision,interior_zero_candidate,66,67,1,0.002,0.132,0.134,0.842,2,2,1,False
15,附件3_未对齐版本_15,E题数据/附件3-模态缺失特征样本/未对齐版本/附件3_未对齐版本_15.pkl,vision,interior_zero_candidate,68,69,1,0.002,0.136,0.138,0.842,2,2,1,False
15,附件3_未对齐版本_15,E题数据/附件3-模态缺失特征样本/未对齐版本/附件3_未对齐版本_15.pkl,vision,interior_zero_candidate,70,71,1,0.002,0.14,0.142,0.842,2,2,1,False
15,附件3_未对齐版本_15,E题数据/附件3-模态缺失特征样本/未对齐版本/附件3_未对齐版本_15.pkl,vision,interior_zero_candidate,73,74,1,0.002,0.146,0.148,0.842,2,2,1,False
15,附件3_未对齐版本_15,E题数据/附件3-模态缺失特征样本/未对齐版本/附件3_未对齐版本_15.pkl,vision,interior_zero_candidate,84,85,1,0.002,0.168,0.17,0.842,2,2,1,False
15,附件3_未对齐版本_15,E题数据/附件3-模态缺失特征样本/未对齐版本/附件3_未对齐版本_15.pkl,vision,interior_zero_candidate,94,96,2,0.004,0.188,0.192,0.842,2,2,2,False
15,附件3_未对齐版本_15,E题数据/附件3-模态缺失特征样本/未对齐版本/附件3_未对齐版本_15.pkl,vision,suffix_zero_ambiguous,102,500,398,0.796,0.204,1.0,0.842,2,2,0,False
16,附件3_未对齐版本_16,E题数据/附件3-模态缺失特征样本/未对齐版本/附件3_未对齐版本_16.pkl,vision,prefix_zero_ambiguous,0,1,1,0.002,0.0,0.002,0.714,2,2,0,False
16,附件3_未对齐版本_16,E题数据/附件3-模态缺失特征样本/未对齐版本/附件3_未对齐版本_16.pkl,vision,interior_zero_candidate,2,3,1,0.002,0.004,0.006,0.714,2,2,1,False
16,附件3_未对齐版本_16,E题数据/附件3-模态缺失特征样本/未对齐版本/附件3_未对齐版本_16.pkl,vision,interior_zero_candidate,4,5,1,0.002,0.008,0.01,0.714,2,2,1,False
16,附件3_未对齐版本_16,E题数据/附件3-模态缺失特征样本/未对齐版本/附件3_未对齐版本_16.pkl,vision,interior_zero_candidate,7,8,1,0.002,0.014,0.016,0.714,2,2,1,False
16,附件3_未对齐版本_16,E题数据/附件3-模态缺失特征样本/未对齐版本/附件3_未对齐版本_16.pkl,vision,interior_zero_candidate,9,10,1,0.002,0.018,0.02,0.714,2,2,1,False
16,附件3_未对齐版本_16,E题数据/附件3-模态缺失特征样本/未对齐版本/附件3_未对齐版本_16.pkl,vision,interior_zero_candidate,13,14,1,0.002,0.026,0.028,0.714,2,2,1,False
16,附件3_未对齐版本_16,E题数据/附件3-模态缺失特征样本/未对齐版本/附件3_未对齐版本_16.pkl,vision,interior_zero_candidate,17,18,1,0.002,0.034,0.036,0.714,2,2,1,False
16,附件3_未对齐版本_16,E题数据/附件3-模态缺失特征样本/未对齐版本/附件3_未对齐版本_16.pkl,vision,interior_zero_candidate,25,26,1,0.002,0.05,0.052,0.714,2,2,1,False
16,附件3_未对齐版本_16,E题数据/附件3-模态缺失特征样本/未对齐版本/附件3_未对齐版本_16.pkl,vision,interior_zero_candidate,28,30,2,0.004,0.056,0.06,0.714,2,2,2,False
16,附件3_未对齐版本_16,E题数据/附件3-模态缺失特征样本/未对齐版本/附件3_未对齐版本_16.pkl,vision,interior_zero_candidate,35,36,1,0.002,0.07,0.072,0.714,2,2,1,False
16,附件3_未对齐版本_16,E题数据/附件3-模态缺失特征样本/未对齐版本/附件3_未对齐版本_16.pkl,vision,interior_zero_candidate,37,39,2,0.004,0.074,0.078,0.714,2,2,2,False
16,附件3_未对齐版本_16,E题数据/附件3-模态缺失特征样本/未对齐版本/附件3_未对齐版本_16.pkl,vision,interior_zero_candidate,41,42,1,0.002,0.082,0.084,0.714,2,2,1,False
16,附件3_未对齐版本_16,E题数据/附件3-模态缺失特征样本/未对齐版本/附件3_未对齐版本_16.pkl,vision,interior_zero_candidate,53,55,2,0.004,0.106,0.11,0.714,2,2,2,False
16,附件3_未对齐版本_16,E题数据/附件3-模态缺失特征样本/未对齐版本/附件3_未对齐版本_16.pkl,vision,interior_zero_candidate,92,95,3,0.006,0.184,0.19,0.714,2,2,3,False
16,附件3_未对齐版本_16,E题数据/附件3-模态缺失特征样本/未对齐版本/附件3_未对齐版本_16.pkl,vision,interior_zero_candidate,97,99,2,0.004,0.194,0.198,0.714,2,2,2,False
16,附件3_未对齐版本_16,E题数据/附件3-模态缺失特征样本/未对齐版本/附件3_未对齐版本_16.pkl,vision,interior_zero_candidate,101,102,1,0.002,0.202,0.204,0.714,2,2,1,False
16,附件3_未对齐版本_16,E题数据/附件3-模态缺失特征样本/未对齐版本/附件3_未对齐版本_16.pkl,vision,interior_zero_candidate,104,105,1,0.002,0.208,0.21,0.714,2,2,1,False
16,附件3_未对齐版本_16,E题数据/附件3-模态缺失特征样本/未对齐版本/附件3_未对齐版本_16.pkl,vision,interior_zero_candidate,118,119,1,0.002,0.236,0.238,0.714,2,2,1,False
16,附件3_未对齐版本_16,E题数据/附件3-模态缺失特征样本/未对齐版本/附件3_未对齐版本_16.pkl,vision,interior_zero_candidate,121,122,1,0.002,0.242,0.244,0.714,2,2,1,False
16,附件3_未对齐版本_16,E题数据/附件3-模态缺失特征样本/未对齐版本/附件3_未对齐版本_16.pkl,vision,interior_zero_candidate,127,128,1,0.002,0.254,0.256,0.714,2,2,1,False
16,附件3_未对齐版本_16,E题数据/附件3-模态缺失特征样本/未对齐版本/附件3_未对齐版本_16.pkl,vision,interior_zero_candidate,134,135,1,0.002,0.268,0.27,0.714,2,2,1,False
16,附件3_未对齐版本_16,E题数据/附件3-模态缺失特征样本/未对齐版本/附件3_未对齐版本_16.pkl,vision,interior_zero_candidate,140,141,1,0.002,0.28,0.282,0.714,2,2,1,False
16,附件3_未对齐版本_16,E题数据/附件3-模态缺失特征样本/未对齐版本/附件3_未对齐版本_16.pkl,vision,interior_zero_candidate,145,146,1,0.002,0.29,0.292,0.714,2,2,1,False
16,附件3_未对齐版本_16,E题数据/附件3-模态缺失特征样本/未对齐版本/附件3_未对齐版本_16.pkl,vision,interior_zero_candidate,157,158,1,0.002,0.314,0.316,0.714,2,2,1,False
16,附件3_未对齐版本_16,E题数据/附件3-模态缺失特征样本/未对齐版本/附件3_未对齐版本_16.pkl,vision,interior_zero_candidate,163,164,1,0.002,0.326,0.328,0.714,2,2,1,False
16,附件3_未对齐版本_16,E题数据/附件3-模态缺失特征样本/未对齐版本/附件3_未对齐版本_16.pkl,vision,interior_zero_candidate,169,170,1,0.002,0.338,0.34,0.714,2,2,1,False
16,附件3_未对齐版本_16,E题数据/附件3-模态缺失特征样本/未对齐版本/附件3_未对齐版本_16.pkl,vision,suffix_zero_ambiguous,175,500,325,0.65,0.35,1.0,0.714,2,2,0,False
17,附件3_未对齐版本_17,E题数据/附件3-模态缺失特征样本/未对齐版本/附件3_未对齐版本_17.pkl,vision,interior_zero_candidate,4,5,1,0.002,0.008,0.01,0.83,2,2,1,False
17,附件3_未对齐版本_17,E题数据/附件3-模态缺失特征样本/未对齐版本/附件3_未对齐版本_17.pkl,vision,interior_zero_candidate,6,11,5,0.01,0.012,0.022,0.83,2,2,5,False
17,附件3_未对齐版本_17,E题数据/附件3-模态缺失特征样本/未对齐版本/附件3_未对齐版本_17.pkl,vision,interior_zero_candidate,12,14,2,0.004,0.024,0.028,0.83,2,2,2,False
17,附件3_未对齐版本_17,E题数据/附件3-模态缺失特征样本/未对齐版本/附件3_未对齐版本_17.pkl,vision,interior_zero_candidate,16,18,2,0.004,0.032,0.036,0.83,2,2,2,False
17,附件3_未对齐版本_17,E题数据/附件3-模态缺失特征样本/未对齐版本/附件3_未对齐版本_17.pkl,vision,interior_zero_candidate,19,20,1,0.002,0.038,0.04,0.83,2,2,1,False
17,附件3_未对齐版本_17,E题数据/附件3-模态缺失特征样本/未对齐版本/附件3_未对齐版本_17.pkl,vision,interior_zero_candidate,23,24,1,0.002,0.046,0.048,0.83,2,2,1,False
17,附件3_未对齐版本_17,E题数据/附件3-模态缺失特征样本/未对齐版本/附件3_未对齐版本_17.pkl,vision,interior_zero_candidate,26,27,1,0.002,0.052,0.054,0.83,2,2,1,False
17,附件3_未对齐版本_17,E题数据/附件3-模态缺失特征样本/未对齐版本/附件3_未对齐版本_17.pkl,vision,interior_zero_candidate,31,32,1,0.002,0.062,0.064,0.83,2,2,1,False
17,附件3_未对齐版本_17,E题数据/附件3-模态缺失特征样本/未对齐版本/附件3_未对齐版本_17.pkl,vision,interior_zero_candidate,34,36,2,0.004,0.068,0.072,0.83,2,2,2,False
17,附件3_未对齐版本_17,E题数据/附件3-模态缺失特征样本/未对齐版本/附件3_未对齐版本_17.pkl,vision,interior_zero_candidate,38,39,1,0.002,0.076,0.078,0.83,2,2,1,False
17,附件3_未对齐版本_17,E题数据/附件3-模态缺失特征样本/未对齐版本/附件3_未对齐版本_17.pkl,vision,interior_zero_candidate,46,47,1,0.002,0.092,0.094,0.83,2,2,1,False
17,附件3_未对齐版本_17,E题数据/附件3-模态缺失特征样本/未对齐版本/附件3_未对齐版本_17.pkl,vision,interior_zero_candidate,50,51,1,0.002,0.1,0.102,0.83,2,2,1,False
17,附件3_未对齐版本_17,E题数据/附件3-模态缺失特征样本/未对齐版本/附件3_未对齐版本_17.pkl,vision,interior_zero_candidate,54,55,1,0.002,0.108,0.11,0.83,2,2,1,False
17,附件3_未对齐版本_17,E题数据/附件3-模态缺失特征样本/未对齐版本/附件3_未对齐版本_17.pkl,vision,interior_zero_candidate,67,69,2,0.004,0.134,0.138,0.83,2,2,2,False
17,附件3_未对齐版本_17,E题数据/附件3-模态缺失特征样本/未对齐版本/附件3_未对齐版本_17.pkl,vision,interior_zero_candidate,70,71,1,0.002,0.14,0.142,0.83,2,2,1,False
17,附件3_未对齐版本_17,E题数据/附件3-模态缺失特征样本/未对齐版本/附件3_未对齐版本_17.pkl,vision,interior_zero_candidate,72,73,1,0.002,0.144,0.146,0.83,2,2,1,False
17,附件3_未对齐版本_17,E题数据/附件3-模态缺失特征样本/未对齐版本/附件3_未对齐版本_17.pkl,vision,interior_zero_candidate,74,75,1,0.002,0.148,0.15,0.83,2,2,1,False
17,附件3_未对齐版本_17,E题数据/附件3-模态缺失特征样本/未对齐版本/附件3_未对齐版本_17.pkl,vision,interior_zero_candidate,77,79,2,0.004,0.154,0.158,0.83,2,2,2,False
17,附件3_未对齐版本_17,E题数据/附件3-模态缺失特征样本/未对齐版本/附件3_未对齐版本_17.pkl,vision,interior_zero_candidate,84,85,1,0.002,0.168,0.17,0.83,2,2,1,False
17,附件3_未对齐版本_17,E题数据/附件3-模态缺失特征样本/未对齐版本/附件3_未对齐版本_17.pkl,vision,interior_zero_candidate,88,90,2,0.004,0.176,0.18,0.83,2,2,2,False
17,附件3_未对齐版本_17,E题数据/附件3-模态缺失特征样本/未对齐版本/附件3_未对齐版本_17.pkl,vision,interior_zero_candidate,91,92,1,0.002,0.182,0.184,0.83,2,2,1,False
17,附件3_未对齐版本_17,E题数据/附件3-模态缺失特征样本/未对齐版本/附件3_未对齐版本_17.pkl,vision,interior_zero_candidate,101,102,1,0.002,0.202,0.204,0.83,2,2,1,False
17,附件3_未对齐版本_17,E题数据/附件3-模态缺失特征样本/未对齐版本/附件3_未对齐版本_17.pkl,vision,interior_zero_candidate,107,110,3,0.006,0.214,0.22,0.83,2,2,3,False
17,附件3_未对齐版本_17,E题数据/附件3-模态缺失特征样本/未对齐版本/附件3_未对齐版本_17.pkl,vision,interior_zero_candidate,112,113,1,0.002,0.224,0.226,0.83,2,2,1,False
17,附件3_未对齐版本_17,E题数据/附件3-模态缺失特征样本/未对齐版本/附件3_未对齐版本_17.pkl,vision,interior_zero_candidate,114,116,2,0.004,0.228,0.232,0.83,2,2,2,False
17,附件3_未对齐版本_17,E题数据/附件3-模态缺失特征样本/未对齐版本/附件3_未对齐版本_17.pkl,vision,interior_zero_candidate,121,122,1,0.002,0.242,0.244,0.83,2,2,1,False
17,附件3_未对齐版本_17,E题数据/附件3-模态缺失特征样本/未对齐版本/附件3_未对齐版本_17.pkl,vision,suffix_zero_ambiguous,124,500,376,0.752,0.248,1.0,0.83,2,2,0,False
18,附件3_未对齐版本_18,E题数据/附件3-模态缺失特征样本/未对齐版本/附件3_未对齐版本_18.pkl,vision,interior_zero_candidate,2,3,1,0.002,0.004,0.006,0.82,2,2,1,False
18,附件3_未对齐版本_18,E题数据/附件3-模态缺失特征样本/未对齐版本/附件3_未对齐版本_18.pkl,vision,interior_zero_candidate,8,9,1,0.002,0.016,0.018,0.82,2,2,1,False
18,附件3_未对齐版本_18,E题数据/附件3-模态缺失特征样本/未对齐版本/附件3_未对齐版本_18.pkl,vision,interior_zero_candidate,11,12,1,0.002,0.022,0.024,0.82,2,2,1,False
18,附件3_未对齐版本_18,E题数据/附件3-模态缺失特征样本/未对齐版本/附件3_未对齐版本_18.pkl,vision,interior_zero_candidate,23,24,1,0.002,0.046,0.048,0.82,2,2,1,False
18,附件3_未对齐版本_18,E题数据/附件3-模态缺失特征样本/未对齐版本/附件3_未对齐版本_18.pkl,vision,interior_zero_candidate,25,27,2,0.004,0.05,0.054,0.82,2,2,2,False
18,附件3_未对齐版本_18,E题数据/附件3-模态缺失特征样本/未对齐版本/附件3_未对齐版本_18.pkl,vision,interior_zero_candidate,36,37,1,0.002,0.072,0.074,0.82,2,2,1,False
18,附件3_未对齐版本_18,E题数据/附件3-模态缺失特征样本/未对齐版本/附件3_未对齐版本_18.pkl,vision,interior_zero_candidate,42,43,1,0.002,0.084,0.086,0.82,2,2,1,False
18,附件3_未对齐版本_18,E题数据/附件3-模态缺失特征样本/未对齐版本/附件3_未对齐版本_18.pkl,vision,interior_zero_candidate,46,47,1,0.002,0.092,0.094,0.82,2,2,1,False
18,附件3_未对齐版本_18,E题数据/附件3-模态缺失特征样本/未对齐版本/附件3_未对齐版本_18.pkl,vision,interior_zero_candidate,48,50,2,0.004,0.096,0.1,0.82,2,2,2,False
18,附件3_未对齐版本_18,E题数据/附件3-模态缺失特征样本/未对齐版本/附件3_未对齐版本_18.pkl,vision,interior_zero_candidate,63,64,1,0.002,0.126,0.128,0.82,2,2,1,False
18,附件3_未对齐版本_18,E题数据/附件3-模态缺失特征样本/未对齐版本/附件3_未对齐版本_18.pkl,vision,interior_zero_candidate,67,68,1,0.002,0.134,0.136,0.82,2,2,1,False
18,附件3_未对齐版本_18,E题数据/附件3-模态缺失特征样本/未对齐版本/附件3_未对齐版本_18.pkl,vision,interior_zero_candidate,73,74,1,0.002,0.146,0.148,0.82,2,2,1,False
18,附件3_未对齐版本_18,E题数据/附件3-模态缺失特征样本/未对齐版本/附件3_未对齐版本_18.pkl,vision,interior_zero_candidate,85,86,1,0.002,0.17,0.172,0.82,2,2,1,False
18,附件3_未对齐版本_18,E题数据/附件3-模态缺失特征样本/未对齐版本/附件3_未对齐版本_18.pkl,vision,interior_zero_candidate,89,90,1,0.002,0.178,0.18,0.82,2,2,1,False
18,附件3_未对齐版本_18,E题数据/附件3-模态缺失特征样本/未对齐版本/附件3_未对齐版本_18.pkl,vision,interior_zero_candidate,92,93,1,0.002,0.184,0.186,0.82,2,2,1,False
18,附件3_未对齐版本_18,E题数据/附件3-模态缺失特征样本/未对齐版本/附件3_未对齐版本_18.pkl,vision,interior_zero_candidate,99,100,1,0.002,0.198,0.2,0.82,2,2,1,False
18,附件3_未对齐版本_18,E题数据/附件3-模态缺失特征样本/未对齐版本/附件3_未对齐版本_18.pkl,vision,interior_zero_candidate,106,107,1,0.002,0.212,0.214,0.82,2,2,1,False
18,附件3_未对齐版本_18,E题数据/附件3-模态缺失特征样本/未对齐版本/附件3_未对齐版本_18.pkl,vision,interior_zero_candidate,108,109,1,0.002,0.216,0.218,0.82,2,2,1,False
18,附件3_未对齐版本_18,E题数据/附件3-模态缺失特征样本/未对齐版本/附件3_未对齐版本_18.pkl,vision,suffix_zero_ambiguous,110,500,390,0.78,0.22,1.0,0.82,2,2,0,False
19,附件3_未对齐版本_19,E题数据/附件3-模态缺失特征样本/未对齐版本/附件3_未对齐版本_19.pkl,vision,prefix_zero_ambiguous,0,1,1,0.002,0.0,0.002,0.82,2,2,0,False
19,附件3_未对齐版本_19,E题数据/附件3-模态缺失特征样本/未对齐版本/附件3_未对齐版本_19.pkl,vision,interior_zero_candidate,29,30,1,0.002,0.058,0.06,0.82,2,2,1,False
19,附件3_未对齐版本_19,E题数据/附件3-模态缺失特征样本/未对齐版本/附件3_未对齐版本_19.pkl,vision,interior_zero_candidate,32,33,1,0.002,0.064,0.066,0.82,2,2,1,False
19,附件3_未对齐版本_19,E题数据/附件3-模态缺失特征样本/未对齐版本/附件3_未对齐版本_19.pkl,vision,interior_zero_candidate,34,35,1,0.002,0.068,0.07,0.82,2,2,1,False
19,附件3_未对齐版本_19,E题数据/附件3-模态缺失特征样本/未对齐版本/附件3_未对齐版本_19.pkl,vision,interior_zero_candidate,46,47,1,0.002,0.092,0.094,0.82,2,2,1,False
19,附件3_未对齐版本_19,E题数据/附件3-模态缺失特征样本/未对齐版本/附件3_未对齐版本_19.pkl,vision,interior_zero_candidate,51,52,1,0.002,0.102,0.104,0.82,2,2,1,False
19,附件3_未对齐版本_19,E题数据/附件3-模态缺失特征样本/未对齐版本/附件3_未对齐版本_19.pkl,vision,interior_zero_candidate,57,58,1,0.002,0.114,0.116,0.82,2,2,1,False
19,附件3_未对齐版本_19,E题数据/附件3-模态缺失特征样本/未对齐版本/附件3_未对齐版本_19.pkl,vision,interior_zero_candidate,65,66,1,0.002,0.13,0.132,0.82,2,2,1,False
19,附件3_未对齐版本_19,E题数据/附件3-模态缺失特征样本/未对齐版本/附件3_未对齐版本_19.pkl,vision,interior_zero_candidate,70,73,3,0.006,0.14,0.146,0.82,2,2,3,False
19,附件3_未对齐版本_19,E题数据/附件3-模态缺失特征样本/未对齐版本/附件3_未对齐版本_19.pkl,vision,interior_zero_candidate,78,79,1,0.002,0.156,0.158,0.82,2,2,1,False
19,附件3_未对齐版本_19,E题数据/附件3-模态缺失特征样本/未对齐版本/附件3_未对齐版本_19.pkl,vision,interior_zero_candidate,80,81,1,0.002,0.16,0.162,0.82,2,2,1,False
19,附件3_未对齐版本_19,E题数据/附件3-模态缺失特征样本/未对齐版本/附件3_未对齐版本_19.pkl,vision,interior_zero_candidate,82,83,1,0.002,0.164,0.166,0.82,2,2,1,False
19,附件3_未对齐版本_19,E题数据/附件3-模态缺失特征样本/未对齐版本/附件3_未对齐版本_19.pkl,vision,interior_zero_candidate,88,89,1,0.002,0.176,0.178,0.82,2,2,1,False
19,附件3_未对齐版本_19,E题数据/附件3-模态缺失特征样本/未对齐版本/附件3_未对齐版本_19.pkl,vision,interior_zero_candidate,90,91,1,0.002,0.18,0.182,0.82,2,2,1,False
19,附件3_未对齐版本_19,E题数据/附件3-模态缺失特征样本/未对齐版本/附件3_未对齐版本_19.pkl,vision,interior_zero_candidate,93,95,2,0.004,0.186,0.19,0.82,2,2,2,False
19,附件3_未对齐版本_19,E题数据/附件3-模态缺失特征样本/未对齐版本/附件3_未对齐版本_19.pkl,vision,interior_zero_candidate,102,103,1,0.002,0.204,0.206,0.82,2,2,1,False
19,附件3_未对齐版本_19,E题数据/附件3-模态缺失特征样本/未对齐版本/附件3_未对齐版本_19.pkl,vision,interior_zero_candidate,106,107,1,0.002,0.212,0.214,0.82,2,2,1,False
19,附件3_未对齐版本_19,E题数据/附件3-模态缺失特征样本/未对齐版本/附件3_未对齐版本_19.pkl,vision,interior_zero_candidate,109,110,1,0.002,0.218,0.22,0.82,2,2,1,False
19,附件3_未对齐版本_19,E题数据/附件3-模态缺失特征样本/未对齐版本/附件3_未对齐版本_19.pkl,vision,suffix_zero_ambiguous,111,500,389,0.778,0.222,1.0,0.82,2,2,0,False
20,附件3_未对齐版本_20,E题数据/附件3-模态缺失特征样本/未对齐版本/附件3_未对齐版本_20.pkl,vision,interior_zero_candidate,2,3,1,0.002,0.004,0.006,0.638,2,2,1,False
20,附件3_未对齐版本_20,E题数据/附件3-模态缺失特征样本/未对齐版本/附件3_未对齐版本_20.pkl,vision,interior_zero_candidate,11,12,1,0.002,0.022,0.024,0.638,2,2,1,False
20,附件3_未对齐版本_20,E题数据/附件3-模态缺失特征样本/未对齐版本/附件3_未对齐版本_20.pkl,vision,interior_zero_candidate,14,15,1,0.002,0.028,0.03,0.638,2,2,1,False
20,附件3_未对齐版本_20,E题数据/附件3-模态缺失特征样本/未对齐版本/附件3_未对齐版本_20.pkl,vision,interior_zero_candidate,27,28,1,0.002,0.054,0.056,0.638,2,2,1,False
20,附件3_未对齐版本_20,E题数据/附件3-模态缺失特征样本/未对齐版本/附件3_未对齐版本_20.pkl,vision,interior_zero_candidate,29,30,1,0.002,0.058,0.06,0.638,2,2,1,False
20,附件3_未对齐版本_20,E题数据/附件3-模态缺失特征样本/未对齐版本/附件3_未对齐版本_20.pkl,vision,interior_zero_candidate,38,39,1,0.002,0.076,0.078,0.638,2,2,1,False
20,附件3_未对齐版本_20,E题数据/附件3-模态缺失特征样本/未对齐版本/附件3_未对齐版本_20.pkl,vision,interior_zero_candidate,43,51,8,0.016,0.086,0.102,0.638,2,2,8,False
20,附件3_未对齐版本_20,E题数据/附件3-模态缺失特征样本/未对齐版本/附件3_未对齐版本_20.pkl,vision,interior_zero_candidate,52,56,4,0.008,0.104,0.112,0.638,2,2,4,False
20,附件3_未对齐版本_20,E题数据/附件3-模态缺失特征样本/未对齐版本/附件3_未对齐版本_20.pkl,vision,interior_zero_candidate,57,58,1,0.002,0.114,0.116,0.638,2,2,1,False
20,附件3_未对齐版本_20,E题数据/附件3-模态缺失特征样本/未对齐版本/附件3_未对齐版本_20.pkl,vision,interior_zero_candidate,59,60,1,0.002,0.118,0.12,0.638,2,2,1,False
20,附件3_未对齐版本_20,E题数据/附件3-模态缺失特征样本/未对齐版本/附件3_未对齐版本_20.pkl,vision,interior_zero_candidate,70,71,1,0.002,0.14,0.142,0.638,2,2,1,False
20,附件3_未对齐版本_20,E题数据/附件3-模态缺失特征样本/未对齐版本/附件3_未对齐版本_20.pkl,vision,interior_zero_candidate,72,73,1,0.002,0.144,0.146,0.638,2,2,1,False
20,附件3_未对齐版本_20,E题数据/附件3-模态缺失特征样本/未对齐版本/附件3_未对齐版本_20.pkl,vision,interior_zero_candidate,74,75,1,0.002,0.148,0.15,0.638,2,2,1,False
20,附件3_未对齐版本_20,E题数据/附件3-模态缺失特征样本/未对齐版本/附件3_未对齐版本_20.pkl,vision,interior_zero_candidate,76,77,1,0.002,0.152,0.154,0.638,2,2,1,False
20,附件3_未对齐版本_20,E题数据/附件3-模态缺失特征样本/未对齐版本/附件3_未对齐版本_20.pkl,vision,interior_zero_candidate,87,90,3,0.006,0.174,0.18,0.638,2,2,3,False
20,附件3_未对齐版本_20,E题数据/附件3-模态缺失特征样本/未对齐版本/附件3_未对齐版本_20.pkl,vision,interior_zero_candidate,99,100,1,0.002,0.198,0.2,0.638,2,2,1,False
20,附件3_未对齐版本_20,E题数据/附件3-模态缺失特征样本/未对齐版本/附件3_未对齐版本_20.pkl,vision,interior_zero_candidate,103,104,1,0.002,0.206,0.208,0.638,2,2,1,False
20,附件3_未对齐版本_20,E题数据/附件3-模态缺失特征样本/未对齐版本/附件3_未对齐版本_20.pkl,vision,interior_zero_candidate,116,117,1,0.002,0.232,0.234,0.638,2,2,1,False
20,附件3_未对齐版本_20,E题数据/附件3-模态缺失特征样本/未对齐版本/附件3_未对齐版本_20.pkl,vision,interior_zero_candidate,120,121,1,0.002,0.24,0.242,0.638,2,2,1,False
20,附件3_未对齐版本_20,E题数据/附件3-模态缺失特征样本/未对齐版本/附件3_未对齐版本_20.pkl,vision,interior_zero_candidate,126,127,1,0.002,0.252,0.254,0.638,2,2,1,False
20,附件3_未对齐版本_20,E题数据/附件3-模态缺失特征样本/未对齐版本/附件3_未对齐版本_20.pkl,vision,interior_zero_candidate,131,132,1,0.002,0.262,0.264,0.638,2,2,1,False
20,附件3_未对齐版本_20,E题数据/附件3-模态缺失特征样本/未对齐版本/附件3_未对齐版本_20.pkl,vision,interior_zero_candidate,133,134,1,0.002,0.266,0.268,0.638,2,2,1,False
20,附件3_未对齐版本_20,E题数据/附件3-模态缺失特征样本/未对齐版本/附件3_未对齐版本_20.pkl,vision,interior_zero_candidate,137,138,1,0.002,0.274,0.276,0.638,2,2,1,False
20,附件3_未对齐版本_20,E题数据/附件3-模态缺失特征样本/未对齐版本/附件3_未对齐版本_20.pkl,vision,interior_zero_candidate,150,151,1,0.002,0.3,0.302,0.638,2,2,1,False
20,附件3_未对齐版本_20,E题数据/附件3-模态缺失特征样本/未对齐版本/附件3_未对齐版本_20.pkl,vision,interior_zero_candidate,155,156,1,0.002,0.31,0.312,0.638,2,2,1,False
20,附件3_未对齐版本_20,E题数据/附件3-模态缺失特征样本/未对齐版本/附件3_未对齐版本_20.pkl,vision,interior_zero_candidate,158,159,1,0.002,0.316,0.318,0.638,2,2,1,False
20,附件3_未对齐版本_20,E题数据/附件3-模态缺失特征样本/未对齐版本/附件3_未对齐版本_20.pkl,vision,interior_zero_candidate,163,164,1,0.002,0.326,0.328,0.638,2,2,1,False
20,附件3_未对齐版本_20,E题数据/附件3-模态缺失特征样本/未对齐版本/附件3_未对齐版本_20.pkl,vision,interior_zero_candidate,167,168,1,0.002,0.334,0.336,0.638,2,2,1,False
20,附件3_未对齐版本_20,E题数据/附件3-模态缺失特征样本/未对齐版本/附件3_未对齐版本_20.pkl,vision,interior_zero_candidate,169,170,1,0.002,0.338,0.34,0.638,2,2,1,False
20,附件3_未对齐版本_20,E题数据/附件3-模态缺失特征样本/未对齐版本/附件3_未对齐版本_20.pkl,vision,interior_zero_candidate,176,177,1,0.002,0.352,0.354,0.638,2,2,1,False
20,附件3_未对齐版本_20,E题数据/附件3-模态缺失特征样本/未对齐版本/附件3_未对齐版本_20.pkl,vision,interior_zero_candidate,196,197,1,0.002,0.392,0.394,0.638,2,2,1,False
20,附件3_未对齐版本_20,E题数据/附件3-模态缺失特征样本/未对齐版本/附件3_未对齐版本_20.pkl,vision,interior_zero_candidate,201,203,2,0.004,0.402,0.406,0.638,2,2,2,False
20,附件3_未对齐版本_20,E题数据/附件3-模态缺失特征样本/未对齐版本/附件3_未对齐版本_20.pkl,vision,interior_zero_candidate,205,206,1,0.002,0.41,0.412,0.638,2,2,1,False
20,附件3_未对齐版本_20,E题数据/附件3-模态缺失特征样本/未对齐版本/附件3_未对齐版本_20.pkl,vision,interior_zero_candidate,212,215,3,0.006,0.424,0.43,0.638,2,2,3,False
20,附件3_未对齐版本_20,E题数据/附件3-模态缺失特征样本/未对齐版本/附件3_未对齐版本_20.pkl,vision,interior_zero_candidate,217,218,1,0.002,0.434,0.436,0.638,2,2,1,False
20,附件3_未对齐版本_20,E题数据/附件3-模态缺失特征样本/未对齐版本/附件3_未对齐版本_20.pkl,vision,interior_zero_candidate,219,220,1,0.002,0.438,0.44,0.638,2,2,1,False
20,附件3_未对齐版本_20,E题数据/附件3-模态缺失特征样本/未对齐版本/附件3_未对齐版本_20.pkl,vision,interior_zero_candidate,230,231,1,0.002,0.46,0.462,0.638,2,2,1,False
20,附件3_未对齐版本_20,E题数据/附件3-模态缺失特征样本/未对齐版本/附件3_未对齐版本_20.pkl,vision,suffix_zero_ambiguous,233,500,267,0.534,0.466,1.0,0.638,2,2,0,False
21,附件3_未对齐版本_21,E题数据/附件3-模态缺失特征样本/未对齐版本/附件3_未对齐版本_21.pkl,vision,prefix_zero_ambiguous,0,1,1,0.002,0.0,0.002,0.93,2,2,0,False
21,附件3_未对齐版本_21,E题数据/附件3-模态缺失特征样本/未对齐版本/附件3_未对齐版本_21.pkl,vision,interior_zero_candidate,4,5,1,0.002,0.008,0.01,0.93,2,2,1,False
21,附件3_未对齐版本_21,E题数据/附件3-模态缺失特征样本/未对齐版本/附件3_未对齐版本_21.pkl,vision,interior_zero_candidate,6,7,1,0.002,0.012,0.014,0.93,2,2,1,False
21,附件3_未对齐版本_21,E题数据/附件3-模态缺失特征样本/未对齐版本/附件3_未对齐版本_21.pkl,vision,interior_zero_candidate,8,10,2,0.004,0.016,0.02,0.93,2,2,2,False
21,附件3_未对齐版本_21,E题数据/附件3-模态缺失特征样本/未对齐版本/附件3_未对齐版本_21.pkl,vision,interior_zero_candidate,13,15,2,0.004,0.026,0.03,0.93,2,2,2,False
21,附件3_未对齐版本_21,E题数据/附件3-模态缺失特征样本/未对齐版本/附件3_未对齐版本_21.pkl,vision,interior_zero_candidate,23,24,1,0.002,0.046,0.048,0.93,2,2,1,False
21,附件3_未对齐版本_21,E题数据/附件3-模态缺失特征样本/未对齐版本/附件3_未对齐版本_21.pkl,vision,interior_zero_candidate,28,29,1,0.002,0.056,0.058,0.93,2,2,1,False
21,附件3_未对齐版本_21,E题数据/附件3-模态缺失特征样本/未对齐版本/附件3_未对齐版本_21.pkl,vision,interior_zero_candidate,30,31,1,0.002,0.06,0.062,0.93,2,2,1,False
21,附件3_未对齐版本_21,E题数据/附件3-模态缺失特征样本/未对齐版本/附件3_未对齐版本_21.pkl,vision,interior_zero_candidate,33,37,4,0.008,0.066,0.074,0.93,2,2,4,False
21,附件3_未对齐版本_21,E题数据/附件3-模态缺失特征样本/未对齐版本/附件3_未对齐版本_21.pkl,vision,interior_zero_candidate,39,40,1,0.002,0.078,0.08,0.93,2,2,1,False
21,附件3_未对齐版本_21,E题数据/附件3-模态缺失特征样本/未对齐版本/附件3_未对齐版本_21.pkl,vision,interior_zero_candidate,42,43,1,0.002,0.084,0.086,0.93,2,2,1,False
21,附件3_未对齐版本_21,E题数据/附件3-模态缺失特征样本/未对齐版本/附件3_未对齐版本_21.pkl,vision,suffix_zero_ambiguous,51,500,449,0.898,0.102,1.0,0.93,2,2,0,False
22,附件3_未对齐版本_22,E题数据/附件3-模态缺失特征样本/未对齐版本/附件3_未对齐版本_22.pkl,vision,interior_zero_candidate,1,2,1,0.002,0.002,0.004,0.964,2,2,1,False
22,附件3_未对齐版本_22,E题数据/附件3-模态缺失特征样本/未对齐版本/附件3_未对齐版本_22.pkl,vision,interior_zero_candidate,4,8,4,0.008,0.008,0.016,0.964,2,2,4,False
22,附件3_未对齐版本_22,E题数据/附件3-模态缺失特征样本/未对齐版本/附件3_未对齐版本_22.pkl,vision,interior_zero_candidate,9,11,2,0.004,0.018,0.022,0.964,2,2,2,False
22,附件3_未对齐版本_22,E题数据/附件3-模态缺失特征样本/未对齐版本/附件3_未对齐版本_22.pkl,vision,interior_zero_candidate,12,15,3,0.006,0.024,0.03,0.964,2,2,3,False
22,附件3_未对齐版本_22,E题数据/附件3-模态缺失特征样本/未对齐版本/附件3_未对齐版本_22.pkl,vision,interior_zero_candidate,16,24,8,0.016,0.032,0.048,0.964,2,2,8,False
22,附件3_未对齐版本_22,E题数据/附件3-模态缺失特征样本/未对齐版本/附件3_未对齐版本_22.pkl,vision,interior_zero_candidate,25,27,2,0.004,0.05,0.054,0.964,2,2,2,False
22,附件3_未对齐版本_22,E题数据/附件3-模态缺失特征样本/未对齐版本/附件3_未对齐版本_22.pkl,vision,interior_zero_candidate,28,29,1,0.002,0.056,0.058,0.964,2,2,1,False
22,附件3_未对齐版本_22,E题数据/附件3-模态缺失特征样本/未对齐版本/附件3_未对齐版本_22.pkl,vision,interior_zero_candidate,30,31,1,0.002,0.06,0.062,0.964,2,2,1,False
22,附件3_未对齐版本_22,E题数据/附件3-模态缺失特征样本/未对齐版本/附件3_未对齐版本_22.pkl,vision,interior_zero_candidate,36,37,1,0.002,0.072,0.074,0.964,2,2,1,False
22,附件3_未对齐版本_22,E题数据/附件3-模态缺失特征样本/未对齐版本/附件3_未对齐版本_22.pkl,vision,suffix_zero_ambiguous,41,500,459,0.918,0.082,1.0,0.964,2,2,0,False
23,附件3_未对齐版本_23,E题数据/附件3-模态缺失特征样本/未对齐版本/附件3_未对齐版本_23.pkl,vision,prefix_zero_ambiguous,0,1,1,0.002,0.0,0.002,0.918,2,2,0,False
23,附件3_未对齐版本_23,E题数据/附件3-模态缺失特征样本/未对齐版本/附件3_未对齐版本_23.pkl,vision,interior_zero_candidate,2,3,1,0.002,0.004,0.006,0.918,2,2,1,False
23,附件3_未对齐版本_23,E题数据/附件3-模态缺失特征样本/未对齐版本/附件3_未对齐版本_23.pkl,vision,interior_zero_candidate,6,7,1,0.002,0.012,0.014,0.918,2,2,1,False
23,附件3_未对齐版本_23,E题数据/附件3-模态缺失特征样本/未对齐版本/附件3_未对齐版本_23.pkl,vision,interior_zero_candidate,9,10,1,0.002,0.018,0.02,0.918,2,2,1,False
23,附件3_未对齐版本_23,E题数据/附件3-模态缺失特征样本/未对齐版本/附件3_未对齐版本_23.pkl,vision,interior_zero_candidate,14,15,1,0.002,0.028,0.03,0.918,2,2,1,False
23,附件3_未对齐版本_23,E题数据/附件3-模态缺失特征样本/未对齐版本/附件3_未对齐版本_23.pkl,vision,interior_zero_candidate,21,22,1,0.002,0.042,0.044,0.918,2,2,1,False
23,附件3_未对齐版本_23,E题数据/附件3-模态缺失特征样本/未对齐版本/附件3_未对齐版本_23.pkl,vision,interior_zero_candidate,23,24,1,0.002,0.046,0.048,0.918,2,2,1,False
23,附件3_未对齐版本_23,E题数据/附件3-模态缺失特征样本/未对齐版本/附件3_未对齐版本_23.pkl,vision,interior_zero_candidate,25,26,1,0.002,0.05,0.052,0.918,2,2,1,False
23,附件3_未对齐版本_23,E题数据/附件3-模态缺失特征样本/未对齐版本/附件3_未对齐版本_23.pkl,vision,interior_zero_candidate,28,29,1,0.002,0.056,0.058,0.918,2,2,1,False
23,附件3_未对齐版本_23,E题数据/附件3-模态缺失特征样本/未对齐版本/附件3_未对齐版本_23.pkl,vision,interior_zero_candidate,32,33,1,0.002,0.064,0.066,0.918,2,2,1,False
23,附件3_未对齐版本_23,E题数据/附件3-模态缺失特征样本/未对齐版本/附件3_未对齐版本_23.pkl,vision,interior_zero_candidate,34,36,2,0.004,0.068,0.072,0.918,2,2,2,False
23,附件3_未对齐版本_23,E题数据/附件3-模态缺失特征样本/未对齐版本/附件3_未对齐版本_23.pkl,vision,interior_zero_candidate,40,42,2,0.004,0.08,0.084,0.918,2,2,2,False
23,附件3_未对齐版本_23,E题数据/附件3-模态缺失特征样本/未对齐版本/附件3_未对齐版本_23.pkl,vision,interior_zero_candidate,50,53,3,0.006,0.1,0.106,0.918,2,2,3,False
23,附件3_未对齐版本_23,E题数据/附件3-模态缺失特征样本/未对齐版本/附件3_未对齐版本_23.pkl,vision,suffix_zero_ambiguous,58,500,442,0.884,0.116,1.0,0.918,2,2,0,False
24,附件3_未对齐版本_24,E题数据/附件3-模态缺失特征样本/未对齐版本/附件3_未对齐版本_24.pkl,vision,interior_zero_candidate,3,5,2,0.004,0.006,0.01,0.928,2,2,2,False
24,附件3_未对齐版本_24,E题数据/附件3-模态缺失特征样本/未对齐版本/附件3_未对齐版本_24.pkl,vision,interior_zero_candidate,8,9,1,0.002,0.016,0.018,0.928,2,2,1,False
24,附件3_未对齐版本_24,E题数据/附件3-模态缺失特征样本/未对齐版本/附件3_未对齐版本_24.pkl,vision,interior_zero_candidate,15,16,1,0.002,0.03,0.032,0.928,2,2,1,False
24,附件3_未对齐版本_24,E题数据/附件3-模态缺失特征样本/未对齐版本/附件3_未对齐版本_24.pkl,vision,interior_zero_candidate,18,20,2,0.004,0.036,0.04,0.928,2,2,2,False
24,附件3_未对齐版本_24,E题数据/附件3-模态缺失特征样本/未对齐版本/附件3_未对齐版本_24.pkl,vision,interior_zero_candidate,21,22,1,0.002,0.042,0.044,0.928,2,2,1,False
24,附件3_未对齐版本_24,E题数据/附件3-模态缺失特征样本/未对齐版本/附件3_未对齐版本_24.pkl,vision,interior_zero_candidate,29,30,1,0.002,0.058,0.06,0.928,2,2,1,False
24,附件3_未对齐版本_24,E题数据/附件3-模态缺失特征样本/未对齐版本/附件3_未对齐版本_24.pkl,vision,interior_zero_candidate,33,34,1,0.002,0.066,0.068,0.928,2,2,1,False
24,附件3_未对齐版本_24,E题数据/附件3-模态缺失特征样本/未对齐版本/附件3_未对齐版本_24.pkl,vision,interior_zero_candidate,41,42,1,0.002,0.082,0.084,0.928,2,2,1,False
24,附件3_未对齐版本_24,E题数据/附件3-模态缺失特征样本/未对齐版本/附件3_未对齐版本_24.pkl,vision,interior_zero_candidate,43,44,1,0.002,0.086,0.088,0.928,2,2,1,False
24,附件3_未对齐版本_24,E题数据/附件3-模态缺失特征样本/未对齐版本/附件3_未对齐版本_24.pkl,vision,suffix_zero_ambiguous,47,500,453,0.906,0.094,1.0,0.928,2,2,0,False
25,附件3_未对齐版本_25,E题数据/附件3-模态缺失特征样本/未对齐版本/附件3_未对齐版本_25.pkl,vision,interior_zero_candidate,2,4,2,0.004,0.004,0.008,0.942,2,2,2,False
25,附件3_未对齐版本_25,E题数据/附件3-模态缺失特征样本/未对齐版本/附件3_未对齐版本_25.pkl,vision,interior_zero_candidate,6,8,2,0.004,0.012,0.016,0.942,2,2,2,False
25,附件3_未对齐版本_25,E题数据/附件3-模态缺失特征样本/未对齐版本/附件3_未对齐版本_25.pkl,vision,interior_zero_candidate,15,17,2,0.004,0.03,0.034,0.942,2,2,2,False
25,附件3_未对齐版本_25,E题数据/附件3-模态缺失特征样本/未对齐版本/附件3_未对齐版本_25.pkl,vision,interior_zero_candidate,24,26,2,0.004,0.048,0.052,0.942,2,2,2,False
25,附件3_未对齐版本_25,E题数据/附件3-模态缺失特征样本/未对齐版本/附件3_未对齐版本_25.pkl,vision,interior_zero_candidate,31,32,1,0.002,0.062,0.064,0.942,2,2,1,False
25,附件3_未对齐版本_25,E题数据/附件3-模态缺失特征样本/未对齐版本/附件3_未对齐版本_25.pkl,vision,interior_zero_candidate,33,34,1,0.002,0.066,0.068,0.942,2,2,1,False
25,附件3_未对齐版本_25,E题数据/附件3-模态缺失特征样本/未对齐版本/附件3_未对齐版本_25.pkl,vision,interior_zero_candidate,35,36,1,0.002,0.07,0.072,0.942,2,2,1,False
25,附件3_未对齐版本_25,E题数据/附件3-模态缺失特征样本/未对齐版本/附件3_未对齐版本_25.pkl,vision,suffix_zero_ambiguous,40,500,460,0.92,0.08,1.0,0.942,2,2,0,False
26,附件3_未对齐版本_26,E题数据/附件3-模态缺失特征样本/未对齐版本/附件3_未对齐版本_26.pkl,vision,interior_zero_candidate,5,7,2,0.004,0.01,0.014,0.798,2,2,2,False
26,附件3_未对齐版本_26,E题数据/附件3-模态缺失特征样本/未对齐版本/附件3_未对齐版本_26.pkl,vision,interior_zero_candidate,8,9,1,0.002,0.016,0.018,0.798,2,2,1,False
26,附件3_未对齐版本_26,E题数据/附件3-模态缺失特征样本/未对齐版本/附件3_未对齐版本_26.pkl,vision,interior_zero_candidate,10,12,2,0.004,0.02,0.024,0.798,2,2,2,False
26,附件3_未对齐版本_26,E题数据/附件3-模态缺失特征样本/未对齐版本/附件3_未对齐版本_26.pkl,vision,interior_zero_candidate,16,17,1,0.002,0.032,0.034,0.798,2,2,1,False
26,附件3_未对齐版本_26,E题数据/附件3-模态缺失特征样本/未对齐版本/附件3_未对齐版本_26.pkl,vision,interior_zero_candidate,18,19,1,0.002,0.036,0.038,0.798,2,2,1,False
26,附件3_未对齐版本_26,E题数据/附件3-模态缺失特征样本/未对齐版本/附件3_未对齐版本_26.pkl,vision,interior_zero_candidate,23,25,2,0.004,0.046,0.05,0.798,2,2,2,False
26,附件3_未对齐版本_26,E题数据/附件3-模态缺失特征样本/未对齐版本/附件3_未对齐版本_26.pkl,vision,interior_zero_candidate,27,32,5,0.01,0.054,0.064,0.798,2,2,5,False
26,附件3_未对齐版本_26,E题数据/附件3-模态缺失特征样本/未对齐版本/附件3_未对齐版本_26.pkl,vision,interior_zero_candidate,36,37,1,0.002,0.072,0.074,0.798,2,2,1,False
26,附件3_未对齐版本_26,E题数据/附件3-模态缺失特征样本/未对齐版本/附件3_未对齐版本_26.pkl,vision,interior_zero_candidate,38,41,3,0.006,0.076,0.082,0.798,2,2,3,False
26,附件3_未对齐版本_26,E题数据/附件3-模态缺失特征样本/未对齐版本/附件3_未对齐版本_26.pkl,vision,interior_zero_candidate,43,44,1,0.002,0.086,0.088,0.798,2,2,1,False
26,附件3_未对齐版本_26,E题数据/附件3-模态缺失特征样本/未对齐版本/附件3_未对齐版本_26.pkl,vision,interior_zero_candidate,59,60,1,0.002,0.118,0.12,0.798,2,2,1,False
26,附件3_未对齐版本_26,E题数据/附件3-模态缺失特征样本/未对齐版本/附件3_未对齐版本_26.pkl,vision,interior_zero_candidate,61,62,1,0.002,0.122,0.124,0.798,2,2,1,False
26,附件3_未对齐版本_26,E题数据/附件3-模态缺失特征样本/未对齐版本/附件3_未对齐版本_26.pkl,vision,interior_zero_candidate,63,64,1,0.002,0.126,0.128,0.798,2,2,1,False
26,附件3_未对齐版本_26,E题数据/附件3-模态缺失特征样本/未对齐版本/附件3_未对齐版本_26.pkl,vision,interior_zero_candidate,66,67,1,0.002,0.132,0.134,0.798,2,2,1,False
26,附件3_未对齐版本_26,E题数据/附件3-模态缺失特征样本/未对齐版本/附件3_未对齐版本_26.pkl,vision,interior_zero_candidate,73,74,1,0.002,0.146,0.148,0.798,2,2,1,False
26,附件3_未对齐版本_26,E题数据/附件3-模态缺失特征样本/未对齐版本/附件3_未对齐版本_26.pkl,vision,interior_zero_candidate,75,76,1,0.002,0.15,0.152,0.798,2,2,1,False
26,附件3_未对齐版本_26,E题数据/附件3-模态缺失特征样本/未对齐版本/附件3_未对齐版本_26.pkl,vision,interior_zero_candidate,84,85,1,0.002,0.168,0.17,0.798,2,2,1,False
26,附件3_未对齐版本_26,E题数据/附件3-模态缺失特征样本/未对齐版本/附件3_未对齐版本_26.pkl,vision,interior_zero_candidate,96,97,1,0.002,0.192,0.194,0.798,2,2,1,False
26,附件3_未对齐版本_26,E题数据/附件3-模态缺失特征样本/未对齐版本/附件3_未对齐版本_26.pkl,vision,interior_zero_candidate,98,99,1,0.002,0.196,0.198,0.798,2,2,1,False
26,附件3_未对齐版本_26,E题数据/附件3-模态缺失特征样本/未对齐版本/附件3_未对齐版本_26.pkl,vision,interior_zero_candidate,100,101,1,0.002,0.2,0.202,0.798,2,2,1,False
26,附件3_未对齐版本_26,E题数据/附件3-模态缺失特征样本/未对齐版本/附件3_未对齐版本_26.pkl,vision,interior_zero_candidate,102,103,1,0.002,0.204,0.206,0.798,2,2,1,False
26,附件3_未对齐版本_26,E题数据/附件3-模态缺失特征样本/未对齐版本/附件3_未对齐版本_26.pkl,vision,interior_zero_candidate,105,106,1,0.002,0.21,0.212,0.798,2,2,1,False
26,附件3_未对齐版本_26,E题数据/附件3-模态缺失特征样本/未对齐版本/附件3_未对齐版本_26.pkl,vision,interior_zero_candidate,107,108,1,0.002,0.214,0.216,0.798,2,2,1,False
26,附件3_未对齐版本_26,E题数据/附件3-模态缺失特征样本/未对齐版本/附件3_未对齐版本_26.pkl,vision,interior_zero_candidate,115,119,4,0.008,0.23,0.238,0.798,2,2,4,False
26,附件3_未对齐版本_26,E题数据/附件3-模态缺失特征样本/未对齐版本/附件3_未对齐版本_26.pkl,vision,interior_zero_candidate,121,122,1,0.002,0.242,0.244,0.798,2,2,1,False
26,附件3_未对齐版本_26,E题数据/附件3-模态缺失特征样本/未对齐版本/附件3_未对齐版本_26.pkl,vision,interior_zero_candidate,129,131,2,0.004,0.258,0.262,0.798,2,2,2,False
26,附件3_未对齐版本_26,E题数据/附件3-模态缺失特征样本/未对齐版本/附件3_未对齐版本_26.pkl,vision,interior_zero_candidate,136,137,1,0.002,0.272,0.274,0.798,2,2,1,False
26,附件3_未对齐版本_26,E题数据/附件3-模态缺失特征样本/未对齐版本/附件3_未对齐版本_26.pkl,vision,suffix_zero_ambiguous,141,500,359,0.718,0.282,1.0,0.798,2,2,0,False
27,附件3_未对齐版本_27,E题数据/附件3-模态缺失特征样本/未对齐版本/附件3_未对齐版本_27.pkl,vision,interior_zero_candidate,12,13,1,0.002,0.024,0.026,0.796,2,2,1,False
27,附件3_未对齐版本_27,E题数据/附件3-模态缺失特征样本/未对齐版本/附件3_未对齐版本_27.pkl,vision,interior_zero_candidate,16,18,2,0.004,0.032,0.036,0.796,2,2,2,False
27,附件3_未对齐版本_27,E题数据/附件3-模态缺失特征样本/未对齐版本/附件3_未对齐版本_27.pkl,vision,interior_zero_candidate,21,22,1,0.002,0.042,0.044,0.796,2,2,1,False
27,附件3_未对齐版本_27,E题数据/附件3-模态缺失特征样本/未对齐版本/附件3_未对齐版本_27.pkl,vision,interior_zero_candidate,23,24,1,0.002,0.046,0.048,0.796,2,2,1,False
27,附件3_未对齐版本_27,E题数据/附件3-模态缺失特征样本/未对齐版本/附件3_未对齐版本_27.pkl,vision,interior_zero_candidate,26,27,1,0.002,0.052,0.054,0.796,2,2,1,False
27,附件3_未对齐版本_27,E题数据/附件3-模态缺失特征样本/未对齐版本/附件3_未对齐版本_27.pkl,vision,interior_zero_candidate,29,30,1,0.002,0.058,0.06,0.796,2,2,1,False
27,附件3_未对齐版本_27,E题数据/附件3-模态缺失特征样本/未对齐版本/附件3_未对齐版本_27.pkl,vision,interior_zero_candidate,32,33,1,0.002,0.064,0.066,0.796,2,2,1,False
27,附件3_未对齐版本_27,E题数据/附件3-模态缺失特征样本/未对齐版本/附件3_未对齐版本_27.pkl,vision,interior_zero_candidate,34,36,2,0.004,0.068,0.072,0.796,2,2,2,False
27,附件3_未对齐版本_27,E题数据/附件3-模态缺失特征样本/未对齐版本/附件3_未对齐版本_27.pkl,vision,interior_zero_candidate,44,45,1,0.002,0.088,0.09,0.796,2,2,1,False
27,附件3_未对齐版本_27,E题数据/附件3-模态缺失特征样本/未对齐版本/附件3_未对齐版本_27.pkl,vision,interior_zero_candidate,50,51,1,0.002,0.1,0.102,0.796,2,2,1,False
27,附件3_未对齐版本_27,E题数据/附件3-模态缺失特征样本/未对齐版本/附件3_未对齐版本_27.pkl,vision,interior_zero_candidate,54,55,1,0.002,0.108,0.11,0.796,2,2,1,False
27,附件3_未对齐版本_27,E题数据/附件3-模态缺失特征样本/未对齐版本/附件3_未对齐版本_27.pkl,vision,interior_zero_candidate,56,57,1,0.002,0.112,0.114,0.796,2,2,1,False
27,附件3_未对齐版本_27,E题数据/附件3-模态缺失特征样本/未对齐版本/附件3_未对齐版本_27.pkl,vision,interior_zero_candidate,58,59,1,0.002,0.116,0.118,0.796,2,2,1,False
27,附件3_未对齐版本_27,E题数据/附件3-模态缺失特征样本/未对齐版本/附件3_未对齐版本_27.pkl,vision,interior_zero_candidate,62,63,1,0.002,0.124,0.126,0.796,2,2,1,False
27,附件3_未对齐版本_27,E题数据/附件3-模态缺失特征样本/未对齐版本/附件3_未对齐版本_27.pkl,vision,interior_zero_candidate,69,70,1,0.002,0.138,0.14,0.796,2,2,1,False
27,附件3_未对齐版本_27,E题数据/附件3-模态缺失特征样本/未对齐版本/附件3_未对齐版本_27.pkl,vision,interior_zero_candidate,76,77,1,0.002,0.152,0.154,0.796,2,2,1,False
27,附件3_未对齐版本_27,E题数据/附件3-模态缺失特征样本/未对齐版本/附件3_未对齐版本_27.pkl,vision,interior_zero_candidate,79,80,1,0.002,0.158,0.16,0.796,2,2,1,False
27,附件3_未对齐版本_27,E题数据/附件3-模态缺失特征样本/未对齐版本/附件3_未对齐版本_27.pkl,vision,interior_zero_candidate,84,85,1,0.002,0.168,0.17,0.796,2,2,1,False
27,附件3_未对齐版本_27,E题数据/附件3-模态缺失特征样本/未对齐版本/附件3_未对齐版本_27.pkl,vision,interior_zero_candidate,87,88,1,0.002,0.174,0.176,0.796,2,2,1,False
27,附件3_未对齐版本_27,E题数据/附件3-模态缺失特征样本/未对齐版本/附件3_未对齐版本_27.pkl,vision,interior_zero_candidate,89,90,1,0.002,0.178,0.18,0.796,2,2,1,False
27,附件3_未对齐版本_27,E题数据/附件3-模态缺失特征样本/未对齐版本/附件3_未对齐版本_27.pkl,vision,interior_zero_candidate,99,101,2,0.004,0.198,0.202,0.796,2,2,2,False
27,附件3_未对齐版本_27,E题数据/附件3-模态缺失特征样本/未对齐版本/附件3_未对齐版本_27.pkl,vision,interior_zero_candidate,103,105,2,0.004,0.206,0.21,0.796,2,2,2,False
27,附件3_未对齐版本_27,E题数据/附件3-模态缺失特征样本/未对齐版本/附件3_未对齐版本_27.pkl,vision,interior_zero_candidate,106,107,1,0.002,0.212,0.214,0.796,2,2,1,False
27,附件3_未对齐版本_27,E题数据/附件3-模态缺失特征样本/未对齐版本/附件3_未对齐版本_27.pkl,vision,interior_zero_candidate,110,111,1,0.002,0.22,0.222,0.796,2,2,1,False
27,附件3_未对齐版本_27,E题数据/附件3-模态缺失特征样本/未对齐版本/附件3_未对齐版本_27.pkl,vision,interior_zero_candidate,113,114,1,0.002,0.226,0.228,0.796,2,2,1,False
27,附件3_未对齐版本_27,E题数据/附件3-模态缺失特征样本/未对齐版本/附件3_未对齐版本_27.pkl,vision,interior_zero_candidate,123,125,2,0.004,0.246,0.25,0.796,2,2,2,False
27,附件3_未对齐版本_27,E题数据/附件3-模态缺失特征样本/未对齐版本/附件3_未对齐版本_27.pkl,vision,interior_zero_candidate,127,128,1,0.002,0.254,0.256,0.796,2,2,1,False
27,附件3_未对齐版本_27,E题数据/附件3-模态缺失特征样本/未对齐版本/附件3_未对齐版本_27.pkl,vision,interior_zero_candidate,129,130,1,0.002,0.258,0.26,0.796,2,2,1,False
27,附件3_未对齐版本_27,E题数据/附件3-模态缺失特征样本/未对齐版本/附件3_未对齐版本_27.pkl,vision,interior_zero_candidate,133,134,1,0.002,0.266,0.268,0.796,2,2,1,False
27,附件3_未对齐版本_27,E题数据/附件3-模态缺失特征样本/未对齐版本/附件3_未对齐版本_27.pkl,vision,suffix_zero_ambiguous,136,500,364,0.728,0.272,1.0,0.796,2,2,0,False
28,附件3_未对齐版本_28,E题数据/附件3-模态缺失特征样本/未对齐版本/附件3_未对齐版本_28.pkl,vision,interior_zero_candidate,3,4,1,0.002,0.006,0.008,0.816,2,2,1,False
28,附件3_未对齐版本_28,E题数据/附件3-模态缺失特征样本/未对齐版本/附件3_未对齐版本_28.pkl,vision,interior_zero_candidate,8,9,1,0.002,0.016,0.018,0.816,2,2,1,False
28,附件3_未对齐版本_28,E题数据/附件3-模态缺失特征样本/未对齐版本/附件3_未对齐版本_28.pkl,vision,interior_zero_candidate,14,15,1,0.002,0.028,0.03,0.816,2,2,1,False
28,附件3_未对齐版本_28,E题数据/附件3-模态缺失特征样本/未对齐版本/附件3_未对齐版本_28.pkl,vision,interior_zero_candidate,17,18,1,0.002,0.034,0.036,0.816,2,2,1,False
28,附件3_未对齐版本_28,E题数据/附件3-模态缺失特征样本/未对齐版本/附件3_未对齐版本_28.pkl,vision,interior_zero_candidate,23,25,2,0.004,0.046,0.05,0.816,2,2,2,False
28,附件3_未对齐版本_28,E题数据/附件3-模态缺失特征样本/未对齐版本/附件3_未对齐版本_28.pkl,vision,interior_zero_candidate,27,28,1,0.002,0.054,0.056,0.816,2,2,1,False
28,附件3_未对齐版本_28,E题数据/附件3-模态缺失特征样本/未对齐版本/附件3_未对齐版本_28.pkl,vision,interior_zero_candidate,34,35,1,0.002,0.068,0.07,0.816,2,2,1,False
28,附件3_未对齐版本_28,E题数据/附件3-模态缺失特征样本/未对齐版本/附件3_未对齐版本_28.pkl,vision,interior_zero_candidate,39,40,1,0.002,0.078,0.08,0.816,2,2,1,False
28,附件3_未对齐版本_28,E题数据/附件3-模态缺失特征样本/未对齐版本/附件3_未对齐版本_28.pkl,vision,interior_zero_candidate,52,53,1,0.002,0.104,0.106,0.816,2,2,1,False
28,附件3_未对齐版本_28,E题数据/附件3-模态缺失特征样本/未对齐版本/附件3_未对齐版本_28.pkl,vision,interior_zero_candidate,55,58,3,0.006,0.11,0.116,0.816,2,2,3,False
28,附件3_未对齐版本_28,E题数据/附件3-模态缺失特征样本/未对齐版本/附件3_未对齐版本_28.pkl,vision,interior_zero_candidate,59,61,2,0.004,0.118,0.122,0.816,2,2,2,False
28,附件3_未对齐版本_28,E题数据/附件3-模态缺失特征样本/未对齐版本/附件3_未对齐版本_28.pkl,vision,interior_zero_candidate,63,65,2,0.004,0.126,0.13,0.816,2,2,2,False
28,附件3_未对齐版本_28,E题数据/附件3-模态缺失特征样本/未对齐版本/附件3_未对齐版本_28.pkl,vision,interior_zero_candidate,66,68,2,0.004,0.132,0.136,0.816,2,2,2,False
28,附件3_未对齐版本_28,E题数据/附件3-模态缺失特征样本/未对齐版本/附件3_未对齐版本_28.pkl,vision,interior_zero_candidate,70,72,2,0.004,0.14,0.144,0.816,2,2,2,False
28,附件3_未对齐版本_28,E题数据/附件3-模态缺失特征样本/未对齐版本/附件3_未对齐版本_28.pkl,vision,interior_zero_candidate,75,76,1,0.002,0.15,0.152,0.816,2,2,1,False
28,附件3_未对齐版本_28,E题数据/附件3-模态缺失特征样本/未对齐版本/附件3_未对齐版本_28.pkl,vision,interior_zero_candidate,77,78,1,0.002,0.154,0.156,0.816,2,2,1,False
28,附件3_未对齐版本_28,E题数据/附件3-模态缺失特征样本/未对齐版本/附件3_未对齐版本_28.pkl,vision,interior_zero_candidate,79,80,1,0.002,0.158,0.16,0.816,2,2,1,False
28,附件3_未对齐版本_28,E题数据/附件3-模态缺失特征样本/未对齐版本/附件3_未对齐版本_28.pkl,vision,interior_zero_candidate,83,85,2,0.004,0.166,0.17,0.816,2,2,2,False
28,附件3_未对齐版本_28,E题数据/附件3-模态缺失特征样本/未对齐版本/附件3_未对齐版本_28.pkl,vision,interior_zero_candidate,88,89,1,0.002,0.176,0.178,0.816,2,2,1,False
28,附件3_未对齐版本_28,E题数据/附件3-模态缺失特征样本/未对齐版本/附件3_未对齐版本_28.pkl,vision,interior_zero_candidate,90,92,2,0.004,0.18,0.184,0.816,2,2,2,False
28,附件3_未对齐版本_28,E题数据/附件3-模态缺失特征样本/未对齐版本/附件3_未对齐版本_28.pkl,vision,interior_zero_candidate,96,97,1,0.002,0.192,0.194,0.816,2,2,1,False
28,附件3_未对齐版本_28,E题数据/附件3-模态缺失特征样本/未对齐版本/附件3_未对齐版本_28.pkl,vision,interior_zero_candidate,99,100,1,0.002,0.198,0.2,0.816,2,2,1,False
28,附件3_未对齐版本_28,E题数据/附件3-模态缺失特征样本/未对齐版本/附件3_未对齐版本_28.pkl,vision,interior_zero_candidate,104,105,1,0.002,0.208,0.21,0.816,2,2,1,False
28,附件3_未对齐版本_28,E题数据/附件3-模态缺失特征样本/未对齐版本/附件3_未对齐版本_28.pkl,vision,interior_zero_candidate,108,109,1,0.002,0.216,0.218,0.816,2,2,1,False
28,附件3_未对齐版本_28,E题数据/附件3-模态缺失特征样本/未对齐版本/附件3_未对齐版本_28.pkl,vision,interior_zero_candidate,111,112,1,0.002,0.222,0.224,0.816,2,2,1,False
28,附件3_未对齐版本_28,E题数据/附件3-模态缺失特征样本/未对齐版本/附件3_未对齐版本_28.pkl,vision,interior_zero_candidate,116,119,3,0.006,0.232,0.238,0.816,2,2,3,False
28,附件3_未对齐版本_28,E题数据/附件3-模态缺失特征样本/未对齐版本/附件3_未对齐版本_28.pkl,vision,interior_zero_candidate,122,123,1,0.002,0.244,0.246,0.816,2,2,1,False
28,附件3_未对齐版本_28,E题数据/附件3-模态缺失特征样本/未对齐版本/附件3_未对齐版本_28.pkl,vision,interior_zero_candidate,124,125,1,0.002,0.248,0.25,0.816,2,2,1,False
28,附件3_未对齐版本_28,E题数据/附件3-模态缺失特征样本/未对齐版本/附件3_未对齐版本_28.pkl,vision,interior_zero_candidate,126,127,1,0.002,0.252,0.254,0.816,2,2,1,False
28,附件3_未对齐版本_28,E题数据/附件3-模态缺失特征样本/未对齐版本/附件3_未对齐版本_28.pkl,vision,suffix_zero_ambiguous,132,500,368,0.736,0.264,1.0,0.816,2,2,0,False
29,附件3_未对齐版本_29,E题数据/附件3-模态缺失特征样本/未对齐版本/附件3_未对齐版本_29.pkl,vision,interior_zero_candidate,1,2,1,0.002,0.002,0.004,0.904,2,2,1,False
29,附件3_未对齐版本_29,E题数据/附件3-模态缺失特征样本/未对齐版本/附件3_未对齐版本_29.pkl,vision,interior_zero_candidate,5,6,1,0.002,0.01,0.012,0.904,2,2,1,False
29,附件3_未对齐版本_29,E题数据/附件3-模态缺失特征样本/未对齐版本/附件3_未对齐版本_29.pkl,vision,interior_zero_candidate,9,14,5,0.01,0.018,0.028,0.904,2,2,5,False
29,附件3_未对齐版本_29,E题数据/附件3-模态缺失特征样本/未对齐版本/附件3_未对齐版本_29.pkl,vision,interior_zero_candidate,15,17,2,0.004,0.03,0.034,0.904,2,2,2,False
29,附件3_未对齐版本_29,E题数据/附件3-模态缺失特征样本/未对齐版本/附件3_未对齐版本_29.pkl,vision,interior_zero_candidate,28,29,1,0.002,0.056,0.058,0.904,2,2,1,False
29,附件3_未对齐版本_29,E题数据/附件3-模态缺失特征样本/未对齐版本/附件3_未对齐版本_29.pkl,vision,interior_zero_candidate,35,36,1,0.002,0.07,0.072,0.904,2,2,1,False
29,附件3_未对齐版本_29,E题数据/附件3-模态缺失特征样本/未对齐版本/附件3_未对齐版本_29.pkl,vision,interior_zero_candidate,39,40,1,0.002,0.078,0.08,0.904,2,2,1,False
29,附件3_未对齐版本_29,E题数据/附件3-模态缺失特征样本/未对齐版本/附件3_未对齐版本_29.pkl,vision,interior_zero_candidate,44,45,1,0.002,0.088,0.09,0.904,2,2,1,False
29,附件3_未对齐版本_29,E题数据/附件3-模态缺失特征样本/未对齐版本/附件3_未对齐版本_29.pkl,vision,interior_zero_candidate,50,51,1,0.002,0.1,0.102,0.904,2,2,1,False
29,附件3_未对齐版本_29,E题数据/附件3-模态缺失特征样本/未对齐版本/附件3_未对齐版本_29.pkl,vision,interior_zero_candidate,52,53,1,0.002,0.104,0.106,0.904,2,2,1,False
29,附件3_未对齐版本_29,E题数据/附件3-模态缺失特征样本/未对齐版本/附件3_未对齐版本_29.pkl,vision,interior_zero_candidate,54,56,2,0.004,0.108,0.112,0.904,2,2,2,False
29,附件3_未对齐版本_29,E题数据/附件3-模态缺失特征样本/未对齐版本/附件3_未对齐版本_29.pkl,vision,interior_zero_candidate,59,60,1,0.002,0.118,0.12,0.904,2,2,1,False
29,附件3_未对齐版本_29,E题数据/附件3-模态缺失特征样本/未对齐版本/附件3_未对齐版本_29.pkl,vision,interior_zero_candidate,61,62,1,0.002,0.122,0.124,0.904,2,2,1,False
29,附件3_未对齐版本_29,E题数据/附件3-模态缺失特征样本/未对齐版本/附件3_未对齐版本_29.pkl,vision,interior_zero_candidate,66,67,1,0.002,0.132,0.134,0.904,2,2,1,False
29,附件3_未对齐版本_29,E题数据/附件3-模态缺失特征样本/未对齐版本/附件3_未对齐版本_29.pkl,vision,suffix_zero_ambiguous,68,500,432,0.864,0.136,1.0,0.904,2,2,0,False
30,附件3_未对齐版本_30,E题数据/附件3-模态缺失特征样本/未对齐版本/附件3_未对齐版本_30.pkl,vision,prefix_zero_ambiguous,0,2,2,0.004,0.0,0.004,0.902,2,2,0,False
30,附件3_未对齐版本_30,E题数据/附件3-模态缺失特征样本/未对齐版本/附件3_未对齐版本_30.pkl,vision,interior_zero_candidate,6,7,1,0.002,0.012,0.014,0.902,2,2,1,False
30,附件3_未对齐版本_30,E题数据/附件3-模态缺失特征样本/未对齐版本/附件3_未对齐版本_30.pkl,vision,interior_zero_candidate,13,14,1,0.002,0.026,0.028,0.902,2,2,1,False
30,附件3_未对齐版本_30,E题数据/附件3-模态缺失特征样本/未对齐版本/附件3_未对齐版本_30.pkl,vision,interior_zero_candidate,16,17,1,0.002,0.032,0.034,0.902,2,2,1,False
30,附件3_未对齐版本_30,E题数据/附件3-模态缺失特征样本/未对齐版本/附件3_未对齐版本_30.pkl,vision,interior_zero_candidate,21,23,2,0.004,0.042,0.046,0.902,2,2,2,False
30,附件3_未对齐版本_30,E题数据/附件3-模态缺失特征样本/未对齐版本/附件3_未对齐版本_30.pkl,vision,interior_zero_candidate,27,29,2,0.004,0.054,0.058,0.902,2,2,2,False
30,附件3_未对齐版本_30,E题数据/附件3-模态缺失特征样本/未对齐版本/附件3_未对齐版本_30.pkl,vision,interior_zero_candidate,35,36,1,0.002,0.07,0.072,0.902,2,2,1,False
30,附件3_未对齐版本_30,E题数据/附件3-模态缺失特征样本/未对齐版本/附件3_未对齐版本_30.pkl,vision,interior_zero_candidate,37,41,4,0.008,0.074,0.082,0.902,2,2,4,False
30,附件3_未对齐版本_30,E题数据/附件3-模态缺失特征样本/未对齐版本/附件3_未对齐版本_30.pkl,vision,interior_zero_candidate,44,45,1,0.002,0.088,0.09,0.902,2,2,1,False
30,附件3_未对齐版本_30,E题数据/附件3-模态缺失特征样本/未对齐版本/附件3_未对齐版本_30.pkl,vision,interior_zero_candidate,48,50,2,0.004,0.096,0.1,0.902,2,2,2,False
30,附件3_未对齐版本_30,E题数据/附件3-模态缺失特征样本/未对齐版本/附件3_未对齐版本_30.pkl,vision,interior_zero_candidate,52,55,3,0.006,0.104,0.11,0.902,2,2,3,False
30,附件3_未对齐版本_30,E题数据/附件3-模态缺失特征样本/未对齐版本/附件3_未对齐版本_30.pkl,vision,interior_zero_candidate,60,61,1,0.002,0.12,0.122,0.902,2,2,1,False
30,附件3_未对齐版本_30,E题数据/附件3-模态缺失特征样本/未对齐版本/附件3_未对齐版本_30.pkl,vision,interior_zero_candidate,66,69,3,0.006,0.132,0.138,0.902,2,2,3,False
30,附件3_未对齐版本_30,E题数据/附件3-模态缺失特征样本/未对齐版本/附件3_未对齐版本_30.pkl,vision,interior_zero_candidate,70,71,1,0.002,0.14,0.142,0.902,2,2,1,False
30,附件3_未对齐版本_30,E题数据/附件3-模态缺失特征样本/未对齐版本/附件3_未对齐版本_30.pkl,vision,suffix_zero_ambiguous,74,500,426,0.852,0.148,1.0,0.902,2,2,0,False
